movie    [ 8.32607218e-01 -2.02589231e-01 -1.01865484e-01 -2.66146124e-01
  2.42268853e-01  5.11906630e-02  1.22221634e-01  4.91412621e-02
  8.89997422e-02  1.17440259e-01  4.20611833e-02  1.15278389e-01
 -4.59610712e-02  9.00206169e-02 -2.94406971e-02  3.70984150e-02
  3.08520250e-03 -7.39389193e-03 -3.30452660e-02  5.72456532e-02
 -4.02947961e-02 -4.13567340e-02 -2.36264181e-02 -2.23574520e-02
 -7.52029789e-03  8.22510056e-03  1.81124075e-02  1.13424095e-02
  3.34444459e-02  1.08976043e-02 -2.72207897e-02 -6.52379471e-02
 -8.73186112e-03  3.38805971e-02 -5.51161025e-04  1.11220909e-02
 -4.86879644e-02  1.50803696e-03  3.59148881e-02 -1.25691933e-02
 -1.39056276e-02  3.21495462e-02 -3.87549425e-03  7.58068232e-03
 -3.16940020e-02 -2.60740581e-02 -3.62671256e-03 -7.48090426e-04
  2.06722770e-02 -1.56547822e-02]
film    [ 8.59125940e-01 -1.96743743e-01  3.90275836e-02 -1.39643948e-01
  2.55938437e-01 -4.93833022e-02  1.86213096e-01  8.65437359e-02
  9.55544109e-02  7.98623386e-02 -8.66274826e-03  9.43545588e-02
 -9.19075545e-02  9.28092528e-02 -2.04657615e-02  1.76466164e-02
 -1.28037167e-02 -1.53518211e-02 -3.09818549e-02  6.39846861e-02
 -2.43623690e-02 -1.49873969e-02  4.71090056e-03 -8.48352553e-03
 -1.78443697e-03 -3.61574114e-03  3.04671008e-02  1.19539854e-03
  2.67040120e-02  9.22743935e-03 -2.61197536e-02 -4.81019781e-02
 -2.42051681e-02  3.42460076e-02 -1.01641846e-02  3.04159441e-04
 -5.12820031e-02  9.85623371e-03  1.60517371e-02  6.06449441e-03
 -1.86618595e-02  1.90670218e-02  4.38095846e-03  5.56063853e-03
 -1.68936899e-02 -3.41786170e-02  1.41699377e-02 -2.44743902e-03
  2.24963237e-02 -2.07563483e-02]
one    [ 9.42802698e-01  8.20568782e-02 -6.06648051e-02  1.60561408e-02
  5.38113896e-02  1.43326166e-02 -5.05373631e-02  2.87607847e-04
  8.29466408e-02  1.43695777e-02  5.40309725e-02  1.51972306e-02
  6.59697151e-03  3.78480125e-02  1.52806444e-02  1.37011457e-02
  5.94337917e-03  3.14319308e-02  3.51963549e-03 -1.57935264e-02
 -5.29558344e-03 -2.37782160e-02 -3.02121939e-02 -2.72069551e-02
 -4.39614871e-02 -4.33751470e-03 -3.15972384e-02 -2.56346026e-02
  3.92713297e-02  2.27120397e-02  1.71471009e-02  4.38878233e-02
 -5.58767766e-03  9.16203601e-02  4.35949713e-03 -3.77140301e-02
 -2.27344471e-02 -2.16715678e-03  8.04990972e-03 -3.58736263e-02
  3.80348740e-02  9.72688523e-03 -2.72136712e-02  2.27276673e-02
 -3.16956964e-02 -8.53957496e-03  4.44393069e-02  1.88698307e-02
  2.40554200e-03 -2.52298242e-04]
make    [ 9.00887915e-01  2.93653243e-01 -9.51576855e-02 -1.00548523e-02
 -6.98287490e-02 -1.23386394e-02 -9.01596280e-02 -5.32747273e-02
 -2.73514926e-02  1.00796274e-02 -4.92378258e-02 -4.31413563e-02
  1.87120738e-02 -7.02586542e-02  2.34760366e-02  1.23452023e-02
  1.99800414e-02  4.64626216e-02  2.17142425e-02  8.43941908e-03
  2.20389947e-02  5.07709851e-03 -2.41928298e-02  6.97934734e-03
 -3.54064327e-03 -3.72122653e-02 -4.34189695e-02 -3.82428170e-02
 -1.61929467e-02 -9.94191290e-03  9.14088411e-03  2.69345192e-02
  1.28283811e-02  1.43047002e-02 -4.05510217e-03 -4.42477481e-04
 -2.20551725e-04  9.19913760e-03  1.24170266e-02  2.29899437e-02
 -2.75031447e-02  2.28551995e-02 -2.12601337e-02 -1.72815541e-03
 -1.86801950e-02  6.00897229e-03 -7.28808133e-03  2.14532599e-02
  1.37950635e-02  9.32417461e-03]
like    [ 0.86350396  0.13825709 -0.12133452 -0.10601834 -0.03601033  0.01791175
 -0.04511015 -0.04323831 -0.02585196  0.0817359   0.00090778 -0.11830122
  0.00841774  0.0137362  -0.03811012 -0.02211207  0.0391671  -0.09557433
 -0.05191138  0.0645059   0.06135672  0.06754278  0.0488199   0.06718819
 -0.03798194 -0.0842292   0.0358565  -0.08185306 -0.00278089 -0.07724654
  0.016966    0.09575333 -0.03066811 -0.03425114 -0.01225732  0.03474493
 -0.04163439 -0.00286566 -0.05015396  0.03581885 -0.04919158  0.01666533
 -0.06238134 -0.06309434 -0.01252167  0.05841979  0.06637131  0.04217072
 -0.01472224 -0.05900462]
see    [ 8.78858410e-01  1.92239911e-01 -2.24999456e-01  2.12617667e-03
 -4.03477968e-02 -1.65631047e-02 -9.55704053e-02 -9.47450412e-02
  3.48400188e-02 -9.73673287e-03 -3.04709167e-02 -2.07215274e-02
  4.83354673e-02 -3.72540005e-02  2.28775784e-02  4.05119264e-03
  9.65114645e-04  4.86027519e-02  7.46241703e-03 -1.66030885e-02
  2.17134584e-02 -1.84692018e-03 -5.26001687e-02 -2.40337559e-02
 -3.95322471e-02  2.60125213e-02 -3.72974243e-03 -2.44292958e-02
  6.75558641e-02  5.84258648e-03  7.48606307e-03  2.12249153e-02
 -1.27408913e-02  7.07159137e-03  1.06640189e-02 -5.04413119e-02
 -1.89653956e-02 -2.61174344e-02 -2.26855896e-02  1.93979274e-02
 -2.23194119e-02 -8.14873730e-05  1.43906818e-02 -4.84977021e-03
 -1.93518824e-02  1.75749100e-02 -1.00405042e-02  1.55040069e-02
  8.43208663e-03  4.28239533e-02]
get    [ 9.12868108e-01 -1.20350539e-01 -1.25729621e-01 -9.76672561e-02
 -5.92496383e-02  2.89314656e-02  1.06106031e-02 -8.09571276e-02
  9.80247054e-02 -4.19425472e-02 -1.07930887e-01  5.54599955e-03
  1.51280193e-02 -2.65566373e-02 -4.33312550e-02  1.57633469e-03
  1.92313827e-02 -4.37859963e-05 -4.02655676e-02 -1.44707781e-02
  3.85501701e-03 -4.06735912e-04 -3.35167053e-02 -2.37269112e-03
  8.16595862e-02  2.93467503e-02 -4.36623695e-03 -8.26182526e-02
 -4.38349161e-02 -2.10263193e-02 -6.19288507e-02 -2.42299524e-02
  2.87801361e-03  5.49967797e-02 -1.43149058e-02 -1.27414375e-02
 -1.15621819e-02 -3.66264110e-03 -1.91389782e-02  2.51221911e-03
 -2.33327321e-02  1.72794985e-02  2.62727911e-02 -1.92027033e-03
 -4.58193558e-03 -4.20036960e-02  1.65372103e-02 -9.40036847e-03
  8.23602549e-03  7.87144517e-03]
would    [ 0.87984089 -0.02884    -0.14263889 -0.13696796  0.1185437  -0.04284757
 -0.01641432 -0.03538848 -0.06399592  0.09607162 -0.00433284 -0.03193786
 -0.05860385  0.11308268  0.00402978 -0.01710204 -0.04049288  0.02076868
  0.00122981 -0.00419396 -0.09410599 -0.02027477 -0.00916042  0.02773547
 -0.02872936 -0.04761384 -0.03652554  0.0285708  -0.02534935  0.02840044
  0.0142161  -0.00330781 -0.05891631  0.03862907 -0.00393999  0.02027295
  0.01179514  0.02819391  0.00801621  0.01437635  0.01096539 -0.03084519
  0.02904832 -0.01598127  0.02489691 -0.04275246 -0.03917693  0.06986071
  0.00939046  0.02124285]
time    [ 8.37463021e-01 -2.29033933e-02 -1.75884783e-01  2.48723411e-02
  9.02943611e-02  5.53268061e-02  9.77806761e-02 -7.16017057e-03
  5.74222756e-02  1.11446184e-02 -1.43243286e-03  9.49112888e-02
  9.93407929e-02  9.21181553e-02  2.30714110e-02  4.87343109e-02
  9.20770992e-03  5.34427147e-03 -4.63296471e-02 -2.31804632e-02
  1.65557187e-02 -5.40309483e-02  9.85812607e-02  3.41174477e-03
  1.22356795e-01 -2.52734413e-02  3.78065380e-02  1.08755123e-02
  4.88868959e-02 -1.35317550e-02  1.84147837e-02  7.12689574e-04
 -7.09551595e-03  2.82881541e-02 -4.90275549e-02 -5.58679102e-02
 -3.01048745e-04 -1.42013046e-02 -1.96804233e-02  1.55995746e-02
 -2.30295915e-02  4.50733943e-02  2.12602308e-02 -2.41902307e-02
 -5.88886105e-02 -3.59541305e-02 -6.29814155e-03  1.06767981e-02
  3.57289505e-04  1.47324639e-02]
good    [ 0.90674517  0.2253893  -0.01209365 -0.13528968  0.01161788  0.09530264
 -0.06909901  0.00277535 -0.01810584 -0.04907466  0.05724485 -0.02987216
  0.04765054 -0.06412304 -0.05162593 -0.00171728 -0.02597717 -0.07260517
 -0.02458522  0.02862632 -0.01739301  0.03053623 -0.00594751  0.05081373
  0.01049526 -0.03851676  0.00678685 -0.0264201  -0.01021718 -0.0127915
  0.00674587  0.03546531  0.02306692  0.02505049  0.01903457  0.02063756
 -0.05725994 -0.01378053 -0.05336947  0.01719194  0.00724129  0.01503079
 -0.01420555  0.02714778  0.0273032   0.00472755  0.00451049 -0.00515053
 -0.03310562  0.00252605]
character    [ 8.15130649e-01 -7.92807092e-02  1.94686103e-01 -6.82646234e-02
  2.55103285e-02  3.59980204e-02  3.11708200e-02 -3.67008353e-02
  2.56797918e-02  2.05487644e-02  4.44680126e-02  8.00879765e-02
 -3.99457604e-02  6.40234752e-03  5.78320834e-04 -3.08777531e-02
 -4.73932705e-02 -3.83049948e-04  4.99380309e-02 -4.97309466e-02
  1.24562360e-02  4.21846488e-02  4.24298940e-02  1.64309685e-02
  3.78305327e-02 -3.79494280e-02  3.38296659e-02  4.54459545e-02
 -1.97779299e-02  8.10345731e-06  2.55086593e-02  7.37078188e-02
 -4.94999021e-03  1.44094331e-02  5.13473107e-02  1.67051855e-02
  7.66868526e-02  1.93601294e-02 -1.80422691e-02 -1.74930866e-02
 -2.50168768e-02  2.37875338e-02  8.73528112e-02 -5.91622759e-02
 -3.74760261e-02  2.46542007e-02  3.91354302e-02 -2.61699436e-03
 -3.01255111e-02  3.71620426e-02]
nt    [ 0.77500912 -0.06162866 -0.17892799 -0.22939611  0.01910084  0.01893383
  0.04232901 -0.06824516  0.00645521 -0.04508911 -0.09771265 -0.0617922
 -0.01360446  0.02903943 -0.01363546  0.01814342 -0.06649613 -0.01388676
  0.00328617 -0.07689669 -0.01208087  0.0337245  -0.01986064 -0.06601055
  0.04659478 -0.06660635 -0.09442021 -0.00086006  0.03821838  0.04778711
 -0.02274221  0.01924205  0.03360946  0.1992407   0.05791814  0.04903684
  0.14233633 -0.02089204  0.18003544  0.05308246 -0.04006193 -0.01137633
 -0.0910378   0.07960591  0.05028711 -0.03507805 -0.0666364   0.02739277
 -0.03058666  0.04384007]
go    [ 0.91629729 -0.0931675  -0.1971942  -0.08767921 -0.04306377 -0.01323994
  0.00745448 -0.04634163 -0.00190938 -0.03839721 -0.01565765  0.00437153
 -0.00094866  0.08078926 -0.04271817 -0.01774401  0.00162084 -0.02805746
 -0.03822324  0.0203896  -0.02745144 -0.00861744 -0.05909559 -0.02365992
  0.01147512 -0.03502745 -0.01223644 -0.05869453 -0.00489424  0.0075245
 -0.01480364 -0.01559873 -0.02654277  0.0692848   0.00629198  0.02502005
  0.04441914 -0.03064079 -0.0151155   0.00172153 -0.03395924 -0.0048493
  0.0432774  -0.00851359  0.01052136 -0.02087381 -0.01109707 -0.01407297
 -0.01639489 -0.01421033]
watch    [ 8.75516025e-01  2.33280780e-01 -2.93885567e-01 -1.81209788e-02
 -3.71364104e-02  4.73287937e-02 -8.14648899e-02 -6.63198957e-02
 -5.66708334e-03  4.28478324e-02  9.14929667e-03 -1.51875291e-02
  1.16661754e-01 -4.52324167e-02  9.08602658e-03  1.68280770e-02
  6.38881894e-03  8.56386643e-02  4.24079439e-02 -2.07260963e-02
  2.28334619e-02 -1.79309156e-02  2.60572155e-03  7.43829292e-03
  2.49921503e-02  1.19925100e-02 -1.85718066e-02 -1.99023333e-03
  2.02749392e-04 -3.52615124e-03  2.99458949e-02  2.89719233e-02
  4.74023596e-03 -2.17175327e-02  1.92375141e-02 -3.76445050e-02
  3.10058303e-03  3.53601491e-03 -1.32038623e-02  1.08430117e-02
  5.71622718e-03 -9.93861275e-03 -4.55641740e-03 -5.20094853e-03
 -1.26863339e-03  4.37770724e-03 -1.05251553e-02  1.71443910e-02
 -1.08525091e-02  2.71811786e-02]
story    [ 0.81800995 -0.08551128  0.19114633 -0.11302788  0.00687829  0.06366021
  0.06758524 -0.04944855 -0.0336714   0.00306191 -0.04246252  0.16459856
 -0.05513244 -0.02362555 -0.01463847  0.06337205  0.02902801  0.03863886
 -0.0142612  -0.00685091 -0.04478161 -0.02867245  0.01666003  0.0069745
  0.0130404   0.02177606 -0.04626167 -0.01857074  0.02325218  0.03436524
  0.04651957 -0.02931562 -0.03389109 -0.01849011 -0.00729486 -0.05753067
  0.06346744  0.01333012 -0.02440076  0.01476594  0.008717   -0.03083099
 -0.0377697  -0.00798164  0.07818093  0.00700437 -0.03515586  0.01161545
 -0.02178434 -0.02484041]
even    [ 0.85893142  0.01145546 -0.08882346 -0.15441268  0.01121049  0.03181945
  0.06781118 -0.01203399  0.04382607 -0.02736604 -0.01812124 -0.02324246
 -0.01825599 -0.02107737 -0.03435446  0.02338349 -0.02503234  0.02941559
 -0.03668943 -0.05956129  0.00317686  0.00121134 -0.02025441  0.01017797
  0.01320745  0.04221249  0.02355402 -0.01478536 -0.01568318 -0.01572221
 -0.00938354  0.01867427  0.0549305  -0.04440141  0.03095131 -0.02104333
  0.00655728  0.02213146  0.01724629 -0.0095573   0.0106448  -0.01891238
  0.01573211 -0.01536205  0.03397753  0.03232355  0.02163744 -0.02772925
 -0.00755697 -0.01977982]
really    [ 9.09333284e-01  7.56543294e-02 -8.09474990e-02 -2.49957587e-01
  3.83621647e-02  7.25992801e-02 -3.77131759e-02 -1.72367993e-02
 -8.20506700e-03  3.33362442e-02 -5.87698153e-02 -1.61067339e-02
 -4.06386692e-02 -2.01625151e-02  5.28001897e-04  7.85455994e-02
 -2.69097436e-02  5.84207461e-02 -2.73286653e-02 -5.86965321e-02
 -7.38270750e-02 -1.86283809e-02 -6.68356080e-02  1.91174909e-02
  3.70805450e-02 -1.82689119e-03 -1.26398640e-02 -3.33395891e-02
  1.65974186e-03 -2.24354969e-02  2.64826914e-03  4.98293304e-02
  4.43337601e-02 -1.36482336e-02  6.53526074e-02 -8.46109390e-03
 -1.25016136e-02 -1.94112866e-02 -9.85189372e-03  3.67409689e-02
 -6.79255054e-03 -7.29375450e-03 -3.37951452e-03 -6.05559120e-03
  1.26766500e-02  2.30644221e-02  1.04765205e-02 -2.89886022e-02
  1.44338936e-02 -1.16659243e-02]
think    [ 8.96819709e-01  5.23207494e-02 -1.85869109e-01 -2.02420562e-01
  1.97458737e-02 -3.20227193e-02  5.18946364e-02 -1.27653104e-01
  1.15736796e-01 -2.94944600e-02 -7.69604022e-02 -5.04680821e-02
 -5.34321693e-02 -8.29779768e-02 -4.08398203e-02 -4.53276229e-02
  4.33338325e-02  4.22908158e-03  4.80363292e-02  2.80895857e-02
  6.55465136e-02 -5.60473758e-02 -3.92533470e-02  1.39159001e-02
 -3.05280862e-02  4.87162525e-02  6.30261600e-02 -2.43916538e-02
  3.64492392e-02 -2.11509149e-02  3.27185143e-02  4.32460675e-02
  3.31574654e-02 -6.11216290e-02  2.15345012e-02 -4.18023741e-03
 -3.59887486e-02  1.71586639e-03 -3.95898634e-02  1.19850840e-02
  1.90462666e-02 -1.06558777e-02  2.24175675e-02 -1.07415950e-02
 -1.77153451e-02  5.62356768e-03 -6.83742020e-05 -4.19182547e-03
 -3.12004114e-02 -2.76010069e-03]
well    [ 9.34541524e-01  6.86658948e-02  4.55232241e-02 -1.04768380e-01
  3.90278960e-02 -3.60940017e-04  4.99062868e-02 -3.61886785e-02
 -5.82951829e-03 -8.09643974e-02 -1.69316480e-02 -4.82778526e-02
 -5.03575252e-03  3.02376258e-02 -5.91757259e-02 -3.22064851e-02
 -3.82825308e-02 -9.62868154e-03 -1.08279539e-02 -3.44714518e-03
  3.15273260e-02  1.20375424e-02 -5.55526679e-03 -4.99684435e-03
  1.37310990e-02 -3.28022057e-02  8.65801192e-05  1.54912952e-02
 -2.02803155e-02 -1.97671204e-03  1.34077421e-02  3.65503712e-02
 -4.99858822e-02  2.03642686e-02  3.95377961e-03  6.16117049e-03
  5.59378859e-02  2.64876241e-02  6.60808067e-02  5.07750561e-02
 -1.46331599e-02 -3.56159614e-02  3.82005472e-03  2.34021601e-03
  2.08417111e-02 -2.13381840e-03 -3.11065395e-02  1.82694620e-02
 -1.66030207e-02  2.35695289e-02]
show    [ 9.19818287e-01 -7.29002939e-02 -1.65902947e-02 -2.68163484e-02
  6.20209766e-02  1.76015184e-02  2.81687276e-02 -3.78889956e-02
  5.56601612e-02  6.96415285e-02 -4.55590158e-02  3.23199347e-02
  2.77324971e-02  3.75161672e-02  4.33024864e-02  3.91388294e-02
  9.99412458e-02  2.72432799e-02  4.33203224e-02  4.19371921e-02
 -2.90871504e-02 -5.52219563e-03 -4.44327274e-02 -5.28082141e-02
  8.21704553e-02  4.00972801e-02 -3.23897870e-02  5.44461195e-02
  5.57663005e-03 -7.19761836e-02 -1.92922179e-02  1.45672995e-03
 -1.80426838e-03  7.05515963e-04 -3.18327954e-03  6.46657763e-03
 -7.26659548e-02  1.19801493e-02 -6.38089080e-03  2.28686131e-02
  3.55292320e-03  1.25189108e-02 -2.89692443e-02  2.16293891e-02
 -3.59177731e-03  2.22116309e-02 -1.64007375e-03 -2.15955179e-02
  2.04606735e-02 -1.91917658e-02]
scene    [ 0.84824758 -0.05448267  0.06652324  0.02661219  0.02812472  0.0254468
 -0.08204056  0.18648951  0.25183317  0.07645028  0.06730591  0.05351786
 -0.07699663  0.04230209  0.02733523  0.03742409  0.04578117  0.02126115
 -0.02963756  0.01168509  0.02639791  0.03509888  0.05524463  0.01328838
  0.03131406 -0.0189108   0.00830753  0.02879435  0.03388777  0.00814939
  0.00217063 -0.01761505 -0.02333696  0.0228532  -0.00963461 -0.05278205
  0.02429612  0.03476337 -0.01866508  0.01941476 -0.01108605  0.03117128
  0.0362036  -0.02032553 -0.01192388  0.00427617  0.00401609  0.02938059
  0.01347501  0.02955298]
much    [ 0.86977746  0.06572711 -0.06032407 -0.14394394  0.00265094  0.00570975
  0.06148981 -0.04437817 -0.04500847  0.06435214 -0.11316087 -0.05370178
 -0.01021908  0.03028974 -0.01114392 -0.01817938 -0.07919359  0.03426823
  0.04820668 -0.0241796   0.00623656  0.00236454  0.03726416  0.0555328
  0.01879308  0.01655192 -0.00538301  0.04083696 -0.01646897 -0.00828671
 -0.01605261  0.04610541 -0.01207163  0.00879962  0.00682294 -0.04381846
  0.02155997  0.01843238  0.01612279  0.03709244  0.03596364 -0.05623057
  0.05693552 -0.00909759  0.05293026  0.00679316  0.0331658  -0.01014241
  0.01526873 -0.00578327]
look    [ 0.68498903 -0.07281493  0.03317356 -0.20123118  0.20439739  0.02888276
 -0.11003575  0.12373328 -0.13180234  0.36653032 -0.16630981 -0.11822471
 -0.05458915 -0.01162978  0.15880272 -0.05108958 -0.1319334   0.14368512
  0.07357893  0.0926414  -0.07114579 -0.11798391 -0.03324786  0.08463445
  0.01433244  0.00229983 -0.04399891  0.11645083 -0.01803537  0.01924951
  0.05076609  0.03692585  0.044739    0.00349307  0.02105488 -0.06292648
 -0.03430448 -0.08671456  0.00449115  0.00550187  0.01419261  0.01494838
  0.04494913 -0.03835023  0.03385141 -0.0525787  -0.01197474 -0.03663087
 -0.0147318   0.03753527]
say    [ 0.89644195  0.05931205 -0.15998158 -0.13517239 -0.00665334 -0.032203
 -0.03652646 -0.11111548  0.09897605  0.02150198 -0.15400908 -0.04924015
 -0.07892683 -0.03189708  0.0339572  -0.05221656 -0.00783909  0.02949228
  0.04665841  0.05206122  0.00742914 -0.0662964  -0.00785594 -0.00272076
 -0.06205124 -0.02576243 -0.00816254  0.0367481   0.01571539 -0.00111251
  0.02368863  0.05412771 -0.05373601 -0.052466    0.01062403  0.01223721
 -0.02701525 -0.00899494 -0.04061203  0.02591744  0.02816289  0.00132806
  0.00349899  0.00764765 -0.00617158  0.0185149  -0.0114577  -0.01152942
  0.00730569 -0.03227948]
could    [ 7.65780083e-01 -2.20089712e-02 -1.31057599e-01 -2.29322526e-01
  3.42817248e-03 -3.31998313e-02  1.08912140e-01 -8.37848589e-02
  7.74143065e-02 -7.06056096e-02 -7.34718695e-02 -2.80783050e-02
 -5.84764373e-02 -1.14425104e-02 -7.43289789e-02  3.06318188e-02
 -4.10688783e-02  2.27141208e-02 -9.25702411e-02 -2.21640534e-01
 -3.52478775e-02  8.34288521e-02 -3.80015052e-02  9.28744133e-02
  1.41993845e-01  1.84450897e-01  6.93180469e-02 -8.61658023e-02
 -1.22196712e-02 -5.69773265e-02 -3.84192889e-02  2.95745369e-02
  8.19292504e-02 -6.34193045e-02  3.03116849e-02 -9.19590537e-02
  4.18974402e-05  7.22996367e-03  4.69768083e-02 -2.73174368e-02
  4.03657322e-02 -6.72738702e-02  1.13393621e-01 -8.26951500e-02
  1.23299026e-02  1.53017093e-02  6.05491079e-02 -3.09326497e-02
 -3.82549654e-02 -2.31734735e-02]
people    [ 8.64484285e-01 -1.63952035e-01 -1.36735767e-01 -1.54804795e-01
  4.67528312e-02 -7.67378918e-02  7.78380351e-03 -2.30136158e-02
 -8.08187897e-02  1.34324455e-01 -2.56018584e-02 -2.70889221e-02
 -3.50617728e-02  4.73033582e-02  3.05385805e-06  2.05304551e-02
  4.75225927e-03 -1.68205323e-02  1.70218427e-03 -6.82222427e-02
 -1.14100932e-01 -5.72861093e-03 -4.18319772e-03  3.15158990e-03
  2.25145714e-02 -3.68243179e-02  1.00164238e-02  3.85759806e-02
 -3.15156893e-02  5.48225267e-02  5.82669789e-02  2.43771984e-02
 -3.16851369e-03  4.23934633e-02  5.83541825e-02 -1.81839947e-02
  6.88949670e-02  3.46634007e-02 -4.09059267e-02 -2.07229689e-02
 -8.07393627e-03  1.51770356e-02  4.15618826e-02 -3.76039073e-03
 -9.90326368e-03 -3.33247922e-02  4.55524667e-02  2.54813938e-02
 -3.34136376e-02 -1.14209840e-03]
end    [ 9.29547938e-01  1.21530859e-01 -9.33960416e-02 -2.31937381e-02
 -9.33410115e-02 -1.17961814e-03 -4.00583870e-02  6.32609948e-02
 -3.55098698e-02 -4.46988396e-02  2.71312661e-02  2.44011826e-03
 -4.75084725e-02  3.23890995e-02 -4.44457093e-02 -1.96937763e-02
  2.55156707e-02  9.86833665e-02 -4.03718072e-04  2.99529783e-02
 -2.30410003e-03  7.57001681e-03 -1.50550616e-02  1.72375567e-03
 -3.31385020e-03  1.62932095e-02 -3.35199874e-02  1.77974642e-03
 -8.01727564e-03  3.33016527e-02  2.90971872e-02  6.30086613e-02
  2.12723095e-02  2.44360089e-02 -7.62998238e-03  1.76396787e-02
  1.66668993e-02  4.40508039e-03 -2.27130785e-03  4.76760241e-03
  9.92462873e-03 -2.82019499e-02  5.24293788e-03  1.90871761e-02
 -5.09565199e-03  1.84478928e-02  2.06412160e-03  1.47924051e-02
  7.61304547e-03  8.16325407e-03]
know    [ 0.80094107 -0.07347132 -0.15829912 -0.20694736 -0.07562891 -0.0394828
  0.03987073 -0.17549752  0.11488325 -0.04110552 -0.1881     -0.06342023
 -0.08659801 -0.04264252 -0.03700234 -0.02026565 -0.03656857  0.02244861
 -0.04189626 -0.13791636 -0.01998424  0.05223832 -0.05652871  0.04832813
  0.11100864  0.19247442  0.09674655 -0.04824475  0.03591916 -0.05579239
 -0.0136179   0.02981106  0.02525463 -0.07304543  0.02360762 -0.07714028
 -0.06992626  0.00928701 -0.00499812 -0.01730477  0.01464641 -0.06241101
  0.08753858 -0.04906815  0.00729184  0.03740531  0.05088646 -0.00117484
 -0.01079916 -0.00369714]
bad    [ 0.80803673  0.2260667  -0.10209838 -0.25728613 -0.00739372  0.16563945
 -0.11527216  0.02215559 -0.00189792 -0.04603648  0.03964315 -0.01711568
  0.02129314 -0.16249442 -0.00613479  0.04954428 -0.00273096 -0.01099355
 -0.14467221 -0.04692649 -0.06529699 -0.01903209  0.00297076 -0.06927232
 -0.01849248 -0.0406707   0.00430336 -0.03210612  0.02619726 -0.01588771
 -0.03203625 -0.00375075  0.06692256  0.02692219  0.05299561  0.03615392
 -0.03942027 -0.03422007 -0.05520255 -0.01487417 -0.01061736  0.02769657
 -0.00255658  0.00688357 -0.02463804  0.01866792 -0.01481141 -0.0513475
 -0.0018347  -0.01696071]
also    [ 9.53423456e-01  5.27691323e-02  1.02179311e-01 -1.79566136e-02
  1.00232287e-01  6.42062632e-03 -4.22132256e-02  3.13455803e-02
 -1.99554504e-02 -8.94958855e-03 -6.96057448e-04  1.13823617e-02
  3.18711198e-03  5.26565381e-02 -3.74130204e-02  5.67519064e-02
  5.64738077e-03  1.98242733e-02  1.26229600e-02  1.44294589e-02
 -6.20384449e-02 -2.25678509e-02 -4.54462118e-02  5.15970106e-03
 -1.87081654e-02 -3.47445509e-02 -8.41042581e-03 -2.51346726e-02
 -1.21410423e-02 -1.24535333e-02  3.57546663e-02  2.11297526e-02
 -2.54038584e-02 -2.49532652e-02  1.23929430e-02  1.60844922e-02
  9.80767968e-03  2.14680752e-02 -1.09812252e-02  2.94683378e-02
  4.29566672e-03  9.70197992e-03 -1.07435165e-02  2.39325646e-02
  1.61439684e-02 -2.71766471e-02 -6.03894317e-03 -1.89061484e-02
 -5.80990544e-04 -1.34961427e-02]
great    [ 0.90475973  0.28058435  0.03965824 -0.02055782  0.05553826  0.01456108
 -0.07913376 -0.0449207  -0.02302856 -0.02642385  0.12325845 -0.02882175
  0.0943246   0.00323959 -0.0429591  -0.04831837  0.02695609 -0.06792714
  0.02170339  0.03962471 -0.01864059  0.01410775 -0.05133902  0.05240257
  0.03531747 -0.003507   -0.0057245  -0.00185521  0.0338824  -0.01630057
  0.00597421  0.00221942  0.00871313 -0.01562439  0.0154092  -0.0149574
  0.00296013 -0.0120738  -0.0353432   0.02878033  0.00231625  0.01318431
  0.01503519  0.01561376  0.02382265  0.00483596 -0.02357031  0.02152447
 -0.05276784  0.00117102]
first    [ 8.46044242e-01  1.63443303e-01 -1.98192553e-01  2.03796804e-01
  4.73679866e-02  8.98821905e-02  4.71869323e-02  2.17704364e-02
  5.14794517e-02  4.75945634e-02  2.69420250e-05  3.57668887e-02
  1.65535802e-01  8.14381373e-02 -3.80174237e-02  4.47019802e-02
 -9.62988463e-02  4.34958559e-02 -1.96097888e-02 -1.26749648e-02
 -2.30947939e-03 -3.03575237e-02  4.08997594e-02 -1.22547804e-02
  2.69381888e-02 -3.55517935e-02 -2.52628967e-02 -1.45420547e-02
  1.38269379e-02  7.65085333e-02  4.55162021e-03  5.63660782e-02
 -2.88444909e-03 -3.44390903e-02  1.45363467e-02  4.27572590e-02
  1.77523277e-02  3.38716978e-02 -2.01519757e-03  1.16463312e-02
  2.43453574e-02 -5.57655310e-03  7.18644203e-03  3.20409683e-03
  1.74100080e-02 -2.44542538e-03  3.12260185e-02  1.62629829e-02
 -1.10342920e-02  5.08358330e-03]
give    [ 8.49089935e-01  1.72475265e-01 -5.46650396e-03  3.65039176e-02
 -1.49185101e-03  2.93504109e-02 -4.20804584e-02 -1.46240236e-01
  1.11494842e-01 -1.04317773e-01 -6.09688160e-02 -2.76017471e-02
  2.02735483e-02 -6.27151364e-02  1.45442162e-02 -5.49751761e-02
  7.62530856e-02  2.93910892e-03  9.26020001e-02  6.85048620e-02
 -2.77474047e-02 -4.73761028e-02  9.81770697e-03  2.93141459e-02
 -1.85860997e-02 -5.77646228e-03 -3.68533447e-02 -3.96339176e-02
 -5.06291810e-02 -1.16186753e-02 -7.72754341e-02  3.13113184e-02
 -3.50751823e-03  6.05564335e-03 -3.69742363e-02  6.66691428e-04
 -3.45180274e-02 -4.18321096e-02 -9.73818398e-02 -9.98541548e-03
  1.57664678e-02  3.03705750e-02 -4.94905288e-04 -3.06776421e-02
  1.79624670e-02  1.77284459e-02 -1.74981463e-02 -1.52514690e-02
  1.09745588e-02 -6.37841169e-02]
way    [ 9.41586558e-01 -6.03000042e-02  1.05237232e-02 -6.90986892e-02
 -3.64026556e-02 -4.81739699e-02  6.93545337e-02  3.31778231e-02
 -3.12126323e-02 -4.09543951e-02  2.15140364e-02  4.86475260e-02
 -2.87778178e-02 -1.35129644e-02  2.68872135e-02  1.45461530e-02
  7.15931323e-03  2.36555108e-02 -3.95173836e-02  1.34581133e-02
 -2.10335625e-02  1.27826684e-02 -2.64173064e-02  1.11527989e-02
 -2.49874264e-03 -3.06472971e-02 -3.27039141e-02  5.23431998e-03
 -1.50980065e-02 -7.16036879e-03  3.09430690e-02  4.45257161e-02
 -3.79627368e-02  4.28275215e-02 -4.38085313e-03 -5.18439186e-03
  2.88239894e-02  2.15940158e-02 -4.02148872e-04 -1.75164885e-02
  1.62614831e-02  4.42626692e-02 -1.55858761e-02 -4.57576027e-02
 -4.96816049e-03 -1.59824572e-02 -4.58718571e-03 -9.61256588e-03
  1.77029700e-02 -4.17330514e-02]
take    [ 7.91487525e-01 -8.17025982e-03 -5.31782276e-02  9.43868359e-02
 -1.12892333e-01  7.86547563e-03  4.06311133e-02 -2.14591128e-02
  3.46897183e-02 -2.65865234e-03 -1.07968611e-01  2.08813446e-02
  1.17367978e-01 -3.49084847e-02 -1.69823536e-02 -4.04116922e-02
 -2.21606804e-02 -1.19256474e-02  2.69875826e-02  2.66749372e-02
  1.60905171e-02 -2.42175937e-02 -2.00037266e-02  1.90744082e-02
 -2.57274389e-05 -4.05617517e-02 -6.82883906e-03 -6.31871115e-02
 -3.42917790e-02  2.44292585e-03 -1.91375263e-02 -1.17425468e-02
 -1.78153044e-02  4.25485543e-02 -8.03862815e-03  5.78656110e-03
  2.82450964e-02 -4.45714419e-02 -4.07764640e-02 -2.08704430e-02
 -1.52801651e-02 -1.49677771e-02  7.94117221e-03 -1.82168777e-02
 -7.50518928e-04  1.72946927e-02  3.72707650e-02 -1.29651578e-02
 -5.23930047e-02 -4.55695330e-02]
play    [ 7.36894568e-01 -9.40011759e-02  2.98107121e-01  1.69166237e-02
  5.84582558e-02  1.12354244e-01 -5.00319891e-02 -2.28178530e-01
  8.63782181e-02  5.33362643e-02  1.93414544e-02 -1.75524990e-01
  6.93100666e-02  1.86272050e-03  3.00935672e-02  8.27715287e-03
 -4.61116734e-02  7.08145806e-02 -1.62567747e-02  7.40139093e-02
  5.98021369e-02 -2.56242089e-02 -4.58807748e-02 -9.97929841e-03
 -1.90177330e-02  3.90671968e-02  2.71775824e-02 -5.19786020e-03
 -1.68168622e-02 -1.76307804e-02  1.95433926e-02  5.92305740e-03
  6.03960248e-03  5.41476298e-02 -6.46470644e-02  3.10221552e-02
 -2.04105563e-03  8.49210368e-02  1.75268792e-02 -2.81820745e-02
  4.36306604e-03 -6.35200704e-04  3.83934008e-02  8.43505150e-03
  8.46258888e-02 -6.90308846e-04 -2.58536911e-04 -1.48515635e-02
  4.05016336e-03  9.03440526e-03]
come    [ 0.8627674  -0.02215319 -0.0962946   0.07781073 -0.05480813  0.02508639
 -0.02410607 -0.0377396   0.01853234  0.01730558 -0.05590303  0.02796046
  0.01211104  0.00232391 -0.02737249 -0.03946201  0.04889956  0.03182568
 -0.02438966  0.09048529 -0.02327175  0.01771141 -0.04830239 -0.05435101
  0.03394849 -0.0231648  -0.03016698 -0.05130491 -0.05542209 -0.03052302
  0.02671382 -0.03941208  0.00193986  0.08477223 -0.02123139 -0.0274164
  0.01778634 -0.07661027 -0.03318443 -0.03001792 -0.05837194  0.02714296
  0.02594037 -0.05826541  0.04430722 -0.00885082 -0.016185   -0.0400174
 -0.03172811  0.01477356]
love    [ 0.8682119   0.03958518 -0.05977516 -0.01841731 -0.12394666  0.05437953
 -0.07665349 -0.11309077 -0.04798418  0.0839841   0.08182578  0.08937224
 -0.01352674 -0.01137898 -0.11669314  0.00976391  0.03592112 -0.08935429
  0.09356772  0.01299402  0.00697807 -0.04335142 -0.00508871 -0.02908948
 -0.00458061  0.03074382 -0.00507633 -0.00745315  0.0893385   0.0069955
  0.05157381  0.01489946 -0.05002286 -0.04699299  0.05176789 -0.02116197
  0.00100446 -0.02085719 -0.06036139  0.0107099   0.03876862 -0.03442998
 -0.03709032 -0.01228679  0.02179494  0.00801187 -0.03925291  0.01114846
  0.04547395 -0.05445288]
find    [ 9.25497009e-01  2.37262191e-02 -8.13400479e-02  2.46047849e-02
 -1.31888576e-01 -1.25433816e-02 -3.70176928e-02 -9.66339078e-02
  5.93714947e-02 -1.18065511e-02 -7.88534517e-02  1.44322018e-02
  4.55863979e-03 -6.36407538e-02 -3.40060675e-02  1.86361311e-02
  9.85984773e-03  3.15725436e-03 -7.77930507e-04  3.28534328e-02
  4.79260167e-02 -1.02369235e-02 -1.65538549e-02  3.20513354e-02
  9.56491135e-03  2.52554311e-03 -8.49118619e-02 -9.96190919e-03
 -4.85232582e-02  1.37464394e-02  2.78942503e-02 -1.44754201e-02
 -8.82271830e-03  2.98726844e-02 -7.45641547e-03 -3.30563074e-04
 -5.85007152e-02  5.01913095e-02  3.46473449e-02  2.86306504e-02
  3.33407786e-02  5.76505368e-02 -4.12967553e-02  2.08604839e-02
  1.34606819e-04 -1.64339136e-02 -2.33865808e-02 -2.94691700e-02
  1.64148730e-02 -8.03039834e-03]
thing    [ 8.67390492e-01 -6.12141572e-02 -9.49672953e-02 -1.64505149e-01
  1.11248869e-01 -1.30142118e-02 -5.37109894e-02  2.94852404e-02
  1.77677402e-01  5.68873023e-02  4.68959051e-02  1.27289540e-01
 -7.50309620e-02 -5.48858462e-02  1.17501043e-01  5.67127963e-02
 -3.26574324e-02  2.49844017e-02 -7.15478044e-02  9.08112979e-03
 -6.57837115e-02 -1.24291162e-02 -6.12127531e-02  4.35779137e-02
 -2.45613146e-02 -5.13109661e-02 -2.27038416e-02 -8.08229195e-03
 -8.75389727e-03  2.09982113e-02  3.85020803e-02  7.11590036e-02
 -3.25339169e-02  2.57635853e-02  2.21172788e-02  1.19406951e-02
  2.47149800e-03 -6.89554647e-03 -7.95151740e-03  1.69833616e-02
  7.98467605e-04  1.21691188e-02  2.93864845e-03  1.27367487e-03
 -1.76682628e-02  9.23271460e-03 -3.73538595e-03  2.38826958e-02
 -7.30853469e-04  2.50541776e-02]
seem    [ 0.86020807 -0.02359298  0.08082317 -0.10623254  0.02774524  0.02481375
  0.02947074  0.06447307 -0.07826678  0.25318139 -0.05324453 -0.10587269
 -0.02063402 -0.04856092  0.13420312 -0.08860024 -0.11840115  0.13888334
  0.06053591  0.02645486 -0.03919593 -0.04065593 -0.00639137  0.05269715
  0.01881233  0.00386667 -0.02350481  0.1308013  -0.01189363  0.0137103
  0.05374195  0.02910125 -0.00683654  0.0049463  -0.00343164 -0.05252844
 -0.02915373 -0.03878154 -0.00821826  0.03457768  0.02047406  0.0103712
  0.01489106 -0.02592853  0.01923895 -0.02428509  0.00985824 -0.0254471
 -0.00405858  0.01643629]
life    [ 0.7919334  -0.26591629  0.00551928  0.01492602 -0.05278358 -0.01044087
  0.10390319 -0.07504901 -0.07575366  0.06187516 -0.03421601  0.07411782
  0.02364844  0.03671271  0.01783459  0.02875801  0.10293854 -0.00938045
  0.01877392  0.02719536 -0.07934044  0.0420444  -0.01916042 -0.01223241
  0.01797618 -0.0034462  -0.02015974  0.01875526  0.0729161   0.07761323
  0.04444909  0.03384632  0.04051102 -0.00309787 -0.02530905  0.01766241
 -0.01952698 -0.0293668  -0.01000591  0.02125587 -0.0052915   0.0270683
  0.0558819  -0.04196487  0.00844003 -0.01294996  0.01649832 -0.02174401
 -0.00164869  0.06248508]
work    [ 8.82939672e-01 -1.82152951e-02  1.01543480e-01 -4.79806370e-02
  8.70602588e-02 -6.79663459e-02  7.24479392e-02 -3.34178567e-03
  1.23396227e-02 -7.73402099e-02 -1.30959065e-01 -1.57929339e-02
 -9.14877684e-03 -1.96471741e-02 -1.77897747e-02 -1.12733188e-03
 -2.08292931e-02 -3.02929284e-02  5.43202886e-02  7.89802781e-02
  2.76313331e-02 -4.81412097e-03 -5.16531450e-02  1.44064830e-03
  7.69466285e-03  1.50267254e-03 -6.53290725e-04 -3.17562967e-02
  6.83339949e-03 -2.92117060e-02  5.60626101e-02  1.17306467e-02
 -1.96027512e-02  6.02552178e-02 -6.50726621e-02 -1.56478600e-02
 -2.53860964e-02  9.68887014e-02  3.92528838e-02  2.74917092e-02
 -4.24911026e-04 -5.14273212e-02  8.64513472e-02  1.93350699e-03
  2.07600889e-02 -5.85603318e-03  1.61124632e-02  2.00784130e-03
  7.95231605e-02 -3.46955496e-03]
two    [ 8.54047810e-01 -4.15647357e-02  9.57405535e-02  2.41500432e-01
 -9.87636979e-03  1.13620486e-01  2.14778797e-02 -6.52519096e-02
  1.08553266e-01  5.03604025e-02  1.11120013e-01 -1.76351822e-02
 -3.11753993e-02 -6.23835507e-04  4.65896172e-02  3.27400751e-02
 -3.30619172e-02 -2.30329359e-02 -3.16120916e-02 -1.91570397e-02
 -3.64497679e-02 -7.70998653e-02 -7.14950541e-03 -7.01889476e-03
 -7.42456882e-03  4.82317596e-02  2.91784399e-02 -2.67493407e-02
  1.89734962e-02 -5.87274654e-03  2.26428788e-02  7.20039197e-02
  6.47646994e-03  2.75422229e-02  1.01730439e-02  2.24752451e-02
 -3.72263157e-02  2.42076891e-02  1.10616073e-02  4.55751910e-02
 -5.63228516e-02  2.42711418e-02  1.19338589e-02  3.28581186e-02
 -1.89779183e-02 -8.56119532e-03 -1.24598024e-02  1.36760081e-02
 -4.98287338e-02 -2.36604153e-02]
many    [ 8.74062595e-01  1.13680309e-01 -7.15414833e-02  1.32903508e-01
 -1.19171060e-02  3.17893914e-02  6.97097372e-02  2.27464408e-03
  2.35492876e-02  1.07895955e-01 -7.53083859e-02 -5.88123206e-02
  9.48682018e-02  3.99621549e-02 -2.80989752e-02  4.87313969e-02
 -6.54228033e-02  9.10021133e-05 -1.16009129e-02 -5.51502598e-02
 -1.57192572e-01  2.14054166e-02 -1.26477230e-01 -1.58459085e-02
 -1.07789102e-01 -7.57877651e-03  3.16124397e-02  1.85070277e-02
  3.32509024e-03 -2.09656505e-02  7.05455533e-02 -2.39507186e-02
 -5.64712603e-03  2.50936489e-02 -2.88770302e-02  4.37691882e-02
 -1.07367234e-02 -5.05229327e-04 -3.33584906e-02 -5.32692594e-03
  1.96405995e-02  6.21312788e-02 -2.97106959e-03  4.46008185e-02
 -3.38738460e-02 -8.38514097e-02 -2.89677448e-02  1.27694531e-02
 -1.27257995e-02 -2.26344656e-02]
plot    [ 8.65729518e-01  1.05703717e-01  1.11788153e-01 -1.74991681e-01
 -7.75135555e-02  1.62374395e-01  7.62139750e-02  1.03979484e-02
 -9.62541129e-03 -5.42383934e-02  2.22617943e-02  7.49473411e-02
 -3.04844109e-02 -4.34707743e-02  5.85697309e-02  1.07742045e-02
  1.66393734e-02  3.36401594e-02 -7.10984290e-02 -3.80058925e-02
  9.13316445e-03 -1.25057521e-02  2.33635136e-02 -1.71113352e-02
 -3.20367686e-02 -1.44548593e-02  3.70101169e-03  2.58397379e-02
 -1.82073987e-02  2.96262526e-02 -2.97543551e-02 -2.73860269e-02
 -5.22450330e-02  2.72147918e-02 -2.51287795e-02 -1.08962768e-02
  4.12066467e-02 -1.11028116e-03 -1.03356568e-02  1.63819163e-02
  2.08938650e-02  2.84631119e-03  1.29045034e-02 -1.94684558e-02
 -1.99331420e-02 -3.18417255e-04  6.52814399e-03 -7.68585536e-03
 -4.22571712e-02 -7.94798734e-03]
want    [ 0.82723453 -0.10769967 -0.27293262 -0.19754256  0.06458314 -0.07367833
  0.08884144 -0.0776752  -0.04495812  0.02502685  0.05026583 -0.03799641
 -0.03569016  0.18668518 -0.13317897  0.04774472  0.01145175 -0.04988284
 -0.08517337  0.00248485 -0.07612093 -0.04885471 -0.06693345  0.0145956
  0.00681796  0.00623321  0.05532525 -0.09584334  0.05455179  0.00871498
 -0.07680593 -0.03998464 -0.01853644  0.00393735  0.01537787  0.0238905
 -0.00944753 -0.0473705  -0.0221774  -0.01336617 -0.02179482  0.02490825
  0.06602267 -0.00477552 -0.04798608 -0.0291577  -0.01848181 -0.01059403
 -0.0249201   0.01472375]
actor    [ 8.19466302e-01 -2.73713609e-02  2.92420795e-01 -1.44507250e-01
  2.83227804e-01  8.63538609e-02 -7.86471302e-02 -1.05248515e-01
  6.93497234e-02 -5.85439211e-02 -4.19049206e-04  2.22874340e-02
  3.03899020e-02  2.76026433e-02  2.09879727e-02  4.58837249e-02
 -7.01143788e-03  7.40157229e-02  2.89592639e-02 -1.38843177e-02
  6.94446566e-03 -6.12422205e-03 -6.44725682e-02  6.03174844e-03
 -2.24836031e-02 -4.46303302e-02  5.04769934e-03 -5.70747131e-02
  5.66730473e-03 -1.51579217e-03  6.58812154e-04  6.74271884e-02
  3.22552210e-02  3.21262653e-02  3.91503114e-02  2.30602954e-02
  2.15359549e-02 -3.68891717e-02 -1.38402282e-03 -2.97434684e-02
 -2.23813156e-02  6.71797959e-02  4.07007537e-03 -1.20779025e-02
 -3.74772122e-02  3.94077730e-03  3.83601319e-02  4.28995658e-02
 -1.13572296e-02  3.12002644e-02]
never    [ 0.83942673 -0.11368746 -0.19074405 -0.11191909  0.02892315 -0.07169432
  0.06033942 -0.07683494 -0.04655957 -0.08827149  0.01930071 -0.06950798
 -0.06743678  0.23345694 -0.03849331  0.03820475 -0.01343701 -0.09916456
 -0.01875615  0.04146158  0.01241284  0.00205777 -0.0519375  -0.09200307
 -0.05330633 -0.10440512  0.02280478 -0.01195594  0.0851413   0.05419719
  0.00897403 -0.0160458  -0.02264301  0.05280136  0.04431698  0.0522166
  0.03006875 -0.01802309 -0.03721903  0.00442446 -0.0437783  -0.01330766
  0.01288648  0.01276286 -0.01542477 -0.04302305 -0.03338896 -0.00359308
 -0.02768359  0.02016076]
little    [ 0.89401161 -0.02530504  0.04347776 -0.01767947 -0.08034326  0.03467293
  0.04011194  0.05425162 -0.09688277 -0.00894051 -0.01697536 -0.0248145
 -0.0117937   0.01886333 -0.01850718  0.0382623  -0.0792745   0.02669112
  0.05650843  0.02811626  0.02228853  0.01236384  0.04695405  0.02206397
 -0.01207333 -0.00992119 -0.01899811  0.06638743  0.005789   -0.02681964
 -0.0174839   0.01730843 -0.05450926  0.03063099 -0.02009087  0.06090055
  0.03151955 -0.01741392  0.00544201  0.02436536  0.02138608 -0.01263054
 -0.03652178  0.00698448  0.03108901 -0.02807011 -0.00639338 -0.00167193
 -0.00431286  0.01411199]
best    [ 0.77894942  0.1873076  -0.01703569  0.15732727  0.06884865 -0.08258453
 -0.13882446 -0.04179393  0.32723511 -0.00533005  0.19170321  0.0534882
  0.00249338 -0.01334546  0.08326744 -0.02495271 -0.09721184 -0.10859602
 -0.02953246 -0.00369196 -0.05364737  0.09080113 -0.06391361  0.03359395
 -0.03504774 -0.04430118 -0.09296503  0.02839879 -0.00093656 -0.0034832
 -0.05433059  0.00411623  0.02036635  0.00482966  0.00109722  0.02355288
 -0.02253863  0.02257592  0.038736    0.00528505  0.02514626 -0.00351626
  0.02650464 -0.01441793  0.02399734  0.01702854  0.02243785  0.02236908
 -0.03112656  0.03203761]
try    [ 8.62029175e-01 -1.47088393e-01 -5.96869140e-02 -8.26535154e-02
 -2.16883087e-03 -8.72156477e-02  1.33592092e-01  8.62162965e-02
 -1.26822470e-01 -8.42372033e-02  1.56947142e-01 -7.99266015e-02
 -7.16608837e-03 -6.21909331e-02  2.99558781e-02  3.95158819e-02
 -5.53567303e-02 -1.58564860e-02  5.56262697e-02 -2.97067168e-02
 -2.10303202e-02  2.89321314e-04 -7.23519297e-03 -1.01821933e-02
  4.43986140e-02 -5.11773229e-03 -3.69760428e-02  7.67319155e-03
 -3.11586266e-02  1.77458644e-02  3.27294616e-02 -1.29511466e-02
  3.52745162e-02  1.86187617e-02  7.78718952e-04 -3.05997427e-03
 -2.59450812e-02  3.57614572e-03  1.73252147e-03 -2.53825784e-02
  3.85393046e-02  2.83603186e-02 -2.18336036e-02 -3.35821296e-02
 -1.01056257e-02  3.15849279e-03  7.53759387e-03 -1.27391779e-02
 -9.01756698e-03 -2.85919029e-02]
year    [ 0.55798713 -0.05119461 -0.12659698  0.19348611  0.14157622  0.0155951
  0.02233593 -0.0373894  -0.03463488  0.05420847  0.04011656  0.0660727
 -0.05028103 -0.00420981 -0.02098393  0.03786165  0.04222984 -0.03297275
 -0.07170486  0.06169793  0.03998824 -0.03856384  0.10835254 -0.03119636
  0.02226013  0.10773949  0.0516346   0.00140863 -0.01055801  0.01745907
 -0.02465282  0.0349829   0.01656413  0.13871047 -0.03120804 -0.0100147
  0.03780678  0.02065383 -0.12398371  0.02670005 -0.00935875  0.05936926
 -0.0200525  -0.01400094  0.04584059 -0.07066253  0.01153631  0.0050429
  0.04497339 -0.01718639]
ever    [ 0.70284069  0.19487733 -0.23681965 -0.06051027  0.11175718 -0.10980381
  0.02419632 -0.05375409 -0.0300294   0.04665255  0.19864048 -0.00700561
  0.01804065  0.21160422 -0.1048862   0.02211742  0.0410054  -0.10111921
 -0.09925641  0.01712545 -0.0351643  -0.01535971 -0.08697237 -0.10567317
 -0.08624704 -0.05440504  0.04955509 -0.12067472  0.13824847  0.0647308
 -0.08035165 -0.03959132  0.00180271  0.14063847 -0.02478011 -0.02819255
  0.05881243 -0.04660244  0.02675411 -0.03175136  0.00456021  0.02106067
  0.06742171  0.02156663 -0.07560345 -0.0840847   0.00690429 -0.04141219
  0.00352533  0.03056172]
man    [ 0.79394838 -0.32754508  0.08514807  0.05256586  0.03740033 -0.02984312
 -0.12411991 -0.04495132 -0.0472171   0.0616076   0.06817357  0.06639794
 -0.06835586 -0.09789038 -0.09294261  0.05352302 -0.05330392 -0.06115563
  0.02146285 -0.01078454 -0.01345939 -0.02705198  0.07879106  0.01683718
 -0.03196188 -0.00949102 -0.02377279 -0.0586966   0.02699462  0.04005203
 -0.066857    0.05640697  0.03718332 -0.03031363  0.02586348 -0.00452773
  0.07535336  0.04354731 -0.02842354 -0.00880428  0.03678764 -0.01274204
 -0.06030724 -0.02114469  0.04511867  0.01026865 -0.00298111 -0.03527665
  0.05012858  0.04030943]
still    [ 9.32909279e-01  5.06378773e-03 -9.63315704e-02 -3.87109695e-02
  1.18184380e-01  5.10594660e-02  1.96356473e-02  2.42523819e-03
 -1.61380764e-02 -1.64669228e-02 -5.40328000e-02  5.95021145e-02
  6.95406772e-04 -4.37774711e-03 -5.21201733e-02  1.02795600e-01
  6.74409320e-03  1.01427358e-03  1.79887424e-02  2.30587842e-02
 -9.74907983e-03 -1.08934637e-02 -5.75154455e-02  1.42768248e-02
 -2.84989706e-02 -2.14673667e-02 -3.66866646e-02  1.84645782e-02
 -5.18627034e-02 -3.59056804e-02  3.07980021e-03  2.45065369e-02
  1.39451502e-02 -1.42074259e-02  1.35318879e-02  8.58566994e-03
  1.39987829e-02  9.65363607e-03  7.24274703e-03 -3.01854469e-02
  2.26477626e-02 -5.94671570e-03 -3.44000287e-02  1.08860039e-02
  2.02374464e-02 -1.06729417e-03 -7.24641519e-03  4.46676970e-02
 -3.14100169e-03  4.75692138e-03]
part    [ 9.01022935e-01  1.42779809e-01  3.19680576e-02  1.20060782e-02
  6.75713471e-02  1.95855684e-02 -1.06431971e-01 -2.85839360e-02
 -6.09908996e-03 -2.27626378e-02  1.18308909e-01  7.68230255e-02
  1.05141720e-02 -2.28588650e-02  5.95621003e-03 -1.91178018e-02
  7.21641697e-05  7.43861644e-02  3.24504076e-02 -2.95181107e-02
  6.37743853e-02 -3.14329480e-03  5.46827421e-02  5.10244752e-03
  2.59029994e-02 -5.19229169e-02  4.09341127e-02 -2.38394086e-02
  2.35751549e-02 -4.85991407e-02  6.53863130e-02  9.42859296e-02
  5.15222717e-03  6.38825753e-02 -7.09364065e-03  1.79841059e-02
 -1.26344924e-02  9.66423104e-03  2.75484002e-02 -3.89503243e-02
  1.74640609e-03  2.83821527e-02  4.11038514e-02  1.72980767e-02
 -6.63894089e-02  2.80697564e-02  4.70365687e-02 -1.17114899e-02
 -1.60057111e-02  2.17558556e-02]
something    [ 0.80123707 -0.18004659 -0.13700633 -0.24462014  0.08363503 -0.0299912
  0.02753274 -0.01283118 -0.1089686   0.1558017  -0.16218894 -0.0622535
 -0.05969631  0.1289588   0.03259066 -0.07695235 -0.08053932  0.04744589
 -0.00544911  0.02142517 -0.04972161 -0.05343733 -0.01512726  0.05924023
 -0.01710342 -0.04614921 -0.0639599   0.05394418 -0.04158465  0.05436477
  0.01038007  0.01400751 -0.00490749  0.03511454  0.06997954 -0.01985869
 -0.0103059   0.03835843 -0.02484813  0.04931517  0.02886495 -0.00902892
  0.0017418  -0.03804876  0.02255585  0.01266116  0.0083858  -0.00438477
 -0.00456562  0.018818  ]
back    [ 0.67940867 -0.34545125 -0.14406005  0.0769626  -0.09094524  0.02622515
  0.02398215  0.05921399 -0.16341589 -0.22190095 -0.03030064  0.09875415
  0.11006011  0.06901754  0.08653828 -0.02359479 -0.02573177  0.00844947
 -0.06378768 -0.02752589  0.07250737  0.0822938  -0.12646363  0.05166631
 -0.04951792  0.10958422 -0.02271398  0.13387689  0.05731499  0.08239828
  0.00070441  0.14007976  0.05729423 -0.01587318 -0.10313177  0.01473408
 -0.06703891 -0.02123078 -0.04210809  0.04114103 -0.0352913   0.02995379
  0.01386277 -0.02824489  0.02174005  0.04741783 -0.01924409 -0.00160233
  0.07086254 -0.01195494]
use    [ 9.07817530e-01  1.78785255e-02  6.32164242e-02 -4.59771177e-02
  4.81361377e-02 -5.03635588e-02  8.57335200e-02  8.46908239e-02
  1.48124636e-02  2.90187965e-02 -7.21509089e-02 -6.06518558e-02
  4.63930283e-02 -6.64040174e-02  1.02799710e-02 -1.40988615e-02
  1.60432862e-02 -3.37020908e-02  3.18533675e-02 -1.20008988e-02
  4.84023770e-02 -1.42718749e-02 -6.09193210e-04 -6.29240380e-02
 -4.68019476e-03  1.89106150e-02 -2.40221284e-02 -4.26490812e-02
 -2.17133898e-02 -2.48652745e-02  6.55425546e-03  4.41528179e-05
  3.88492535e-03  9.64460788e-04  2.18072954e-02 -1.49610162e-02
  5.97441723e-02  7.00499081e-03  6.47793669e-02  1.96236201e-02
  1.54115230e-02  3.82728161e-02  1.44596680e-02  1.00815368e-01
  4.94125970e-02 -6.70185113e-03 -5.13357136e-02  1.33933206e-02
  1.42503050e-02 -4.20847294e-03]
director    [ 8.81329494e-01  5.49488773e-02  9.01404529e-02 -1.77712688e-02
  1.77081788e-01 -1.52957390e-01  6.25163119e-02  1.56701017e-02
 -1.34857796e-02 -5.92834040e-02 -1.97068815e-02 -1.37096258e-02
  1.79232547e-02 -2.96209698e-02  2.54621255e-03 -6.39180331e-02
 -4.83986811e-02  3.16355460e-02  1.78842931e-02 -3.36674803e-02
 -4.06823706e-02  1.24224063e-03 -1.87618214e-02  6.19002717e-03
  1.44631780e-02 -5.32031039e-02 -2.04039414e-02 -4.00807052e-02
 -1.01250287e-02  2.58613348e-02  9.97459536e-03  2.12076489e-02
  3.75044424e-03  2.31454126e-02  2.15732957e-02 -3.42642379e-03
  5.77577446e-05  2.32427105e-02 -1.40087961e-02  5.92170288e-02
 -1.73038908e-02  2.76124686e-02 -3.77598244e-02  9.54205982e-03
  6.55286505e-03  8.73159619e-03 -2.04417733e-03  7.09664150e-02
  1.28228964e-02 -2.01886968e-02]
lot    [ 9.09475444e-01  7.71072711e-02 -8.35676573e-02 -1.17424109e-01
  1.31716624e-02  3.25198658e-02 -2.05420666e-03  5.26079827e-02
 -8.66831818e-02  5.43165645e-02 -2.75024880e-02 -8.47319482e-02
  6.91029996e-02  3.30655062e-02  1.47223524e-02  5.25344728e-02
 -1.27808088e-02  2.05154596e-02  3.31325429e-02 -1.24772074e-02
 -5.45109613e-02 -3.99159806e-02 -6.31357515e-02  6.10135466e-04
 -1.14232387e-02 -1.02555812e-02  3.13910545e-02  4.29706392e-03
  2.74568272e-02 -2.06324831e-02  4.44809490e-02  8.71898031e-04
 -9.98908646e-03  1.99385048e-02 -3.28713960e-02  4.70369644e-02
  1.16889712e-02  3.05143760e-02  1.65906798e-02  1.52653892e-02
  1.11719549e-02 -2.55207595e-04  3.26122376e-02  4.99699658e-02
 -1.15448325e-03 -2.16980564e-02  1.07329849e-02  5.47962141e-03
 -1.97305764e-02  3.30485769e-02]
performance    [ 0.64723824  0.03597074  0.25523071 -0.07329966  0.34900161  0.09872339
 -0.05388492 -0.04087934  0.09242178 -0.22842266  0.0203765   0.11428273
 -0.02287495  0.0418549   0.07252092  0.08051494  0.09070264 -0.0315641
  0.15838049  0.04904637 -0.15960653 -0.0009113   0.0294815   0.10108162
 -0.07955489  0.0686526  -0.0329467  -0.05056366  0.00672234  0.0425265
 -0.05638285  0.04765592  0.03112649  0.03391454 -0.02483308  0.01349993
 -0.00829208 -0.06130775 -0.00479301 -0.05067157  0.06512872  0.03240415
 -0.03809495 -0.02107474  0.00299124 -0.01478665  0.07606862  0.04193554
 -0.03519418  0.04390495]
real    [ 0.80631618 -0.04344334  0.07498999  0.00885678 -0.14037255 -0.04387502
  0.07900336 -0.09910809 -0.07565944  0.11532753 -0.00617229  0.00551709
  0.03844215 -0.00208292  0.02505512 -0.01901124  0.06263016 -0.04644673
  0.06962295 -0.00319826 -0.18045312  0.00542681 -0.03486591 -0.04209717
 -0.02286738 -0.07532756 -0.00899491  0.01010022  0.06496044  0.0681799
  0.06615278  0.08072509  0.0264768  -0.04995222  0.06004921  0.07534057
 -0.10511339 -0.06074967  0.09768075 -0.07902315 -0.12190421  0.03830766
  0.03961091 -0.11677949  0.03586215 -0.0125476   0.04161937 -0.03934304
 -0.04229945  0.01112944]
though    [ 6.54362252e-01  4.22356778e-02  5.85873603e-03 -1.14224277e-01
 -8.03079975e-03  3.53226959e-02  2.31237717e-02  5.28866385e-03
  5.77249695e-02 -7.42081418e-03 -1.14906188e-01 -2.72756858e-02
 -5.45106449e-02 -5.09288388e-02 -3.55392464e-02  1.48120653e-03
 -7.60953467e-04 -1.37554714e-02 -1.24504328e-02 -5.61282939e-02
  1.73618061e-01  1.89907411e-01  1.46873748e-01 -6.06776284e-02
  1.08334902e-01  5.36284255e-02  3.40334887e-02  1.00299148e-01
 -3.09142132e-02  3.40497767e-02  6.57882781e-03 -5.85211291e-02
  4.96467975e-02  1.72788240e-01  5.63448596e-03  4.11732904e-02
 -5.11942479e-02 -1.93932308e-01  8.79565927e-02 -2.18611172e-01
  2.26423479e-03 -8.32289377e-02 -9.51519296e-02 -8.47984738e-02
 -1.50619271e-04 -1.51100470e-01 -9.15038505e-02  2.00106624e-01
  1.30530385e-03  8.79241910e-02]
woman    [ 0.70805747 -0.3489959   0.09706303  0.0687025   0.00887596 -0.01501945
 -0.14026372 -0.06387799 -0.0646039   0.07518397  0.05479327  0.0025524
 -0.05728185 -0.06697375 -0.13926496  0.09886038 -0.05341132 -0.08158897
  0.01935084  0.00197551  0.00800545 -0.03023528  0.10413174  0.00442208
 -0.02139104  0.00398433  0.00961904 -0.05672924  0.06395587  0.03801647
 -0.04258148  0.07590891  0.02735753 -0.01917162  0.06947485 -0.05114408
  0.10430915  0.07733674 -0.0637227   0.00173213  0.00415119  0.014883
 -0.01409022 -0.04136361  0.0514815  -0.00907729  0.00914219 -0.01382534
  0.03434686  0.01179037]
act    [ 8.30820873e-01  4.66272325e-03  1.81874003e-01 -2.01074597e-01
  1.29046889e-01  1.09700468e-01 -3.03269446e-02  2.08421193e-02
 -2.69369963e-02  6.37671793e-02 -1.56028144e-01 -4.81557157e-02
 -1.76066299e-02 -4.02422792e-02  5.18334547e-02 -4.25923761e-02
 -6.78325884e-02  1.48406873e-02 -4.40695545e-02  3.40905498e-02
 -5.25661899e-02 -8.98810731e-02  6.63636768e-03 -7.71472460e-02
 -2.55569783e-03 -2.62535800e-02 -1.46749733e-03  4.70365412e-02
  3.18287785e-03  1.27052408e-02  2.71458819e-02  2.12578331e-02
  3.65613700e-02  8.60336218e-02 -3.27389880e-02 -7.08283105e-03
 -1.77609218e-02  6.93829297e-02  6.49054989e-02  1.24175208e-02
 -4.12651192e-02 -6.40669137e-02  6.58353782e-02  4.40600968e-04
  1.75296480e-02  1.09076036e-02  3.89867772e-02 -7.77038471e-02
  8.96036908e-02  2.87562595e-03]
new    [ 0.54973911 -0.07679941  0.04755732  0.07948894 -0.03845426 -0.05303143
  0.0065321  -0.01299504 -0.07889309  0.01516456 -0.00421428  0.05172499
  0.03788066  0.03675164  0.02755379 -0.0331473   0.10071394 -0.03354029
 -0.02951519  0.00376076 -0.00153377  0.04333587 -0.02287248  0.00337001
 -0.01076823  0.0159762   0.00104516 -0.03907223 -0.03113933  0.00679619
  0.01779508 -0.07243686 -0.0069872   0.05007694  0.13190984  0.06696467
 -0.08275366 -0.01333596  0.03959543  0.13295007  0.18069452  0.00267976
  0.00685302 -0.12418054  0.01671184  0.09705023  0.00246325 -0.07843575
  0.02041986 -0.01193408]
nothing    [ 0.86277668  0.11749415 -0.05635503 -0.12476061 -0.02208405  0.06277068
 -0.0276874  -0.00786958 -0.10712986  0.04229887 -0.05489496 -0.00855104
 -0.00931405  0.05726831  0.01663733 -0.01802435  0.02103468  0.04641957
 -0.0231347   0.00221826 -0.03695072  0.01763627 -0.01632213 -0.00120956
 -0.00405037 -0.0391694  -0.01585386 -0.00846499 -0.01342096  0.04978067
  0.00091023  0.03408792 -0.04106531  0.06111508  0.06889599  0.02635951
  0.03134482 -0.00437632  0.02479088  0.08059634  0.06545098 -0.03185257
  0.01418879 -0.03478329  0.02140792  0.03221977 -0.01948818  0.03863979
  0.00899774  0.05436675]
actually    [ 9.39029675e-01  5.95389653e-02 -7.15529381e-02 -1.44581721e-01
  3.36107047e-02  2.04411400e-02  2.34965505e-02  1.28420425e-02
 -1.20500577e-02  1.69402271e-02  1.33642184e-02  2.54617792e-02
 -1.77300556e-02  1.13767013e-02 -1.92300309e-02  4.48408852e-02
 -2.27398613e-02  4.88986808e-03 -3.34968975e-02  5.61099137e-03
 -3.46684410e-02 -6.81922247e-02 -4.68478238e-02  5.07687051e-03
 -3.17408918e-02 -5.52099131e-02  1.51225825e-02 -1.08984791e-02
 -1.71178936e-02 -2.40603545e-02  2.75044140e-02  5.81458440e-02
  9.28722882e-04 -6.80353668e-03 -4.95060167e-03  6.21382211e-02
  3.51803802e-03  2.95400626e-02  3.50725061e-02  1.88123909e-02
  1.39038766e-02  9.67801949e-03 -3.05052762e-02  9.02807528e-03
  3.03908328e-02 -2.76155424e-02 -3.47432608e-03  1.08520913e-03
 -2.26196597e-02 -7.92593796e-03]
acting    [ 6.53255729e-01  1.34241928e-01  2.04642872e-01 -3.02531780e-01
  1.33232137e-01  2.71589227e-01 -5.23665682e-02  6.84771322e-02
  2.18928216e-02 -1.31681756e-01 -1.50732428e-01  2.01241521e-01
 -2.02158810e-02 -1.08204818e-01 -2.13497380e-02  1.30655031e-01
  1.47888602e-02  1.36785098e-02 -1.41152790e-01 -3.10120534e-02
 -7.51353288e-02 -1.13738217e-01 -4.00955526e-02 -1.27441420e-01
 -5.43459340e-02 -2.71593565e-02  3.12052637e-02 -3.15925811e-02
  2.86915678e-03 -1.05550318e-02 -2.10352906e-02  9.22457262e-03
  6.06766546e-02  1.03097752e-04  7.02271130e-02  5.57478462e-02
 -3.32427216e-02 -9.72121778e-02 -7.74888110e-03 -5.06673919e-02
 -3.33272924e-02  3.24207387e-02 -2.11116667e-02  3.35907567e-02
 -2.96573967e-02  6.13716122e-03 -7.70445598e-03 -3.81241726e-02
  7.58977247e-02 -6.06544024e-02]
another    [ 8.56721419e-01  2.84411751e-02 -3.94730184e-02  1.02231949e-01
  2.09105650e-02 -3.51390046e-02 -7.72572045e-02  4.50879207e-02
  2.19323108e-01  3.61473081e-02  1.66665241e-01  5.44503173e-02
 -2.92417391e-02 -2.00118935e-02  6.49173288e-02  1.13137720e-02
 -7.84033320e-02 -6.85223847e-02 -9.82814932e-03 -9.76403214e-03
 -4.10387624e-02  2.83029682e-02 -3.67875762e-02  6.06247845e-02
 -6.66181860e-02 -3.49585265e-02 -7.20606130e-02 -1.38809045e-02
 -1.58461240e-02  6.25304461e-03 -1.18157084e-02  3.18698847e-03
  1.84605843e-02 -7.74342356e-02  2.93357065e-03  2.22451719e-02
 -1.13941280e-02  1.83204715e-02  5.90290667e-03  2.27285433e-02
  3.27718339e-02 -6.00801001e-03  2.34320853e-03 -1.10065608e-02
  2.83151160e-02  4.70607883e-04 -2.96824541e-02 -6.15483332e-03
  4.95339827e-03 -7.65193574e-03]
guy    [ 6.50314759e-01 -2.49373358e-01  4.32774846e-02 -2.41506203e-01
  1.29148847e-01  1.55401937e-01 -1.55213518e-01  1.15629127e-01
  4.23102169e-03 -6.14363945e-02 -2.53812700e-02  6.42354690e-02
 -6.83055122e-02 -1.29938608e-01  4.14225027e-02  1.55827932e-01
 -6.64231100e-02  6.70119196e-02 -1.36246949e-01 -7.04804081e-02
 -6.23539896e-02 -1.13966236e-01  1.02837706e-02 -1.23564528e-01
 -4.37655293e-02 -7.62454269e-02  4.26350335e-02 -4.06966021e-02
  8.09859580e-03  6.24072265e-03 -2.73699058e-02  4.81841626e-02
  9.28342100e-02  1.40252443e-02  9.58711124e-02  8.25208199e-02
  3.49110869e-02 -3.50280587e-02 -5.60529412e-02 -5.62009396e-02
 -3.80255647e-02  5.89750599e-02 -6.74995980e-02  2.60674720e-04
 -3.93928695e-02  7.86613771e-02 -2.11302744e-02 -7.89700683e-02
  1.19402553e-01 -8.71846372e-02]
role    [ 0.65681086 -0.12618719  0.26678572 -0.01942357  0.26566496  0.01445346
 -0.12682804 -0.15092984  0.00584355 -0.09482915  0.06720481 -0.0377357
  0.03513023  0.02538606 -0.05576622 -0.04364688 -0.07808494  0.13982163
  0.05946763 -0.08477234  0.14360628  0.06299597  0.05124457  0.04774698
  0.01546603 -0.07919603  0.06747961 -0.03762169  0.02686237 -0.09403617
  0.02872729  0.07247889  0.02059786  0.02260059 -0.00195596  0.10582406
  0.04588604 -0.0084057   0.01731326 -0.08727168 -0.02059816  0.04127319
  0.11172221 -0.03197898 -0.07774643  0.02205214  0.01660021 -0.02384164
 -0.01267292  0.10054355]
funny    [ 8.77655074e-01  1.22150525e-01 -6.66461085e-02 -1.89769262e-01
 -5.98180813e-02  1.21537476e-01 -9.01716377e-03  2.50583781e-02
  7.76449565e-02  4.78165662e-02  3.66354768e-02 -4.85829278e-02
  1.27967734e-02 -2.13062764e-02 -1.00151650e-01  3.97570590e-02
  2.81664731e-02  4.58937745e-03  1.23321719e-02 -8.08124222e-02
  5.69822572e-02  8.23844252e-02 -2.56588698e-02  3.38852714e-02
  6.73688319e-02  9.38904094e-03 -4.11890604e-02  3.00126067e-03
 -3.72172854e-02  9.68806614e-03  3.46902782e-02 -2.35887126e-02
  5.96345242e-02  9.36198900e-02  5.22844718e-04  1.58714442e-02
 -5.47575001e-02  6.69601963e-02 -4.46015263e-02 -1.54535560e-02
  3.89327447e-02 -7.69446425e-03 -5.39684303e-02 -9.86014496e-03
 -3.94738845e-02 -6.21367541e-02 -2.61777704e-02 -2.14735296e-02
 -4.54611319e-02  1.05442234e-02]
old    [ 5.20378847e-01 -1.56120781e-01 -1.35159651e-01  3.20868373e-01
  2.05856518e-01  3.23006828e-01  4.57368329e-02 -6.75119820e-02
 -1.73392125e-01  4.94599787e-02 -7.47135601e-02 -8.16834905e-02
 -2.21488058e-01 -1.77076117e-01 -8.51719579e-02  6.08830176e-02
 -2.95651262e-02 -1.10093710e-01 -3.69399237e-02 -7.36615388e-03
 -1.96078713e-02  1.04996321e-01 -2.20175762e-01  1.17376570e-02
 -1.49498303e-01 -1.84674544e-02  9.41045044e-04  8.58572684e-02
 -9.18657065e-02 -2.10568182e-01  3.30384485e-02 -6.36509010e-02
  6.41543843e-02 -1.07662784e-02  7.61368796e-03 -1.49060583e-01
  1.60512361e-02  2.52342317e-04  8.86506876e-03  7.05389963e-03
 -2.55327168e-02 -2.60238359e-02 -8.24286522e-03  3.67972540e-02
 -9.07613013e-02  2.50484990e-02 -9.32424800e-02 -7.35092469e-03
 -5.38082430e-02  2.68367318e-02]
point    [ 8.78184755e-01  7.01939695e-02 -3.56910069e-02 -1.12679368e-02
 -1.72672952e-02 -4.62284077e-02  4.06632285e-02  6.63068586e-02
  1.53371469e-01 -2.92484837e-02  1.80257479e-01  8.70763573e-02
 -9.64608092e-02 -4.44099857e-02  9.21816091e-02  3.55563000e-02
 -9.36523293e-02 -4.03110245e-02 -5.42854883e-03 -1.14422099e-02
 -4.81367174e-02  9.18858116e-03 -7.59447954e-03  1.80038323e-02
 -2.69051658e-02 -2.31986636e-02  1.90874920e-03 -1.18376502e-03
 -5.65757971e-02 -6.15761314e-03  2.75727655e-03  1.44973550e-02
 -1.40060335e-02 -2.83723559e-02  4.33977883e-02  2.28427376e-02
  1.91377455e-02 -1.51158132e-02 -1.77141348e-02  1.12742575e-02
 -1.32550563e-02 -7.83745309e-04  2.98500629e-02 -7.40330802e-03
  6.74636038e-03 -2.11663416e-03  6.68250787e-03  2.99865440e-02
  1.90964710e-02  3.66676489e-02]
start    [ 8.97395112e-01  5.52443096e-02 -1.55096477e-01 -3.28493286e-02
 -7.17799195e-02  6.69270321e-02 -9.20295027e-02  1.36495378e-02
 -1.02542772e-01 -1.02220478e-01  4.70452257e-02  3.58375401e-03
  1.90627463e-02  2.67711691e-02  5.14767083e-02  5.44257442e-02
 -2.60364394e-02  4.80078709e-02 -6.41132704e-03  6.37944112e-03
 -2.89945089e-03 -5.00962903e-02 -2.46362694e-02 -3.57316601e-02
  1.11454593e-01 -5.26390985e-04 -2.30123919e-02  5.67539291e-03
 -4.08970013e-03 -5.53846957e-02  4.09858511e-02  3.53815512e-02
 -1.55494576e-02 -1.34606437e-03  1.85936510e-02  4.05592698e-02
 -3.78709955e-02  2.56490838e-02  2.83736243e-02 -1.23145077e-02
 -9.00954358e-04 -3.21101217e-02  8.55021914e-03  2.53976812e-02
 -4.29238648e-03  5.72482225e-02 -6.76564313e-05  4.31493332e-02
  7.36347147e-03  1.63412570e-02]
u    [ 5.89697837e-01 -1.38621055e-01 -3.13689059e-02 -8.47958135e-02
  4.35868967e-02 -5.20736957e-02  1.46483363e-01 -1.38065028e-02
 -8.04660711e-02 -4.28197638e-02  1.01852041e-01  1.97823913e-02
  1.08491540e-03  9.07214504e-02  3.82896086e-02 -5.42317472e-02
  1.53418049e-01 -4.85058720e-02  1.19311918e-01 -7.11790753e-02
 -1.73837530e-01  8.89284366e-03  5.59131992e-02  4.20263575e-02
  1.63625355e-02  1.19588922e-03 -8.74988024e-02 -3.62529092e-03
 -7.14891210e-02 -8.95347387e-02 -7.95397422e-02  1.98566255e-02
  6.94507903e-02  6.64918560e-04 -2.76164050e-02  5.59887740e-02
  7.96678012e-02 -1.63445855e-02 -9.43767795e-02 -2.14178808e-02
 -2.51134933e-02 -8.57943621e-02 -9.60244860e-03  3.34510934e-02
  9.91774976e-02  9.14148561e-02  3.06277894e-02  2.41250159e-04
  6.95628126e-02  3.62658233e-02]
star    [ 8.60132732e-01  1.92113212e-01 -4.21123435e-02  1.21253995e-01
  1.12528219e-01 -5.77068933e-03 -1.42568061e-01 -5.16149674e-02
  9.30684357e-03 -2.34293887e-02  1.49744610e-01 -9.73247784e-03
  2.04765404e-02 -2.95074482e-02  9.18385580e-02 -1.36351976e-02
  4.40805221e-02  1.16715676e-02  1.23649941e-01  7.26462352e-04
 -2.13065430e-02  1.41374649e-02  1.09789507e-01  6.21575588e-03
 -2.63821637e-02  7.10066309e-02  3.72097741e-02 -1.27953022e-02
 -4.38589761e-02  4.12048975e-02 -2.17011644e-02  1.82118502e-02
  1.56577125e-02  2.40612702e-02  3.60021131e-02 -1.87920060e-02
  3.06131309e-02  6.03088456e-03 -1.95953999e-02  5.10833084e-02
 -2.14760924e-02 -1.94370757e-02  2.12227029e-02  4.97976627e-03
 -9.00348137e-03  1.82803621e-02  2.01980786e-02 -9.20269762e-03
 -1.09357413e-02 -4.26146872e-02]
leave    [ 8.41891611e-01 -8.24430013e-02 -5.51300566e-02  3.07470565e-02
 -1.66952764e-01  2.13327616e-02 -1.17815141e-03 -1.48475998e-02
  9.53164149e-02 -3.33808129e-02 -4.94971921e-02  5.64849251e-02
 -4.08905954e-02 -3.14919070e-02 -3.47631235e-02 -3.41024157e-02
  4.18512049e-02  8.00011181e-02 -1.07526924e-02  8.42924759e-02
 -8.82198805e-02  3.85816561e-02 -7.81849926e-03  1.55934851e-02
  3.44940019e-02 -3.16421667e-02 -1.48133937e-02 -1.05226221e-02
 -3.74049688e-02 -4.41943648e-02 -2.15152746e-02 -7.00877898e-03
 -5.36307003e-02 -2.16237546e-02 -6.03552174e-02  8.11737832e-03
  1.87833368e-02 -1.24342131e-02 -8.79771718e-04  2.23828062e-02
 -5.96423323e-02  5.12423893e-03 -1.75419413e-02 -2.00048105e-03
 -5.47299399e-03  4.87707234e-02  2.30140860e-04 -1.61653399e-02
  2.21576796e-02 -2.00161293e-02]
tell    [ 0.65762014 -0.01401877  0.06496241 -0.04048305 -0.25727516  0.08682746
  0.05129257 -0.10925165 -0.0794278   0.00344929 -0.04140375  0.2949469
 -0.08595404 -0.02053053 -0.09302235 -0.19302306 -0.18352135 -0.2371316
  0.16347296 -0.05653544 -0.02489027 -0.11147247 -0.12827532 -0.01286081
  0.04885524  0.10425631  0.02676456 -0.04425923  0.03309779 -0.00781509
 -0.01311442  0.10094774  0.02326773  0.02620076  0.02650485  0.02936324
  0.01113929 -0.06593862  0.01777492  0.00252686 -0.05261573  0.02674117
  0.00261621  0.04406773  0.02930278  0.06767526 -0.05726963 -0.02587852
  0.08627825 -0.01348454]
feel    [ 0.79186878 -0.00451437 -0.02969719 -0.21213997  0.11895394 -0.01104718
  0.04706914  0.08509735 -0.09805838  0.31019092 -0.02456503 -0.1155353
 -0.04938748 -0.05085837  0.1172114  -0.05791546 -0.101154    0.13919987
  0.06910598  0.10035784 -0.06830071 -0.11513321 -0.00095799  0.05845379
  0.02254861  0.02405485 -0.08534905  0.09419345 -0.01958994  0.00729613
  0.04302572  0.03857633  0.04374234 -0.02552928  0.00248298 -0.0384051
 -0.02774024 -0.05596099  0.03805389  0.00084902  0.00452664  0.0233306
  0.02381486 -0.01746732  0.02147009  0.03172806  0.01221061 -0.02427374
  0.00879062  0.02823331]
cast    [ 0.64266607  0.0339341   0.26108317 -0.11698964  0.23457026  0.06173493
 -0.04872794 -0.06782055  0.03255867 -0.12782497 -0.06137473  0.034461
  0.06304763 -0.03904734 -0.00417356  0.03497518  0.05540408  0.02174328
  0.06237792  0.06707944 -0.00491634 -0.03289625 -0.06208994  0.03920323
  0.03186462  0.00296689  0.04728725 -0.04006854 -0.03303066 -0.01339972
  0.06322003  0.03551524 -0.00687333  0.00305838 -0.02922801  0.02387198
 -0.02010972  0.03645109 -0.01678464  0.01155618 -0.0163972  -0.01087031
  0.03817152 -0.0084669   0.01316693  0.00357178  0.03595462  0.05287337
 -0.02703762  0.04989162]
every    [ 0.788976    0.04510512 -0.07769763  0.16882533 -0.01902066  0.1867409
  0.12869449  0.10594198  0.09576541  0.08575513 -0.01185879 -0.06052716
  0.23927764  0.13370325 -0.07514744  0.05336652 -0.0601635   0.05781743
  0.0057115  -0.05535079 -0.00720763 -0.01995045 -0.046333   -0.00507051
 -0.06014912 -0.04230857 -0.08276576  0.03405368  0.02630564  0.05853914
 -0.00764043  0.00427325  0.01451419 -0.01148137 -0.00818023  0.01224032
  0.01819301  0.0373638  -0.01169379 -0.02248839  0.05105001  0.03651138
 -0.01358085 -0.02626544 -0.00185773  0.00098858 -0.05672895  0.03537382
  0.06738631 -0.00984992]
become    [ 8.81996766e-01 -6.31100091e-02  5.30565153e-02  1.05492492e-01
 -8.78321723e-02  1.33020145e-02 -2.40536716e-02 -9.42336220e-02
  8.58643873e-02  5.21346640e-02 -3.47204437e-02  6.99951588e-02
 -3.31936343e-02 -7.89547719e-02 -2.13434192e-03  8.81240214e-03
  1.98161672e-03  4.34252463e-02  9.16360970e-03  5.23924335e-02
  3.00466394e-02  2.39346544e-02  3.67109069e-02 -5.14032870e-02
 -1.17302938e-02 -1.17202641e-02  9.07599066e-03  1.65185184e-02
  1.16237121e-02 -4.99968479e-04 -2.70524709e-02 -1.15057235e-02
 -3.31207378e-02  1.62937606e-02  2.94271376e-02  1.90339020e-02
 -7.16468151e-02  3.47652641e-04  2.00028142e-02  8.45829725e-03
 -1.48882423e-02 -7.54436646e-03 -4.39099741e-02  1.97482391e-02
 -2.02174860e-02 -3.27019685e-02 -3.99182824e-03 -2.24438161e-02
 -2.36062840e-03  1.51660770e-02]
girl    [ 7.14353634e-01 -3.84143238e-01  2.82541009e-02  7.66388686e-03
 -5.79369386e-03  8.73508736e-02 -1.63332120e-01  2.47495291e-02
 -4.26225892e-02  1.31202491e-02  8.06699178e-02  2.62643006e-02
 -7.58600449e-02 -7.62246246e-02 -5.79005743e-02  1.26355602e-01
 -1.09356902e-01 -4.04370902e-02  1.72725954e-02 -1.17814723e-02
  4.77840930e-02  7.39909063e-03  6.23858383e-02  6.25524255e-02
 -1.49153134e-03  3.26470864e-04 -3.10851609e-02  3.67521784e-02
  4.16607248e-02 -1.79806504e-02 -4.20201669e-02  4.08650157e-02
 -3.95632413e-02  4.58319128e-02  6.99620419e-02  2.09111011e-02
  7.31059492e-02 -6.04587679e-03 -8.29547574e-02  8.24935853e-02
 -1.25558179e-02  3.55670588e-02 -3.08725189e-02 -3.99583928e-02
  4.97939988e-02  2.55555262e-02  9.01753152e-02 -5.12898533e-03
  1.26433798e-02  3.50603528e-02]
world    [ 7.42593363e-01 -1.76264823e-01  1.77312312e-02  3.31512851e-02
 -3.80394149e-02 -1.39860972e-01  4.46867446e-02  1.01077873e-02
 -1.33710269e-02  6.46628485e-02 -5.69685488e-02  7.34181438e-02
 -1.43336394e-02 -1.77507909e-02  7.36944178e-02 -3.92877308e-02
  1.47137742e-01  3.07653924e-02 -2.03990700e-02  7.17898481e-02
 -1.10322862e-01  5.04308852e-02 -1.31831664e-02 -5.87373158e-03
 -3.50779076e-02 -1.12360042e-02  6.63743680e-02 -1.51220694e-02
  5.64734408e-02  5.32083538e-03  1.34094101e-02  1.27988713e-02
  9.28248112e-03  5.25345216e-02  3.69796166e-02  1.00678512e-02
  4.34884977e-03  2.12602359e-02  1.24700979e-02 -1.43335563e-02
 -2.37726221e-02 -1.66213135e-02  3.00427218e-02  4.48805497e-04
  2.89340093e-03  7.23676033e-02  2.66328011e-02  3.41064071e-02
 -8.03317372e-02  1.21294082e-02]
quite    [ 8.67877856e-01  1.26540050e-01  7.68359087e-02 -1.07028938e-01
  7.75658234e-02  4.38098206e-02  5.91592157e-02  5.90205946e-02
  4.52418681e-04 -6.30630897e-02 -1.42594881e-01  5.35823040e-02
  1.15462621e-02  3.46625606e-02 -7.47088401e-02  1.46270841e-01
 -6.80541614e-02  5.06719882e-02 -3.58362124e-02  2.00240738e-02
  3.78163075e-03 -1.52504574e-02 -1.10028330e-02  3.89026585e-02
  1.76954385e-02 -2.91501058e-02  3.57790798e-02 -5.29809172e-02
 -7.42341996e-02 -2.45426048e-02  6.59427440e-02  4.98946771e-02
  3.49231986e-02  1.91822628e-02 -2.38228661e-03  4.08251915e-02
 -3.08755972e-02  1.81709684e-02 -4.22630268e-03 -4.25673211e-02
  3.81958049e-02 -6.59351148e-02  6.03600175e-03  4.57998833e-02
  5.56701936e-02 -3.45128193e-02 -1.00319356e-02 -1.74015131e-02
  4.19733887e-03  2.29411819e-02]
turn    [ 0.88596961 -0.05358193  0.00674728  0.00503328 -0.0702599   0.0555805
 -0.0446845   0.00513938  0.05316986 -0.0373353  -0.03981924  0.09296027
 -0.00805055 -0.08138394  0.04286155 -0.05416968  0.02551453  0.02951603
  0.00976938  0.07409196 -0.0286379  -0.07722315 -0.00867234  0.05400109
  0.01139021 -0.08700785  0.02191787 -0.05070961  0.02459047 -0.05126465
  0.01471544 -0.05813785  0.04302063  0.00270009 -0.07429094  0.03295213
  0.01662751 -0.0287451  -0.04414436 -0.03144444  0.04170503  0.05104306
  0.00217126  0.00695592  0.00952669 -0.03113703 -0.00739663  0.01071369
 -0.01068703 -0.01477437]
fact    [ 9.53614671e-01  1.10649007e-01 -9.50891587e-03 -3.24948195e-02
 -4.49912853e-02 -2.54354461e-02  1.91584463e-02 -3.72308231e-02
 -1.31963743e-02  1.37619428e-02  1.27655590e-02 -3.15783571e-02
 -3.71023788e-02 -2.00544331e-02  2.05065093e-02  1.25426595e-02
  8.86447205e-04  3.12829959e-02 -2.59904277e-02 -3.81101418e-02
 -9.31922940e-03  3.07266232e-02  1.66619352e-02 -3.05207989e-03
  5.19118912e-03 -7.61352554e-03  1.59960624e-02  1.20844558e-02
 -9.56440210e-03 -6.33905878e-03  1.91745513e-02  1.71752924e-02
 -1.56214148e-02  1.32448616e-02  2.16175631e-03 -1.50451185e-02
  1.34352325e-02 -1.66653781e-02  1.13980914e-02  9.64024902e-03
  1.30077106e-02 -2.27252657e-03 -3.94209296e-03 -3.61277337e-03
 -7.92696879e-03 -6.42812322e-03  5.56286164e-04  4.27928630e-03
 -7.65815364e-04 -5.11603050e-03]
pretty    [ 6.44922659e-01  1.17521482e-01  1.15166738e-01 -2.19059204e-01
  1.07767388e-01  1.86629328e-01 -6.14676503e-02  5.93288659e-02
  7.56671706e-03 -9.94239539e-02 -1.52882055e-01  1.19555776e-01
 -5.32827758e-02 -8.45139743e-02 -5.45467390e-02  2.40487740e-01
  6.90160180e-02  5.16926408e-02  2.45001917e-02  4.15701959e-02
  5.07812991e-04 -4.86772786e-02 -2.90596489e-02  1.14195677e-02
 -2.77996435e-02 -1.26361883e-01  1.27293750e-01 -1.06308528e-02
 -8.73795734e-02 -9.81002001e-02  5.55947689e-03  1.44718416e-01
 -1.07333961e-01 -2.78030324e-02 -1.03766001e-01  8.62530242e-02
  4.90199511e-02 -1.10323184e-01  7.73616810e-02  2.80025239e-02
  3.30082413e-02 -3.91516354e-02 -6.56973659e-02 -4.39881723e-02
  3.55748423e-02 -1.67672595e-02 -6.98493520e-02 -1.41738378e-02
  2.32504816e-02 -1.08622586e-01]
young    [ 0.58238527 -0.29334895  0.16960288  0.14944624 -0.06124517  0.00879371
 -0.15575531 -0.16920606 -0.06445955  0.08994968  0.07198734 -0.06383593
  0.00451759 -0.16060136 -0.19621225  0.09049805 -0.08324097 -0.1759165
 -0.02621678  0.07019563 -0.05747382 -0.06013377  0.06094525 -0.01125471
 -0.01848223  0.07618189  0.08838239 -0.05579579  0.12860657 -0.08209711
 -0.06235725  0.07050963  0.00422852 -0.01763795 -0.10238393  0.01730407
  0.00201422  0.02542315  0.01081741  0.02922912  0.04309593  0.04338189
 -0.05752432 -0.02201998  0.03803834 -0.09160359 -0.07050895  0.02951323
 -0.01251872  0.01415716]
better    [ 0.78783263  0.07597866 -0.12092094 -0.10159321  0.0255879  -0.08907248
  0.08878395 -0.07132082  0.14810751 -0.10270516 -0.03752002 -0.04016403
 -0.06812445 -0.07543958  0.00950264 -0.02038714 -0.01813524 -0.04855194
  0.13449707  0.04875043  0.12951219  0.01806439  0.04282823 -0.03558956
 -0.06983092 -0.09830654  0.02025694  0.09485483  0.03381871 -0.01912663
 -0.02532379  0.09418912 -0.12756956 -0.02216066 -0.04224609  0.01045748
  0.13029219 -0.06115746  0.12393173  0.09249699  0.01399568 -0.01312281
 -0.00970866 -0.05782696  0.00725989  0.01382198 -0.05668844 -0.02476839
 -0.04607261 -0.11834941]
day    [ 0.80604701 -0.16447992 -0.1280516   0.10772926  0.09793747 -0.0657969
 -0.03352755  0.04592217  0.25161095  0.02522444  0.10158802  0.16584335
  0.0057213   0.01360465  0.09792662  0.03699986 -0.04833583 -0.06154085
 -0.09569479  0.09713289 -0.0228895   0.00627316  0.01373189  0.02288281
  0.02565067 -0.00967953 -0.03949743  0.05512541 -0.03138691 -0.01187858
 -0.03167245  0.02862042  0.02840293  0.00211621 -0.00992868  0.02075716
  0.01627851 -0.04343897  0.02503511  0.02958145 -0.06171421  0.03471943
  0.03319034 -0.06797169  0.05998923  0.00979436 -0.04411615  0.00815567
  0.01121282  0.01620803]
around    [ 0.78657618 -0.22703563 -0.01274089  0.10248418 -0.1155936   0.0498322
  0.06022307  0.06220621 -0.09676948  0.02412093 -0.08710148  0.01623864
  0.16508466 -0.03798386  0.07396454 -0.03618805 -0.1316724   0.00205058
 -0.02494784  0.02471534 -0.05513951 -0.00159966 -0.05668703  0.03309727
 -0.02963109  0.06380177  0.06106284  0.03069231  0.0498601   0.00288739
 -0.07248685  0.09374555 -0.03916301 -0.03209823 -0.00546475  0.07692732
 -0.03131172 -0.00402377 -0.02200939  0.00758834  0.02835941 -0.00377371
 -0.01823958  0.05017431 -0.03940126  0.00396247  0.00852221 -0.00110954
 -0.04483784 -0.02312015]
minute    [ 6.18738588e-01  5.01404812e-02 -1.74111017e-01  1.81230596e-01
  5.22541789e-02  1.10149301e-01  7.58846456e-02  2.52863445e-02
  4.07587629e-02 -2.76417178e-02  1.81697253e-02  7.16336086e-02
  1.81673445e-02  2.96514228e-02  1.03666807e-01 -3.15560081e-02
  1.95539482e-02  1.12583277e-01 -1.80159804e-03  1.05513113e-02
  1.84179431e-02 -1.33435300e-01  2.46351613e-01 -2.67105709e-02
  1.78702081e-01  3.85114220e-02  4.54866870e-02 -3.22331429e-02
  5.19987832e-02  4.96163168e-02  3.40044132e-02  1.16004511e-01
  4.74474182e-04  9.41858386e-02  1.35356141e-02 -5.88294309e-02
 -1.14484462e-01  5.00122007e-03 -5.15598192e-02  4.13178066e-02
 -6.77222816e-02 -1.58269757e-02  3.45853564e-03  8.99298865e-03
 -3.96059590e-02 -2.63511646e-02 -1.03074496e-01  2.51028539e-02
 -3.07906741e-02 -4.24363710e-02]
comedy    [ 8.16250083e-01  3.68012094e-02  1.67919917e-02 -1.20565110e-01
  1.54581174e-01 -6.00090553e-03 -1.08377536e-02  5.84010114e-02
  2.64038481e-02  1.13396515e-01 -6.56893556e-03  1.13010517e-01
 -2.20509647e-02 -1.63741041e-02 -1.29722700e-02  9.66827289e-02
  1.43098313e-02  4.51109462e-02  8.10075090e-02  9.19317666e-03
  5.34231395e-02  4.82298772e-02 -1.00315502e-01  4.55377822e-02
  2.09605301e-02  1.26434324e-02  4.85801870e-04  1.09519380e-02
  4.57143777e-02  2.97478617e-02 -8.41484501e-02 -7.19515691e-02
  7.11410716e-03  2.59027610e-02 -3.30244467e-02 -1.58191103e-02
 -9.89973505e-03  7.91915564e-02 -4.82895957e-03 -2.18465703e-02
 -4.87822135e-03 -1.23024722e-02 -4.38900923e-02 -2.76569381e-02
 -5.38835595e-02 -4.80442376e-03  7.44601077e-03 -2.37795423e-02
 -2.69362830e-02  7.35493593e-03]
horror    [ 7.94133047e-01  4.67633709e-01 -1.50861404e-01  7.36994429e-02
 -2.43962661e-02 -1.03022395e-01 -1.57333441e-01 -2.06288908e-03
 -1.10884263e-01  5.71977748e-02  6.94827160e-02 -2.11460786e-02
  1.88625334e-02 -3.63059138e-02  3.25350794e-02  6.54131809e-02
 -9.71900651e-03  8.16581976e-02  5.13993470e-03 -3.19914706e-02
  2.57005066e-02 -2.26436662e-02 -3.55873090e-02  9.33210748e-03
 -1.29142730e-02  4.53373411e-03  2.23063053e-03 -4.45080645e-02
  2.30085471e-02  3.87080560e-02 -4.18882752e-02 -2.21184901e-02
  2.83186318e-02 -1.47728980e-03 -1.32268620e-02 -2.01591825e-02
  1.23479472e-02 -4.12493055e-02  5.19528646e-03 -5.48193394e-03
 -9.24267431e-04 -2.49952593e-02 -1.97718368e-03  2.21176991e-02
 -7.79375016e-03  1.81942197e-02  9.89131336e-04  4.84787546e-04
  2.82951303e-02 -2.91170465e-03]
enough    [ 0.86292431 -0.03842339  0.00113424 -0.20265258  0.08466735  0.05083835
  0.15828867  0.07055006 -0.03298537 -0.13219884  0.00182823  0.00699514
 -0.00770159 -0.00234673 -0.03243419  0.18324582 -0.03048906  0.00658458
 -0.01569951 -0.04654345 -0.02767422 -0.0631686  -0.04680259  0.00753557
  0.01102241  0.02872274  0.05544786 -0.06923318 -0.07134567 -0.01394832
 -0.0393964   0.02869773  0.04374225 -0.02363564 -0.00892334  0.04435295
 -0.00352365 -0.02148411 -0.022303   -0.06163697  0.00503741 -0.05340623
 -0.00466657 -0.0088063   0.03739132  0.03175206 -0.00854423  0.00610051
  0.04050615  0.02886761]
original    [ 0.90061094  0.18996024  0.0340409  -0.01037831  0.01128058 -0.02009927
 -0.00863709 -0.01713289 -0.04974307  0.04801817  0.01470405  0.11579428
 -0.05310866  0.1049058  -0.01687781 -0.04683292 -0.0474223  -0.04539841
  0.02433848 -0.02189473  0.03246327 -0.01851232 -0.03229673 -0.0502315
  0.06084465  0.04169049  0.06725337  0.00680291 -0.05912847 -0.05989259
  0.00771688 -0.01138487 -0.00244155 -0.01214413  0.01144846  0.01288855
  0.01509001 -0.03297245  0.0442049  -0.00589248  0.04502051 -0.00644357
 -0.01956809  0.01949908  0.00778667  0.00280299 -0.00426467 -0.00747315
  0.02756768 -0.04652757]
action    [ 0.83913177  0.25047496  0.00276425 -0.00543628 -0.08985748  0.08953057
 -0.12136451  0.17604976  0.0377331   0.03515097  0.03321889 -0.04943268
  0.01278499  0.04959466 -0.06120283  0.04183603  0.12609758  0.07080263
  0.0676004  -0.10856752  0.0626056  -0.06331002 -0.09078923  0.03318124
 -0.04593715  0.01117104  0.02973349 -0.03412601  0.05154598  0.00757629
  0.01424908 -0.03899696  0.00831825  0.02998895 -0.04701505 -0.01376341
  0.00475456 -0.01071437  0.03549287  0.02390329 -0.01072329 -0.02783712
  0.00392621 -0.029063    0.00183121 -0.00652317 -0.00093184  0.0103044
  0.00403425 -0.0096472 ]
right    [ 8.92144698e-01 -1.12789437e-01 -1.32466191e-01 -5.83548773e-02
 -8.31578859e-02  1.28673378e-02 -3.49024176e-02  2.79492110e-02
 -1.05179532e-02 -1.55405427e-01 -5.95167938e-04 -2.02356417e-02
  3.79471733e-02  2.14708407e-02  4.89654145e-02 -2.08487202e-02
 -5.12948391e-02  4.18095421e-02  1.78488990e-03  2.57160955e-02
 -1.72188888e-02  4.94432379e-02 -3.99894918e-02  1.36078215e-02
  1.12628353e-02 -1.54431327e-02 -3.33729938e-02 -2.61583956e-02
 -1.12663989e-02 -5.67879229e-03  2.61132465e-02  2.55896215e-02
 -3.11875927e-02 -1.00766375e-02 -2.08860470e-02 -1.53472818e-02
  5.79726326e-02  9.91540288e-03 -4.69146718e-02 -4.72989231e-02
  4.14857414e-03 -3.93860024e-02 -2.04322263e-03  9.62024993e-03
  6.13686181e-03  2.43081513e-02 -2.32753567e-02  4.48130056e-02
 -3.42382068e-02 -4.50448461e-02]
may    [ 8.92997224e-01  1.42881575e-02 -1.68433774e-02 -1.13566117e-02
 -1.26426842e-03 -7.60614758e-03 -4.21735749e-02  1.65513613e-03
  1.12610801e-02  4.51951886e-02 -1.87819119e-02  3.69862456e-02
 -4.46101466e-02  6.88518537e-02  1.98929409e-02  3.35461591e-02
 -5.66825956e-02  7.41946550e-03 -3.79898263e-02 -1.06298285e-03
 -5.62567038e-02  5.72205426e-02  5.47506771e-03  2.08272884e-02
 -3.15578052e-03 -4.60462361e-02 -2.39293170e-02  2.84881616e-02
 -7.98029574e-02  1.32948176e-02  9.88989088e-02  9.74657059e-03
 -6.09043411e-02  5.22741671e-02 -8.74603084e-02  3.45925613e-02
 -3.46772932e-02  9.75464485e-02  7.74061500e-02 -4.05204259e-02
  2.88864956e-02 -4.55806531e-02  1.90146166e-02 -8.29684819e-04
  2.51645915e-02 -3.15891916e-02  3.26374391e-02  2.88890726e-02
  1.50341936e-02 -9.36839623e-03]
big    [ 0.78855644 -0.0227687  -0.07629835  0.01132057  0.05951462 -0.0091387
 -0.01706269  0.04826562  0.05491976  0.07541768  0.11471065  0.02073187
  0.11490591 -0.02397483  0.01319018 -0.0222074  -0.06620292  0.03381001
  0.02330193 -0.00390456  0.00257656  0.1044155  -0.00135615 -0.01280244
 -0.03815575 -0.00144929  0.07886694 -0.0160452  -0.02879138  0.02276128
 -0.03958987 -0.06990815  0.00477672 -0.03560497  0.01796175 -0.00579487
 -0.01254543 -0.05098848 -0.03385576  0.04902384 -0.02779498 -0.01225876
 -0.00481448  0.04405229 -0.03032894 -0.02331534  0.0160999  -0.07213119
  0.11558028 -0.02358831]
need    [ 8.90180017e-01 -4.70574312e-02 -9.27320315e-02 -1.45909590e-01
 -6.37476123e-02 -8.61297966e-03  5.34610841e-02 -5.25326888e-02
 -2.40652226e-03 -3.55439929e-02 -4.66399648e-02 -7.64701452e-03
 -2.59184715e-02  6.42292761e-02 -4.04351294e-02  4.37699220e-02
 -2.61670619e-02 -6.77499355e-02 -1.42935307e-02 -9.85232516e-02
 -7.19019580e-02  3.18211386e-02 -4.08893963e-02  3.45947975e-02
  7.97322812e-02  5.25998943e-03  1.64192569e-02 -2.25043968e-02
 -4.46695699e-03 -3.82022319e-02 -2.81165305e-02  6.54170074e-03
 -3.65087276e-02 -3.89168312e-02  4.41533228e-02 -2.63324097e-03
 -2.88288599e-02 -7.19290602e-03 -2.36526649e-02  5.06034727e-02
 -1.19678768e-03  2.09610731e-03  2.34666806e-02 -4.22724754e-02
 -1.40404424e-02 -2.92900967e-03  2.50894138e-02  7.42728834e-04
 -1.96623436e-02  2.81654982e-02]
family    [ 8.52835259e-01 -1.19759166e-01 -5.65726377e-03  1.04431930e-01
 -5.16513360e-02 -7.72851055e-02 -1.05651677e-01 -7.40043353e-02
 -1.00238288e-01  7.62263865e-03  1.51526647e-02  1.21821353e-01
  5.22571822e-02 -2.14399428e-02 -6.33512171e-02  8.99651765e-02
  9.39195261e-02  1.28503150e-02  7.74253694e-03  1.79300181e-02
 -4.62710666e-02 -7.43188767e-02 -2.35778292e-02  4.26454974e-02
  3.80545877e-02 -4.89754918e-03 -3.09262125e-02  4.60829549e-02
  8.58667610e-03 -2.52982570e-03  1.28680944e-02  1.07343886e-02
  2.68223163e-03 -2.05828512e-03  2.67019866e-02  3.97068948e-02
 -1.12942207e-02 -2.68091076e-03  4.47694463e-02  1.46706801e-02
 -1.34594657e-02 -4.17600480e-04  4.06453323e-02  2.86776955e-03
 -4.04298452e-02 -3.05422108e-02  4.78309550e-02  1.06152308e-03
  1.97062732e-02  4.86839453e-02]
kill    [ 0.71369116 -0.4375813  -0.08485478  0.01578119 -0.17776075  0.04023572
 -0.07234637 -0.02590813  0.10847256 -0.0856225   0.00186203 -0.1141526
 -0.02401847 -0.15457893  0.08693226  0.08949229 -0.0898091  -0.05511806
  0.02687822  0.01014143 -0.08727798 -0.03397016 -0.03572598 -0.08551682
  0.01624613  0.02179685  0.0636811  -0.04761836  0.03124663 -0.00410765
  0.01002088 -0.03761135  0.01794033 -0.06248837 -0.01155511  0.00873857
 -0.10058507  0.04577129  0.02632498  0.04450093  0.01515582  0.0479924
 -0.00951593  0.05540519 -0.04755025 -0.08604187  0.00896208  0.06841128
  0.01042653 -0.0108195 ]
however    [ 9.57616850e-01  1.80325327e-01 -1.95504852e-02  3.30101564e-02
 -2.74862884e-02 -3.84352480e-02 -8.49967009e-03  1.02498217e-02
  9.06221205e-03 -1.20472039e-02  1.70203033e-02  2.19643069e-02
 -2.57949217e-02  3.29893357e-02 -3.52400550e-03  4.42549741e-02
 -3.41387811e-02  4.19556687e-02 -6.90048869e-03  1.76863913e-02
 -4.07606672e-02 -4.28902589e-03 -3.50930838e-03  3.17191562e-02
  1.01165965e-02 -2.69863597e-02 -2.47969434e-02  1.27837131e-02
 -3.17390223e-02  1.04620006e-03  1.66004965e-02  1.89817454e-02
  7.06129243e-03 -2.10687949e-02 -7.67949332e-03  7.12644368e-03
 -7.58792002e-03 -8.52038141e-03  2.55093419e-02  1.58337840e-04
  1.81811167e-02 -9.78130946e-03 -1.04190098e-02  1.10782658e-02
  7.31746331e-03 -4.94289882e-03  1.55878853e-02 -1.99444285e-02
  9.92728243e-04 -7.11514043e-03]
set    [ 8.79264425e-01  1.27904566e-01  8.93241860e-02  9.63102526e-02
 -4.58478651e-02 -4.77358243e-03 -1.87380588e-02  1.04254484e-01
 -5.72301987e-02  2.15290410e-02 -6.28948936e-02  2.40490053e-02
  6.98546651e-02  1.05150896e-02  4.48242826e-02 -3.71544341e-02
  1.00753285e-02 -8.79190788e-02 -1.62927651e-02  2.49785779e-02
  6.63143223e-02 -2.78857455e-02 -6.44795190e-03 -5.14243639e-03
 -2.73193923e-03  3.03021271e-02 -8.64927792e-03 -4.63104999e-02
 -2.86958813e-03 -2.04630139e-02  3.19599816e-02  2.10601140e-03
  1.51623957e-02 -4.79941774e-03  8.97205202e-02 -1.88247725e-02
  2.25129154e-03 -1.49148782e-02  4.23915442e-03  3.56309704e-02
 -1.21051587e-02 -2.75443672e-02 -2.10331433e-03 -2.67516667e-02
 -7.20086230e-03  3.16825632e-02  1.44682111e-02 -6.35021533e-04
  1.71277962e-02 -4.67276311e-03]
bit    [ 8.02850829e-01 -4.38856151e-02  6.68797652e-02 -7.14434285e-02
 -2.79119570e-02  7.26354297e-02  5.09801269e-02  9.63838588e-02
  1.67091354e-02 -1.45940726e-02 -9.25449921e-02  3.76250035e-02
 -6.85293021e-02  4.55728632e-02 -1.19437346e-03  7.64475641e-02
 -9.93283530e-02  3.88339333e-02  6.04184881e-02  5.44002918e-02
  9.51505568e-02  8.06893792e-02  1.10222394e-01  5.97869627e-02
  2.37926499e-02 -5.90447991e-02 -2.09374125e-02  1.05240968e-01
 -1.52449171e-02 -8.57758600e-03  9.10600956e-03  2.76039867e-02
 -7.36445841e-02  6.92960772e-02 -5.03399461e-02  4.17527978e-02
  3.88790513e-02 -2.43838256e-03 -2.34902381e-03  4.81269008e-02
  1.42747931e-02 -1.26960896e-02 -3.91247912e-02 -4.31600083e-02
  4.68946703e-04 -1.41923030e-02  5.90349385e-02 -5.77792787e-02
 -2.19826697e-02 -2.11155611e-03]
happen    [ 7.96012626e-01 -1.33937749e-01 -1.26745468e-01 -1.37687185e-01
 -1.17561685e-01 -4.17832512e-03  6.99819027e-02 -9.83756145e-02
  7.88696702e-02  2.21999061e-03 -1.15092950e-01 -6.87773077e-03
 -8.77801116e-02  4.02873124e-02 -4.07083053e-02 -7.61645659e-02
  2.09715342e-02  3.53248723e-02 -5.01605224e-02 -2.82808904e-02
 -4.19680153e-02  7.06111976e-02 -5.54301566e-02  2.96474303e-02
 -3.43974556e-03 -3.95769544e-02 -2.39974443e-02 -3.93313155e-02
  4.21677516e-02  4.35021317e-02 -3.94287156e-03  7.75522485e-02
 -1.01912483e-01  8.46072965e-02  9.92830571e-02  2.54677181e-02
 -3.90330401e-02 -7.54557761e-03  1.25873140e-04  5.56734560e-02
 -2.61917380e-02 -1.36881653e-02 -1.03281098e-02  2.31970572e-02
 -2.86906003e-02 -3.89896891e-02 -2.48148030e-02 -4.27498108e-02
 -7.02995874e-02 -1.51101060e-02]
enjoy    [ 8.58933458e-01  2.79206968e-01 -1.96029364e-01 -3.66764424e-02
 -3.31094847e-02 -1.25044479e-02 -6.66000446e-02 -1.03375387e-01
 -1.51407511e-03  4.25382353e-02 -2.76421282e-02 -3.39614908e-02
  9.66025401e-03  3.66527333e-02 -6.59623452e-02  9.94269579e-02
  3.83970358e-02 -1.81428924e-02  2.55431208e-02  3.35132105e-02
  2.68599637e-02 -3.46012120e-02  1.69623262e-02  1.73975995e-02
  8.12282282e-02 -1.43543994e-02 -4.67033809e-02  4.16608834e-02
  2.16505027e-04 -5.63955307e-02 -3.54198542e-03  1.05424829e-03
 -1.55798618e-02  7.59011628e-03 -2.80466293e-02  5.23712754e-02
 -4.63527025e-02 -2.94870603e-02  2.52517846e-02  2.88224864e-02
  9.91623426e-03  4.27128642e-02 -3.02270995e-02  2.35605938e-02
 -7.74668640e-02 -4.38354714e-03  1.39482798e-02  6.03552987e-03
 -1.76572507e-02 -9.31859841e-03]
without    [ 0.88353337  0.01808606 -0.0790076  -0.05561443 -0.0661591  -0.02207448
  0.04420763 -0.01888122  0.02827779 -0.06083548 -0.00800808  0.02682409
 -0.04194952  0.03275858 -0.02444815 -0.0510831   0.05994002 -0.03398948
  0.02978432 -0.03621953  0.01530618  0.00311977  0.0209383  -0.04492482
 -0.01720057 -0.02401923 -0.01758137  0.03769719  0.01563092  0.02124741
 -0.06572827  0.00631252 -0.06239246  0.02224514 -0.0099456   0.02723396
  0.06907951 -0.02839721  0.07910456 -0.0497811  -0.00216451 -0.00588021
 -0.04402998  0.00252327 -0.01623906  0.01065106 -0.0375324   0.05282586
 -0.00754901  0.01021816]
series    [ 0.77721996 -0.08239399 -0.01883742  0.01301072  0.15319266 -0.02823681
  0.06216658 -0.0077485   0.05626178  0.08130369  0.04620203  0.15477413
 -0.01302583  0.11362457  0.09055337 -0.03902634  0.05730907  0.03685644
  0.01543809  0.08295233  0.06745743 -0.03110521  0.00992599 -0.10532379
  0.06228164  0.07232138  0.05603723  0.04256279 -0.02055532 -0.04779023
  0.0053474  -0.02797158 -0.00697962  0.0180455   0.01440107 -0.04868904
 -0.07670252  0.04803961  0.03378847  0.02141201  0.02644879 -0.03588166
 -0.06880867  0.01181844  0.01209842  0.02224662  0.01045164 -0.01616665
 -0.00939099 -0.07271872]
long    [ 0.75386443 -0.04364703 -0.18929631  0.14885224  0.00107734  0.1357597
  0.20633279  0.06617194  0.02239933 -0.00568967 -0.10350959  0.10443825
  0.33103804  0.10369063 -0.07085079  0.0039835  -0.13037952  0.09479959
 -0.02444395 -0.04195419  0.02510759 -0.01487565  0.03527934  0.09750621
 -0.0391377  -0.04216712  0.01005154 -0.03643244  0.11783542  0.03469638
 -0.03313883  0.0359985  -0.01866423  0.01556658 -0.02641251  0.03299198
  0.02107591  0.01456662 -0.04303679 -0.009255    0.0623946   0.00111411
  0.00445801  0.01948635  0.01129144 -0.04412262 -0.02505323 -0.00983721
  0.02022677 -0.00226609]
line    [ 0.67458336  0.02883214  0.20087963 -0.10603968 -0.15032674  0.2029252
  0.07902041 -0.00932877 -0.08282433  0.00147934  0.02915463  0.33283269
 -0.10779786  0.03331082  0.01251318 -0.19270625 -0.22359192 -0.19339824
  0.11617433 -0.04083771 -0.04423413 -0.12070355 -0.05784933 -0.03649535
  0.01053037  0.07024647  0.07048828  0.02430912 -0.01425682 -0.01396015
  0.01506229  0.03083389  0.01417517  0.03443436  0.02984166  0.01186933
  0.05865048 -0.04386466 -0.03229366 -0.00938149  0.02316023  0.05179424
  0.00530776 -0.01103388 -0.01660795  0.0319129  -0.011778    0.03224389
  0.05227407 -0.00097314]
keep    [ 0.85890627 -0.04637396 -0.08810833 -0.02773982 -0.12344731  0.00371084
 -0.00392739 -0.02931858 -0.01630533 -0.09623554 -0.02373294  0.01633051
  0.03573686  0.02305002  0.00260427 -0.01424022  0.00715073  0.00954822
 -0.02198364  0.04031418  0.02934169 -0.01265717 -0.07770537  0.04606964
  0.0848343  -0.00724727 -0.11086551  0.0154401  -0.08312055 -0.02012583
 -0.07610418  0.02470004 -0.03472421  0.01927725 -0.07043361  0.04242521
 -0.03973895  0.07874487  0.00489461  0.00736186 -0.04225551  0.04882456
 -0.03441375  0.03352897 -0.02993876  0.05010769 -0.0164011   0.04406884
  0.03515591 -0.01050211]
always    [ 9.05363150e-01 -8.88444218e-02  1.78255266e-02 -1.32796222e-01
  9.93864030e-02  4.01321140e-02 -4.95472502e-02 -3.88684427e-02
 -4.16501196e-02  2.32728117e-02 -8.18262347e-03  4.52183230e-02
  2.72324744e-02  6.12303019e-02 -2.66638830e-02  7.68631946e-02
  8.20087693e-03  2.68188289e-02 -2.68211841e-03  1.94132861e-02
 -3.98201692e-02  2.02346896e-02 -7.45392044e-02  3.89352619e-02
  3.11948705e-02 -1.18350515e-02 -6.44433821e-02 -1.92598954e-02
 -2.43379805e-02 -1.70240067e-02  1.50520232e-02  5.00133385e-02
 -6.30871710e-03 -2.51565494e-02  3.47682761e-03  2.74301514e-02
 -3.86543221e-02  4.00719250e-02 -1.30326951e-02 -3.04952382e-02
  2.71943178e-02  8.84011963e-03 -3.23780059e-02 -1.64992012e-02
 -2.66499115e-04 -4.90146545e-03 -7.54186201e-03  3.79602367e-02
  5.73345767e-03 -2.01781204e-02]
script    [ 7.39248899e-01  7.99573279e-02  2.22698273e-01 -2.48327314e-01
  1.57184494e-01  1.21249605e-01  5.67140011e-02  5.64463266e-02
 -8.99473974e-03 -1.74145006e-01 -1.14158316e-01  8.71094478e-02
 -6.51145813e-03 -1.37407486e-01  1.05920327e-02 -7.40083386e-02
 -2.42643691e-02 -1.85003129e-02 -1.58988212e-01 -7.18358427e-02
 -1.02556969e-01 -8.56835412e-02  1.00621792e-01 -1.49706131e-01
 -5.53138532e-02 -3.70820101e-02 -4.06666068e-02  6.82818886e-02
  1.17510806e-02  4.45264281e-02 -4.72639079e-03 -7.76680941e-02
 -6.60943136e-03  5.60230306e-03 -6.19440783e-02 -1.40918018e-03
 -5.47124339e-05  2.03497243e-02  9.35559328e-03  5.65595551e-02
 -4.82600088e-02 -4.91962138e-02 -4.60532452e-02 -5.50872821e-02
 -1.06328350e-02  2.33016924e-02  2.78037678e-02 -5.75659903e-02
 -1.33403182e-02  1.24725147e-02]
fan    [ 0.76662745  0.15302981 -0.16946337 -0.04372728  0.08028859 -0.06483246
 -0.1201398  -0.06712394 -0.0213029   0.12183318  0.01508385  0.03094389
  0.00336283  0.04577843 -0.00217376  0.03582548  0.0435024   0.02178422
  0.07785044 -0.02029509  0.05436516  0.04821617 -0.01538056 -0.04158727
 -0.00192056  0.00814966  0.07410745 -0.02297274  0.01678287  0.05338702
 -0.04773132 -0.13705182 -0.02084034  0.00620218  0.00703864 -0.03425515
 -0.00791008 -0.02784927 -0.05420601  0.03648668  0.0117348  -0.03704082
 -0.01638313  0.0026434   0.01273935 -0.00890325 -0.03375568  0.01867389
  0.05195036 -0.01083695]
saw    [ 7.38723790e-01  3.26357494e-01 -2.76081586e-01  1.81767585e-01
 -1.37685094e-02  7.12369882e-02 -9.61643062e-02 -6.64998966e-02
 -3.63574212e-02  4.03174110e-02  6.35926177e-02  2.80153131e-02
  1.20506609e-01 -3.87076896e-02  3.20370566e-02 -2.45634799e-03
  2.26464453e-02  1.08831362e-01 -3.14385831e-02 -2.71343502e-02
  5.01749412e-02 -1.09956728e-02  8.45378866e-02 -8.02063902e-02
  6.26518388e-02 -6.65548771e-03  5.39525700e-02 -5.86808416e-02
  1.83478428e-02  2.00889939e-02  9.84463800e-02  7.46411326e-02
 -2.17958151e-02  6.15322960e-02 -2.38997737e-02 -7.31631568e-02
 -5.18974888e-02 -2.06623645e-02 -7.57691056e-02  7.22959230e-02
 -4.25999912e-02 -1.24455868e-02  8.86150236e-05  6.90771357e-02
 -2.71909098e-02 -1.76896008e-02 -1.01567003e-01  1.98781052e-02
 -5.11805156e-02  2.38716435e-02]
far    [ 0.82585949  0.03278144 -0.07022572 -0.00434509 -0.04591007 -0.05005674
 -0.00631045 -0.02048565  0.0333033  -0.10619112 -0.02632837  0.08087446
 -0.01233703  0.00770491  0.06672656 -0.10495365  0.023847    0.05491062
 -0.09806189 -0.01394893  0.05844488 -0.00575197 -0.10000892  0.05392651
 -0.07327962  0.01239206 -0.01755014  0.0023144   0.05788659 -0.02067716
 -0.1624419   0.07348553 -0.15200819  0.13685309 -0.06290993 -0.02656777
  0.04657252 -0.02887698  0.02092451 -0.09074195  0.05731943 -0.0314346
  0.04596555 -0.01154658 -0.00268309 -0.06267955  0.03363323  0.03316723
  0.01970089 -0.07593776]
write    [ 0.7414403   0.10821892  0.10128012 -0.059437    0.01568578  0.07031721
  0.01590716 -0.09251423  0.01247751 -0.04193498 -0.11438902  0.0584304
 -0.00468142 -0.03922015 -0.02176442 -0.15401194 -0.12775991 -0.04358582
 -0.01204359 -0.05360738 -0.00860423 -0.05482585  0.04027132 -0.13855787
 -0.0235618   0.04123487 -0.01662665 -0.02010564 -0.03451599 -0.03251421
  0.09970531 -0.03961828 -0.0373486   0.02907813 -0.12550272  0.00495557
  0.0245888   0.11355016  0.06173339  0.06100313 -0.01720125 -0.11104031
  0.04757804 -0.00126578  0.01612107  0.02016298  0.02110593 -0.05869939
  0.03972065  0.05882799]
must    [ 0.76647839 -0.02775618 -0.17669718 -0.06573176  0.12244697 -0.06492321
 -0.01389893 -0.05217348  0.01965228  0.04850336  0.07381711  0.04517775
 -0.01832717  0.2826776  -0.08393158  0.05497889 -0.02555092 -0.1072878
 -0.17272646 -0.01747324 -0.15892105  0.01957444 -0.02777506 -0.01683746
 -0.04545955 -0.08665877  0.00850619 -0.07436633 -0.01132899  0.05032128
 -0.04138388 -0.06711149 -0.08237241  0.07008864 -0.03751007  0.0419305
  0.02732954  0.02419776 -0.02470925  0.00876865 -0.00584046  0.01461528
  0.07006131  0.02843835 -0.04490908 -0.09417719 -0.04553755  0.00919699
  0.04218907  0.01060743]
almost    [ 0.88894186  0.05137042 -0.00934459  0.00654513  0.04294362  0.09164308
  0.05929586  0.09514947 -0.04868232  0.08875444  0.01613071 -0.06995205
 -0.02592389  0.04863559  0.04394857 -0.00712867 -0.04453244  0.08088707
 -0.03254631  0.02745975 -0.02956444 -0.07144904  0.00859436 -0.01593196
 -0.01313994 -0.05203467 -0.04905391  0.08317256 -0.00367787 -0.02349133
  0.0317663   0.0253293   0.04214556  0.02073025  0.02050401 -0.05616502
  0.05132657  0.01306806 -0.00548566 -0.03596138  0.0072059   0.03360307
 -0.0077407  -0.05277225 -0.03833596  0.01689336 -0.06246795  0.03132405
  0.07096972 -0.01218722]
least    [ 0.90255375 -0.00138564 -0.12059608 -0.04713471  0.09383226  0.04995641
  0.05146498 -0.01811702  0.17569233 -0.00111313  0.03939091  0.04599041
 -0.01145559  0.05021004  0.0281831   0.03079934 -0.0641396  -0.04337896
  0.01632638  0.02270749 -0.00787755 -0.04689473  0.01806306  0.01547921
 -0.04301227 -0.07803086 -0.00740583 -0.00172637 -0.0560701   0.02074304
  0.01432622  0.01760782 -0.00893629 -0.01258144  0.01752058  0.04253286
  0.02023055  0.08890056  0.02376625  0.04156698 -0.00882053 -0.00286922
  0.02383998 -0.0099923   0.03335471  0.01979162 -0.0154169   0.01801998
  0.01616773 -0.01768143]
last    [ 0.74302186  0.08201013 -0.1809596   0.39336512  0.15080243  0.22364485
  0.08876574  0.07950332  0.07989486  0.03468602 -0.01574601 -0.0244587
 -0.08329333  0.00947644 -0.05127513 -0.0193253   0.00085122  0.02754702
 -0.06901497 -0.03551598  0.01611702  0.00509533 -0.09785183 -0.00202781
  0.06305875 -0.05227551 -0.05027354  0.00473023  0.00483771  0.02174715
 -0.00751297  0.05441333  0.00350789 -0.04793961  0.01603846  0.01736391
 -0.01415328  0.00829707  0.02414773  0.00941783  0.02516872 -0.03615617
  0.01308837  0.00302615 -0.0188847   0.02641458  0.01928793  0.01140293
 -0.04022333  0.01927531]
whole    [ 0.80004242  0.28222478 -0.10991247 -0.02142046 -0.14633073  0.05473827
 -0.01414041 -0.0102595  -0.08959992  0.0097871   0.08786013  0.00174093
  0.08706837 -0.02203368 -0.02820313 -0.02504522  0.03694449  0.01385647
  0.02689439 -0.00563937 -0.01154914  0.00786811 -0.03658525  0.03594059
  0.00370093 -0.03702783 -0.01987097 -0.02281645 -0.01665862 -0.00121563
  0.06740236  0.05204014 -0.03832529  0.04678277  0.04399253  0.04191022
  0.00219932 -0.00833847  0.04951729  0.01213653  0.03956061  0.01013679
 -0.00383375  0.02394808 -0.0785058   0.00952605  0.02305287 -0.00612802
 -0.01631375 -0.01261085]
put    [ 0.8292183   0.0315944   0.01379219 -0.00361636 -0.02136173 -0.0654241
  0.01727753 -0.04121496  0.07770836 -0.06996234 -0.13116658 -0.04564509
  0.03571395 -0.06929721 -0.00116943 -0.03087663  0.04354905  0.01706277
  0.04395661  0.06454807  0.02497712 -0.05470883 -0.05029388 -0.03884479
  0.04306351 -0.01969412 -0.04416447 -0.03295964 -0.04194991 -0.04062993
  0.00392522  0.00471368  0.01824149  0.02128164 -0.00633572 -0.03094057
  0.0138038   0.02241066 -0.02224381  0.01093326 -0.04840196  0.04288719
  0.04624677 -0.0292824   0.0353394  -0.010549    0.02269068 -0.03217925
  0.03123069 -0.00407693]
believe    [ 8.44351467e-01 -3.45853262e-02 -1.57671061e-01 -1.68331049e-01
 -1.52552210e-02 -8.48119092e-02  1.38462508e-01 -1.53133702e-01
  1.10198032e-01  6.99386354e-04 -4.75000464e-02 -8.38791603e-02
 -4.48404086e-02 -7.88942847e-02 -5.77117974e-02 -2.17701422e-02
  1.25720638e-02 -2.56139323e-02 -9.85658915e-03 -2.78090750e-02
  3.29277447e-03 -2.02664634e-02 -3.59384232e-02 -3.30804839e-03
  1.28314791e-02  6.47831643e-02  4.49772317e-02 -6.41595055e-02
  8.22887063e-02 -8.08891355e-04 -3.05481654e-03  2.71176511e-03
  1.05495268e-01  1.90080081e-02  4.18530356e-02 -3.79969258e-02
  2.32959255e-02 -3.45116750e-02  1.46112480e-03 -5.14952519e-03
 -2.27735889e-02  2.38495585e-04 -1.70989041e-03  3.91954561e-02
  1.22521610e-02 -2.10794743e-02 -5.91804814e-03 -9.29703157e-02
 -2.23567523e-02  2.91423945e-02]
friend    [ 0.75231129 -0.25393932 -0.08052026 -0.00963122  0.13155135 -0.00543697
 -0.09696301 -0.05960893 -0.00712824 -0.0061855   0.08916541  0.12162644
  0.01479653 -0.01052536 -0.05984317  0.08945834  0.03970248  0.01527632
 -0.01905182  0.05300956  0.01787927 -0.09543661 -0.04986606 -0.00590609
 -0.01767542  0.0378193  -0.0583504   0.03962899  0.01644905  0.01500961
 -0.01588835  0.01073225 -0.03290125  0.10083607  0.01984548 -0.04295383
 -0.03793553  0.00720474  0.07575014 -0.06579294  0.09753859  0.07838337
 -0.060929    0.0239732  -0.05170273  0.03584211  0.17761219  0.04788346
  0.03512749  0.0301374 ]
mean    [ 9.31149194e-01  6.60892135e-02 -1.16418315e-01 -1.46399171e-01
 -3.71175534e-02  3.18616752e-02 -2.71350779e-02 -3.65107008e-02
 -6.18759134e-03 -1.89198178e-02 -5.80335846e-02 -9.61488100e-03
 -3.62931633e-02  5.33511797e-03 -2.00009952e-02  4.75327201e-02
  2.03441427e-02  2.14911481e-02 -6.30948055e-02 -8.56810604e-02
 -3.85120256e-02  4.35200396e-02 -2.83929712e-02  5.53987322e-03
  2.42132130e-02 -1.31405342e-02 -2.57564120e-04 -2.54301791e-02
  2.20032140e-02  5.54042955e-03 -1.00387117e-02  3.32182581e-02
  5.67947678e-02  2.51237080e-02  3.31287720e-02  2.58604539e-02
 -1.62679754e-02 -7.07519244e-03 -2.33368596e-02  4.29374154e-02
 -5.99059254e-03  2.02986422e-02 -5.22291231e-03  1.13266922e-02
 -2.05059384e-02  9.01797340e-03 -1.25848318e-02 -1.63783176e-02
  1.45071614e-02 -1.74830743e-02]
music    [ 0.79256374  0.07239955  0.17584361 -0.12400215  0.18331997  0.04886961
 -0.06712601  0.13797329 -0.03003099 -0.01116917 -0.11712518  0.06875527
  0.03305671 -0.04822929 -0.03520107  0.00716603  0.05928821  0.02227757
 -0.01522644  0.00272127  0.05936491  0.00414598 -0.03102376 -0.02179694
 -0.01923288  0.1514661  -0.10560513 -0.07449916  0.02419808 -0.03361297
  0.10362078 -0.00236964 -0.07367141 -0.08778532  0.05936272  0.04136851
  0.03815228 -0.0314026   0.00575483 -0.05286081 -0.03992984  0.06788654
  0.04492893  0.0519568  -0.02374389 -0.01391736 -0.06360067 -0.05435124
 -0.00154072  0.0059669 ]
kind    [ 9.26462525e-01  1.53645962e-01 -1.11311550e-01 -1.01310141e-01
 -4.93248178e-02  6.35087600e-03 -6.24888290e-02 -2.51761944e-02
 -7.65428899e-02  1.00873438e-01  7.10240426e-02 -6.49490611e-02
  2.36619006e-02 -5.39587813e-02  3.55772307e-02 -2.79175833e-02
 -1.79882643e-03  2.87858818e-02  3.28232356e-02  1.47784994e-02
 -1.90280829e-02 -6.81912696e-04 -6.28180252e-03  1.25296150e-02
 -4.27064688e-02 -3.62736527e-02 -1.52087560e-02  5.77879680e-03
  8.37530794e-03  1.18783345e-02  3.33971871e-02  1.07280120e-02
  2.63604328e-02  2.30436712e-02  9.56361216e-03  9.58799487e-03
 -1.97927247e-03  3.04163491e-02 -1.76774514e-02 -1.89682648e-02
  1.51194678e-02  2.02482165e-02  1.30371565e-02 -4.76531970e-03
 -2.53407652e-02 -3.74387774e-03  2.63982986e-04 -7.60972708e-03
 -6.58095912e-03  8.32974479e-03]
kid    [ 0.86555646 -0.13398386 -0.17640757 -0.11248501  0.05919204  0.06485433
 -0.11699472 -0.05139524 -0.09299463  0.05544157  0.04739215  0.01017697
  0.01562132  0.00331648 -0.04978391  0.05903827  0.04690552  0.00530601
  0.05707997 -0.02053851  0.04899791 -0.01563085  0.02812294  0.01260308
  0.04240104 -0.00552294 -0.0541133   0.10898849  0.00132666 -0.07026967
 -0.00908936 -0.00640991 -0.01586033  0.03144468  0.03928831  0.04144093
  0.0626938  -0.00762649 -0.02649847  0.03378071 -0.02010641  0.01291876
  0.01109977 -0.01061216  0.01714709  0.01323071  0.0369933   0.00854794
  0.00633883  0.0587341 ]
place    [ 0.5417914  -0.09918512 -0.01975055  0.09308031 -0.05526168 -0.03924863
  0.05922113  0.05053674 -0.05194604 -0.04729502 -0.03342843  0.16017608
  0.08923083  0.03663207  0.15350872 -0.07794429  0.04269984  0.082542
 -0.06971136 -0.20814904  0.09103211 -0.1411405   0.15626633  0.32249843
 -0.03862745 -0.1859698   0.10887116 -0.03485375  0.27744848 -0.24701995
  0.20585661 -0.13266956  0.16268857  0.058082   -0.10048691 -0.02208294
 -0.01355204 -0.04739829 -0.01404738  0.02866408  0.05435378 -0.02305792
 -0.01860435  0.06736743  0.03189358 -0.02974051 -0.0466073  -0.05214402
  0.00922574 -0.01362621]
anything    [ 0.78104814 -0.06399955 -0.16504202 -0.26293051  0.03493591 -0.02733473
  0.07004652 -0.11612108  0.00236665  0.03373801 -0.14033851 -0.058137
 -0.08872767  0.11128612 -0.02838205 -0.03339337 -0.0252695   0.01529148
 -0.04537964 -0.10449054 -0.0614383   0.01257224 -0.00236414  0.02114426
  0.01566333  0.00686283 -0.01132938 -0.03716964 -0.01586918  0.04832114
 -0.04702744 -0.00576873  0.01729983  0.04326085  0.08090577 -0.03461794
  0.02760179 -0.01867013 -0.04316402  0.04757111  0.02606308 -0.06197535
  0.03408508 -0.04873457 -0.00336164 -0.01360381  0.02801565  0.01607549
 -0.01788785  0.0336509 ]
might    [ 0.86217585  0.00944079 -0.0255629  -0.08879361  0.06451484 -0.03096297
 -0.02002063  0.02179923  0.03062938  0.0209279  -0.02122103  0.0295901
 -0.06773699  0.05704508  0.02702117  0.07634131 -0.10987878 -0.03454213
 -0.01294627 -0.00308404 -0.03714067  0.03172182 -0.00341842  0.05907621
  0.04075744 -0.07036093 -0.03875663  0.00766871 -0.13914513  0.00492204
  0.08435     0.02314961 -0.05303809  0.05992318 -0.06565956  0.06567462
 -0.01921331  0.12354069  0.09228076  0.01000367  0.02424546 -0.07841342
  0.05492166 -0.02076054  0.07405279 -0.03531871 -0.00485972  0.06449399
  0.03675046  0.01044783]
reason    [ 0.88961695  0.08415174 -0.1394826  -0.07652046  0.08048778 -0.01294952
 -0.02536488 -0.05257509  0.08948714 -0.00852932  0.06393186  0.04816113
 -0.06034578  0.08136174  0.02898165  0.12642753  0.03631726 -0.03855353
 -0.01361827  0.00130539 -0.08777782 -0.09670264  0.04563032  0.05319666
  0.0140218   0.02468546 -0.00144475 -0.00992936 -0.05614602 -0.00508108
 -0.01880992  0.01165165  0.01960063 -0.0281143  -0.0039955   0.03941708
 -0.01878145 -0.00340464  0.03898222 -0.01624268  0.00429378  0.02514732
  0.02386021 -0.0039505  -0.02194784 -0.02923471  0.00179355  0.03871707
 -0.03944319  0.02885654]
since    [ 8.85077208e-01  7.57326524e-02 -1.65047485e-01  7.48734993e-02
  1.09922440e-01  4.72183081e-02  4.34243465e-02 -9.06281261e-02
 -1.01253217e-02  5.66636818e-02  2.90179491e-02  5.22073941e-02
  2.99782409e-02  1.16114544e-01 -5.81974355e-02  3.01986753e-02
  3.11791420e-02 -2.75399545e-02 -7.69176280e-02 -1.64214832e-02
  7.33140302e-03  3.18292076e-02 -2.78134354e-02 -8.19763560e-02
 -3.70661669e-02 -9.50815435e-03  6.38407818e-02 -2.51630276e-02
  3.84484442e-02 -1.78349710e-02 -8.77917644e-03 -3.22059070e-02
 -2.97835736e-02  6.97315401e-02 -2.19411385e-02 -5.19130393e-02
  5.76968526e-03 -6.31466316e-05 -8.10701791e-03  1.62855179e-02
 -2.37875697e-02 -2.16429086e-02  1.46613734e-02  3.96054055e-02
 -4.55912764e-02 -2.59166050e-02 -3.01935873e-02 -1.57705529e-03
 -1.93157374e-02  1.08574610e-02]
probably    [ 0.86250691  0.05701268 -0.13158366 -0.02823144  0.09829748 -0.08177243
 -0.01457183 -0.08728746  0.1968233  -0.0371612  -0.0504211   0.00173876
 -0.07060506  0.0114283   0.02940138 -0.07400382 -0.0107839  -0.01670477
  0.07569867  0.10797479  0.09372556 -0.08846328 -0.02019703 -0.0353292
 -0.1533806  -0.05923653  0.01789702  0.03272344  0.0613475   0.02848891
  0.02733464  0.05184015 -0.04028023 -0.00876229  0.01132428 -0.00480344
 -0.00966872  0.02672675 -0.01700064 -0.03269     0.05319204 -0.0138459
 -0.02858265  0.01214039 -0.01231875  0.02607787  0.04795499  0.01855314
  0.01110088 -0.00483317]
book    [ 0.63525791  0.09327405 -0.07605528 -0.05538988  0.03793386 -0.0058907
 -0.02537583 -0.08289623 -0.03594651  0.06218395  0.00814387  0.08936052
 -0.01980698  0.04473093  0.00334574 -0.07379094 -0.04365441  0.03416443
 -0.01992705 -0.10447055 -0.03048563 -0.04011855  0.03671104 -0.085517
 -0.04648989  0.05325012  0.01725766 -0.04187612 -0.06408806 -0.00338306
  0.16888364 -0.06158341 -0.08104333 -0.05926736 -0.1813813  -0.10077181
  0.02987159  0.00210749  0.00821095  0.07127476  0.0306927   0.00970985
 -0.16107731 -0.01133088  0.05425266  0.01468685  0.08138997  0.03582229
 -0.06777495  0.05035121]
lead    [ 0.64590827 -0.13142854  0.39993338  0.05104968  0.01757083  0.10907263
  0.00361341 -0.25452135  0.1169856  -0.04742113  0.11282838 -0.12472727
  0.04885089  0.01091733  0.02164004  0.02549735  0.02606462  0.05685636
 -0.05435263  0.0398164   0.0186881  -0.04660589  0.0029219   0.03066164
  0.01497262 -0.04639242  0.10671495 -0.00720738  0.02119276  0.00445454
 -0.03767066  0.05478478  0.04615158  0.03398153  0.00341871 -0.03511939
  0.0263435   0.05165722 -0.02643029 -0.03786348 -0.05196104  0.06819308
  0.01906151 -0.03575578  0.06454552  0.0157582  -0.00097916  0.00974338
 -0.0753113  -0.00964162]
rather    [ 8.60283501e-01 -1.01120192e-02  1.33508487e-02 -6.38379762e-02
 -4.82013845e-02 -1.40989375e-02  6.01687717e-02 -6.86532690e-02
  1.17967248e-02 -3.83198530e-02 -8.53867674e-02  1.05679854e-02
 -6.05261387e-02  7.68957860e-02 -3.33283429e-02 -6.16307496e-02
  1.16838246e-02 -5.47473468e-02  5.46509171e-02  1.54258426e-01
  1.19964063e-01 -1.58118322e-01  4.51646575e-02  8.03759576e-03
 -1.43363100e-01 -9.44724688e-02  6.20954892e-02  7.14938257e-02
  1.73832140e-02 -1.20430104e-02  6.00740625e-03  3.65258815e-03
  3.37191918e-02 -1.43376490e-01  3.42390723e-02  8.18855118e-02
 -4.15725705e-02  6.21280743e-02 -6.59035594e-02 -4.67294170e-02
 -5.82064553e-05 -4.64408478e-03  3.25429909e-03 -1.15035129e-02
  7.33877156e-03  2.17206762e-02 -7.41189687e-04  9.30462267e-04
 -1.28786368e-02 -9.70122405e-03]
help    [ 8.62048110e-01 -1.55632438e-01 -1.31056467e-02 -9.64625241e-02
 -9.66593448e-02 -9.63494224e-02  7.63895880e-02 -7.44572499e-02
  4.67755258e-02 -1.25759450e-01 -5.79912902e-02 -8.45104992e-02
 -4.61884092e-02 -1.13408817e-01 -3.00172970e-02  1.34039527e-02
 -5.09528325e-03 -6.42194756e-02  4.59655763e-02 -2.66742814e-02
  5.25683002e-03  1.12616112e-02 -1.17825039e-02  3.08329403e-02
  4.35951324e-02  2.99522365e-02 -6.13362727e-02 -2.85984851e-02
  1.58870552e-04  3.49927541e-02  4.70286982e-02  1.45959299e-02
  4.10363316e-02 -1.05360986e-02  2.66847478e-02 -2.66778466e-02
 -5.87588603e-03  2.46129003e-02  4.75204706e-02  7.98103031e-02
 -2.15415087e-02  1.34075012e-02 -2.82903247e-02  2.39344677e-02
  1.72291934e-03 -5.63464653e-03  3.78789115e-02 -6.69887861e-02
  8.40174055e-03 -1.55794168e-03]
laugh    [ 8.09693740e-01 -3.39552487e-02 -1.21965945e-01 -2.34590662e-01
  1.02674514e-01  9.29311453e-03  2.47182343e-01  1.38576197e-01
  2.57669564e-02  1.54489744e-02  1.51033769e-01 -1.00014089e-02
  5.23223347e-02 -1.31862146e-01 -8.76522188e-02  1.27815944e-01
 -2.78266516e-02  7.18360601e-02  6.28092359e-02  1.71046160e-02
  3.59231724e-02 -3.90500429e-02 -5.55493609e-02  2.12867833e-02
  4.07610672e-02  3.46980345e-02  2.20742912e-03 -4.97188221e-03
 -3.29630030e-02  1.30580507e-03  3.20488472e-02  1.08324780e-03
  2.00469708e-02 -2.17742575e-02 -2.19877882e-02  3.15374864e-02
 -4.19089999e-03 -3.98626433e-02 -2.26763638e-02 -3.71945836e-02
 -1.44619488e-04  4.48261139e-02 -3.36206907e-02 -1.08977222e-02
 -2.52185238e-02  2.59570302e-02 -6.07802443e-02  1.08962990e-02
  2.34235192e-03  9.07049599e-03]
effect    [ 3.06246567e-01  2.89589152e-02  8.09800395e-02 -1.00269052e-01
  6.05325171e-02  5.93198634e-02 -1.61426527e-03  1.16818032e-01
 -1.18501573e-02 -2.42032862e-02 -8.27321546e-02  4.16301715e-02
  3.16871101e-02 -3.88715518e-02 -6.83327400e-03  2.44408929e-02
  5.88897320e-02 -9.36800215e-02 -6.15857174e-02  2.16220283e-02
  2.29635850e-02  2.02084436e-02  5.20060716e-02 -4.07658403e-02
 -4.36884488e-02 -1.80486027e-02  8.88462103e-03  1.38862684e-03
  1.05912436e-02 -7.43121550e-03 -2.14831364e-02 -2.06491501e-02
 -1.22272970e-02 -4.00651195e-02  5.44089941e-02 -5.29046239e-02
 -6.38409746e-02 -3.71616368e-02  1.05048399e-02 -3.04276024e-04
 -1.04736990e-02  3.11640125e-02  6.02770535e-02  1.01176235e-01
  6.39555981e-02 -1.16683133e-02 -1.40770522e-02  2.31978431e-02
  4.93318362e-02 -2.16355444e-02]
away    [ 0.62892332 -0.25099481 -0.11586209  0.0148913  -0.08540209  0.0231693
 -0.0131932   0.06712266 -0.11978549 -0.2951127   0.01006914 -0.00605107
 -0.02201878  0.0927376   0.1971573  -0.01298494 -0.01180437 -0.01293361
  0.08109932 -0.09089609 -0.02623081 -0.01695133  0.05917584  0.16137106
 -0.04435454 -0.00180827  0.01319217  0.03725506  0.10744247 -0.06038486
 -0.03752146 -0.03140071  0.08957221 -0.00781962 -0.08480887  0.02004853
  0.04631734 -0.05552304 -0.00379617  0.01625393  0.05781654 -0.00439534
  0.02238903 -0.01863468  0.03311195  0.02175398  0.04626334 -0.01457291
  0.02974166 -0.0495562 ]
worst    [ 0.64962705  0.3175699  -0.19881339  0.06845703 -0.00750372 -0.03322633
 -0.16102795 -0.06152208  0.2064487   0.04035148  0.18920594  0.05875412
  0.06341583 -0.01321352  0.07641822  0.01101903 -0.04625106 -0.06450491
 -0.04564492 -0.0174096  -0.02411991  0.09132181 -0.05590462 -0.04443727
 -0.07540162 -0.05962124 -0.04320628 -0.04834863  0.06298426  0.02287168
 -0.03897837 -0.0255255   0.02621883  0.02157511  0.00710782  0.00539239
  0.05131626 -0.02956286  0.05781766  0.01120923 -0.02845652 -0.03234794
  0.05615404 -0.02855751 -0.02116986  0.00075378  0.00701785  0.0032641
 -0.02318544  0.07845216]
yet    [ 8.15034607e-01  2.79270021e-03 -2.63362071e-02  4.46147336e-02
  2.71383894e-02 -4.08259707e-02  1.53857715e-02 -1.29606654e-02
  4.49842549e-02  1.33878714e-02  1.04105142e-02  6.30144043e-02
 -3.07585844e-02  1.22907478e-01 -2.55783749e-02  4.40761487e-02
 -3.70673309e-02 -9.31327648e-02 -6.22835132e-02  9.09907507e-03
 -4.90656329e-02  4.51327057e-02 -2.97730181e-03 -1.44383023e-02
  6.60079375e-04 -3.99003504e-02  7.05455807e-03 -2.65558000e-02
 -1.93409128e-02  3.24302025e-02 -2.44264083e-02 -4.46174985e-02
  2.08294003e-02  3.97575196e-02 -1.19570863e-02 -2.71755733e-02
 -2.93546575e-03  4.51248950e-03 -2.19966067e-02 -7.29565977e-02
  3.85693939e-02  4.02964651e-03  3.83579595e-02 -1.44938347e-02
  8.72654028e-03 -4.35820761e-02 -2.37663414e-02 -4.64052945e-02
  1.76706934e-03  1.91339761e-02]
name    [ 0.82232667 -0.13968648  0.14478388  0.01946289  0.02298369  0.0161552
 -0.04799943 -0.17817778 -0.03985223  0.02848291  0.09911095 -0.12515743
  0.0202891  -0.04554188  0.06703687  0.04097226 -0.00974098  0.01143036
 -0.02683781 -0.0525005  -0.00270005 -0.00466043  0.06360428 -0.06391722
 -0.04191354  0.06875824  0.0634461  -0.09617729  0.01596262  0.01826479
 -0.01860542 -0.00628418  0.00162405 -0.02186747 -0.00330188 -0.01277066
  0.07529506 -0.01517762 -0.02567529  0.05113989  0.04451904  0.00996246
 -0.05483278  0.0081756   0.03318027 -0.00886059 -0.05927896  0.04843265
  0.00166629  0.03319958]
moment    [ 8.95679570e-01  1.35524193e-01  5.36345406e-02  4.08320384e-02
  3.69177279e-02 -3.68424316e-02 -2.86315995e-02  7.16376470e-02
  1.20538389e-01  7.93052358e-03  5.97701791e-02  9.64100131e-02
 -4.70532345e-02  3.36179949e-02  3.47481879e-02  1.23578761e-01
 -1.51852614e-02  3.52763596e-02 -1.83143934e-02  2.21757453e-02
 -6.14879439e-04  2.71985862e-02 -4.51953825e-05  4.21748987e-02
  4.11863014e-02 -1.48286285e-02 -5.30678716e-02  8.99014953e-03
  1.79921509e-02  2.98179720e-02  2.52524748e-02  2.35541793e-02
  4.02607643e-02  4.36369223e-02 -3.98216876e-02  1.66671638e-02
  1.20392428e-02 -9.48792401e-03 -5.87207297e-02  1.62560389e-02
 -6.30809501e-03  1.46521209e-02  3.17878640e-03 -1.64074860e-02
 -3.19054440e-02 -3.01330310e-02 -2.43273115e-02  9.63225020e-04
 -9.43906401e-03  3.86338324e-02]
let    [ 0.48298734 -0.13832068 -0.11998544 -0.09913967 -0.06603669 -0.04141504
  0.03589018 -0.09796892 -0.01296425 -0.07645373 -0.08881576  0.00105805
 -0.01834954  0.07544825 -0.00618861 -0.05674224  0.04955488  0.01221622
 -0.06439412 -0.05277896 -0.11693176  0.00621969 -0.07790673  0.04107216
  0.06753811  0.03170611 -0.01997825 -0.05249648 -0.02494509 -0.05098589
 -0.04665852  0.05762501 -0.11051049  0.03404586 -0.04932395  0.03789896
 -0.0425721   0.00273653 -0.13935845 -0.02554066 -0.11629182 -0.02672228
  0.01758526  0.0358574   0.04137131  0.14688422 -0.15427162 -0.05299194
  0.11126344 -0.06892565]
tv    [ 0.70419568  0.08067744 -0.22252479 -0.07109083  0.12654503  0.02232858
  0.00957431 -0.02081261 -0.08496767  0.13752794  0.19067384  0.07062406
  0.16116497  0.07075791  0.00754475 -0.04815188  0.23003906 -0.01204822
  0.05150698  0.00392991  0.04950998  0.03080794 -0.07325178 -0.17847268
  0.1162589  -0.05297395  0.03495266  0.10532539 -0.04004486 -0.19592636
 -0.07579787  0.10508546  0.07107117 -0.0483182   0.04705586  0.00263079
  0.03381087  0.06875844 -0.00824803  0.0223371   0.06246431 -0.09728192
 -0.05736698  0.03317007  0.03337575 -0.03798441  0.05831365 -0.03411003
  0.02212725 -0.00570238]
child    [ 8.63280071e-01 -1.90724760e-01 -3.27154567e-02  6.34265360e-02
  5.62457120e-02 -5.81566921e-02 -3.24635345e-02 -1.08325107e-01
 -3.96719164e-02  6.38425603e-02  7.02832135e-03  9.84591618e-03
 -1.90161829e-02 -8.25416246e-03 -1.31231954e-01  6.18643925e-02
  1.90778309e-02 -4.16284575e-02  9.95762375e-03 -1.37260912e-02
  1.50229573e-02 -7.09053575e-02  9.72146733e-02  4.12322643e-03
 -7.13634583e-03 -3.05438379e-02 -3.13485470e-02  9.15158656e-02
  2.20233728e-02 -1.96982339e-03 -1.39769019e-02  5.35653930e-03
  2.05695568e-02  5.77084538e-02  2.32235223e-02  1.61791540e-02
  5.82158353e-02 -8.22403865e-03 -7.62426982e-04 -6.78186051e-03
 -3.36259871e-02  1.31700359e-02  2.31847901e-02  1.62982233e-02
  1.61291004e-02  2.53940986e-03  3.68930591e-02  3.25182634e-02
 -7.78967015e-04  2.08962350e-02]
live    [ 7.32888443e-01 -2.76061383e-01  2.41826972e-02  1.31582058e-01
 -1.04783351e-01 -8.73117463e-02  3.68289115e-02 -1.07917973e-01
 -9.21227698e-05  1.14273838e-01 -7.85840150e-02  2.87678195e-02
  6.84106099e-02 -1.24152683e-01 -4.14806818e-02  4.09209014e-02
  1.35827891e-01 -2.70153234e-02  3.84083582e-03  8.13829154e-02
 -1.59080069e-01  8.95123484e-03 -3.98271136e-02 -5.59179403e-02
 -4.80454324e-03  4.35130885e-03 -1.31088330e-02 -2.07742763e-03
  6.31191914e-02  4.55126852e-02  6.55226332e-03 -3.10240969e-02
  1.36574139e-02  3.57329545e-02  1.08048800e-02  6.05104402e-02
 -1.03439012e-01 -5.99688965e-02  1.25977555e-01 -2.78451684e-02
 -5.44017051e-02  1.33244625e-02  6.25563183e-02 -8.24083643e-02
  2.07459104e-02 -1.67112453e-02  4.36856283e-02 -4.74784266e-02
 -3.51139629e-02  3.09828950e-02]
sure    [ 0.87822823 -0.00581505 -0.12247705 -0.18565956  0.09209303 -0.13094493
  0.20905389  0.0587576   0.02316602  0.03462606  0.14288378 -0.04602826
 -0.0473057  -0.09260063 -0.06436563 -0.0318418  -0.00442349  0.01286239
  0.00440209  0.0494406   0.03858326 -0.03976642 -0.04239115  0.01702069
 -0.04530261  0.03102419  0.03206154 -0.0097354  -0.00931831 -0.02357405
  0.01622612  0.01489792 -0.02299448 -0.03052954 -0.01052092  0.00680632
 -0.01736283 -0.00278085 -0.03801719  0.0190221   0.01245095  0.0115704
  0.01032547  0.00447391  0.01901275  0.01002818 -0.01920871  0.02374931
  0.01082679  0.01013495]
idea    [ 8.68488611e-01  2.75182642e-02  1.31607379e-02 -1.91669691e-01
  9.57863805e-02  5.20088804e-02 -4.93855071e-02  4.62000388e-02
 -9.94557479e-02 -1.08045971e-01 -5.81112251e-02  8.79113564e-02
 -4.33104370e-02 -5.50690707e-02  1.02935113e-01  1.35643814e-01
  1.89256090e-02  5.54068286e-02  6.30949148e-02 -6.71750143e-03
 -1.95439455e-02 -8.14300606e-02 -9.32341735e-02 -9.81459489e-03
 -2.38748546e-02 -2.28119214e-03  5.66175221e-02 -1.98356107e-02
 -4.82727317e-03 -3.28887787e-03  9.46198035e-02  5.86784466e-02
  4.71285362e-02 -3.65372137e-02  5.02411019e-03  3.65380473e-02
  1.90554432e-02 -5.01375762e-02 -8.10765575e-03  4.83501692e-02
  5.37208892e-02  3.33794005e-02 -2.28131888e-02  1.31576268e-02
  6.76022430e-04 -1.16369566e-02 -3.28494025e-02  4.77145195e-02
 -2.01779003e-02 -1.61455040e-03]
anyone    [ 7.40443613e-01 -4.92440438e-03 -2.31496876e-01 -1.75866698e-01
  6.98031770e-02 -1.14934080e-01  2.17462566e-02 -1.57623204e-01
 -2.59295239e-03  1.14787791e-02 -1.22022165e-01 -8.83165934e-02
 -8.57279574e-02  1.74711101e-01 -1.07989239e-01 -3.14911820e-02
  7.42668591e-03 -3.29872416e-02 -7.21725436e-03 -3.24965747e-03
  2.39707670e-02 -1.08065651e-01 -6.05029007e-03 -1.70364494e-03
 -7.39905655e-02 -6.00096083e-02 -2.69035841e-02 -2.46430092e-02
  5.88062009e-02  8.30065137e-02 -2.77731748e-02 -2.84550725e-02
  3.58402450e-02  3.01709101e-02  9.71008698e-02  3.15638048e-03
  5.62863418e-02  1.77102278e-02 -1.29388825e-02  2.43345951e-02
 -1.73374126e-02 -6.52338398e-02  1.47261169e-05  3.66981097e-03
  1.70343399e-02 -3.52266620e-02 -1.89634692e-02  5.52854728e-02
 -1.84220221e-02  6.02423571e-02]
fun    [ 0.79007883  0.11965789 -0.15970853 -0.19032147  0.11552072  0.03026832
  0.09486952  0.04132181 -0.05013019  0.07396828  0.14871459  0.03105084
  0.0812377  -0.01302296 -0.10350591  0.13038894  0.07799139  0.01134539
  0.04931144  0.07158063  0.0784138  -0.10220296 -0.01206758  0.0496154
  0.08686759  0.02363429 -0.05587195  0.04831488 -0.01874923 -0.08025521
 -0.00691576 -0.01503221 -0.04848508 -0.03762861 -0.07265878  0.0693896
 -0.0405723  -0.00174794  0.1168471   0.00587493  0.01528822  0.09820326
 -0.02483749  0.0420373  -0.10041862  0.05562009  0.00083728  0.04440122
 -0.02391765 -0.04599919]
audience    [ 8.80187401e-01 -9.81516237e-02 -2.53111225e-02 -7.27113306e-02
 -9.74010291e-05 -1.13853909e-01  1.59319943e-01 -3.81657380e-02
 -7.23512887e-02 -5.31842695e-02 -3.07933628e-02 -7.17895626e-02
 -3.29838529e-02  7.34644595e-02  3.67277180e-03  3.16519461e-02
  2.01315739e-02  1.01293711e-02  5.72018068e-02 -1.58342349e-02
 -8.23980115e-03  3.98523034e-04  6.89925730e-03  1.90721908e-02
 -6.82574846e-03 -1.89510281e-02 -1.73450598e-02  1.70883265e-02
 -3.41290724e-02  3.16302885e-02 -1.61090901e-02 -2.23848468e-02
 -2.55283268e-03  4.09151561e-02  3.92964569e-03  3.96458113e-02
  3.80207743e-02  4.78868852e-02 -5.16111375e-02 -1.47747561e-02
 -2.32345058e-02 -4.05978780e-02 -2.86064921e-02  1.64214530e-02
  1.30776122e-03  6.29250448e-02 -7.79739030e-03  3.98272224e-02
  5.88859333e-03  2.80893274e-02]
read    [ 0.55012738  0.04129769 -0.11092334 -0.05762898  0.0274423  -0.00111377
 -0.00635064 -0.12297133  0.02504453  0.05282274 -0.09555098  0.08603973
 -0.02947425  0.07649335 -0.03744844 -0.12407141 -0.08868877 -0.04506934
 -0.01672433 -0.09605216 -0.03728431 -0.06156797  0.01794799 -0.1005942
 -0.00310911  0.06647329  0.05143481 -0.0363542  -0.07530893 -0.0306761
  0.14275955 -0.05818101 -0.07794909 -0.02502443 -0.17358434 -0.09852474
 -0.00661368 -0.01626207 -0.02702598 -0.00234192  0.05331407  0.11429672
 -0.16472187  0.02025383  0.02616269  0.0083102   0.06635875  0.05446377
 -0.03357319  0.06573272]
especially    [ 8.79050237e-01  6.93065080e-02  1.80657354e-01 -1.56403468e-03
  7.81129870e-02  1.09812343e-01 -1.00748014e-01  9.38794733e-02
  1.05215052e-01  7.65198649e-02 -1.26633924e-02 -4.79041008e-02
  1.12023169e-02  8.57983185e-02 -6.27122442e-02  5.84654743e-02
  2.51560102e-02  5.95707494e-02 -3.38432032e-02  3.82852740e-02
 -7.27247210e-02 -7.74994002e-02 -5.79179218e-02  4.74194172e-02
 -1.46340231e-02  2.89075902e-02 -6.19949420e-04  4.15032224e-02
  3.36759260e-02  5.69257226e-03  1.45068365e-02 -1.09549723e-02
  1.93137493e-02 -2.10630160e-02 -2.13003533e-03  2.86734889e-04
 -4.19355204e-02 -5.30573523e-04 -1.47298177e-03  1.13179507e-02
  5.85200325e-03  8.10521889e-03  3.98454058e-03 -6.99779974e-03
  6.67159797e-02 -1.42902594e-02 -5.38498829e-02  1.59977935e-02
  3.92403839e-03 -2.42861910e-03]
run    [ 0.70256282 -0.24877382 -0.0771477   0.15378093 -0.06978659  0.07595522
  0.02201327  0.06742157  0.00323895  0.0497021  -0.12718675 -0.03402991
  0.119897   -0.04274086  0.08978009 -0.06979515 -0.04825261  0.0248818
  0.03879324  0.11523725 -0.04493676 -0.10103242 -0.02573969 -0.06430488
  0.12469109 -0.08094048 -0.01320044 -0.06910762 -0.05012901 -0.0041035
 -0.11398244 -0.05372332  0.0024774   0.00272223 -0.04976778  0.043174
  0.15062261 -0.06532118 -0.12969415 -0.05918994  0.07795846 -0.03589381
  0.09751341 -0.01064894  0.03016254 -0.1443058   0.15240862  0.01444449
 -0.07972113 -0.09305322]
course    [ 9.60100632e-01 -1.16349383e-02 -1.52209373e-02  5.93391734e-03
 -2.41233746e-02  1.39223100e-02 -3.92986777e-02 -2.14534122e-02
  2.42287302e-02 -2.16013588e-02 -2.42237399e-02  1.24837549e-02
  2.43922247e-02 -1.57285140e-02  3.69735157e-04 -1.10166472e-02
 -1.13391441e-02  4.88547073e-02  2.06825963e-02 -8.72710297e-03
  3.66547261e-03  2.15889281e-02 -1.49981930e-02  2.01496606e-02
 -2.44265098e-02  1.31475221e-02  3.48469892e-03  1.48487035e-02
  3.85971370e-02 -1.59828904e-02  6.16342672e-03  1.96465247e-02
 -2.48998106e-02 -2.84116408e-02  2.81285803e-02 -3.16091486e-02
  1.80518193e-02  3.36455106e-02 -2.08634042e-02  1.19025512e-02
  7.29123004e-03 -7.79096472e-04  2.06196236e-02  3.89445005e-02
  2.68187385e-03  2.93391871e-02  1.14788174e-02 -2.04325543e-03
 -9.47183266e-03 -1.53977829e-02]
call    [ 9.13180271e-01  8.05121837e-02 -1.03297988e-01  1.47426884e-02
 -6.70269323e-02 -5.16873755e-02 -8.77332681e-02 -8.11923075e-02
  6.97996785e-02 -6.12336234e-03 -7.45291055e-03 -5.16433197e-02
  4.73881553e-04 -1.24327218e-01  2.80679014e-02 -7.53327531e-02
  1.27983470e-02 -5.38857947e-03  4.79401208e-02  2.71526696e-02
  1.04578525e-01 -2.95812873e-02  1.80165869e-02 -5.84510228e-02
 -6.59310569e-02  4.22658799e-03  1.98912051e-02  3.94757128e-03
  2.11853068e-02  1.34124189e-02  5.88079538e-03  2.71551138e-03
  3.04010406e-02 -2.33610014e-02  3.52844523e-02  3.59158788e-02
  1.32667446e-02 -2.61327624e-02 -1.73340867e-02  9.79302067e-03
  2.98738048e-02 -3.12831678e-02 -2.92407697e-02  9.31413829e-04
  1.67838358e-02 -1.26418427e-02 -5.20787319e-02  3.12173215e-02
 -2.96450361e-02  3.52822918e-02]
episode    [ 6.43918271e-01 -2.64099580e-01 -7.93805978e-02  3.33999775e-02
  2.52666058e-01  6.81641732e-02  7.30284327e-02  4.11220075e-02
  2.43493632e-01  1.36503664e-01  9.22749964e-02  2.45708798e-01
 -6.18506969e-02  1.61026546e-01  1.14963883e-01 -1.25772988e-02
  3.62130451e-02 -1.01566854e-02 -1.84685137e-02  1.15724769e-01
  2.08821989e-02 -7.90130220e-02  1.48768475e-01 -1.10820213e-01
  2.13520815e-01 -1.20073176e-02  2.16778673e-02  8.40660121e-02
  1.31086331e-02 -5.99813459e-02  3.76138776e-03  3.80633835e-02
 -9.65658714e-03  6.33503204e-02  4.97330735e-02 -6.85435329e-02
 -1.45675615e-01  6.60277706e-02  2.90407000e-04  4.09487247e-02
  7.12762671e-03 -6.43187403e-03 -1.79799777e-02  2.20962895e-02
 -5.04059613e-02 -2.07436649e-02 -3.51333331e-02  7.26242233e-03
 -1.65031676e-03 -1.92413310e-02]
expect    [ 0.81383976  0.10106344 -0.2122364  -0.17936678 -0.00754538 -0.05530274
 -0.02874943 -0.15249958  0.13610454 -0.03616733 -0.15413312 -0.01136219
 -0.11735316  0.03347483 -0.03427519 -0.00810994  0.04538086  0.00558708
  0.0469758   0.02153463  0.07669546 -0.05124164 -0.02375864  0.04240716
 -0.06308068  0.00982824  0.10593752  0.04323591  0.0438847   0.01248655
 -0.04045547  0.07085728 -0.04968114 -0.13338073  0.00982455  0.00710273
  0.00249181 -0.02642638 -0.04054474  0.06016912  0.02693091 -0.01625144
  0.04669443 -0.05872138 -0.04802973  0.00826655 -0.02592806 -0.03355531
 -0.06095112 -0.08411775]
interesting    [ 0.88464329  0.16081147  0.15034078 -0.06685838 -0.1291569   0.02032177
  0.2043485  -0.03943678 -0.0443693   0.01239427  0.09878265  0.00148114
 -0.07348505  0.07230562  0.02255323  0.00558046 -0.06913808 -0.07345243
 -0.01417312  0.02707959  0.10235526 -0.03949642 -0.01254176  0.03051776
 -0.00356881 -0.01798044  0.00490985 -0.01712976 -0.03859181 -0.02150445
  0.0097872   0.02364911 -0.00390497  0.01548165  0.02424585  0.03596782
 -0.02294121 -0.04225172  0.02814289  0.02389331  0.04100883 -0.00680703
 -0.01220895  0.03477473  0.00452555 -0.01305775  0.01416867 -0.01690131
 -0.01590416 -0.02022069]
hard    [ 0.73703161 -0.10364838 -0.07004312 -0.07163899 -0.01654433 -0.06477979
  0.15769764  0.0018948  -0.04030122 -0.045736   -0.00293845 -0.00948724
  0.07953864  0.01514383 -0.09184341  0.03641045 -0.06511957 -0.03837261
  0.02042212 -0.03669896  0.03002082  0.00080598  0.0099589   0.07873971
  0.00576488 -0.11343504 -0.1413658  -0.02199663 -0.14627198  0.07455621
  0.01306324 -0.0611242   0.09446252 -0.01817772  0.08051508  0.01104132
 -0.09147182  0.1357987  -0.03605875  0.01352101 -0.00638141  0.08463946
 -0.13959181 -0.00086506 -0.03960598 -0.07832317  0.03027914  0.02930734
  0.01737761 -0.00688584]
although    [ 0.9418936   0.13778578  0.05450555 -0.03937623  0.03144195  0.03046095
 -0.00418797 -0.01902373  0.02700448 -0.01430036 -0.10395921  0.04104842
 -0.04815979  0.04081016 -0.06298093  0.03762438 -0.05054134 -0.00973513
 -0.00720258  0.00334601 -0.01943611  0.01723388  0.0012787   0.05336417
  0.01362691 -0.00442233  0.01166208 -0.00155161 -0.0229948  -0.01373572
  0.01594362  0.01344355 -0.01731924 -0.00616493 -0.00334151 -0.00895299
  0.01165851  0.00864609 -0.00115076  0.02197357  0.01786972 -0.00537921
  0.00249661 -0.00448447  0.01318373 -0.0156702   0.02511511 -0.02286433
 -0.01008611 -0.01722311]
job    [ 0.62770272 -0.06243873  0.25968783 -0.20306419  0.29050581  0.09358882
 -0.06363604  0.02649289  0.00233747 -0.26619888 -0.07539346  0.09836051
  0.02309734 -0.04695271  0.03403301  0.2331115   0.07264725  0.08080171
  0.08524703  0.03663031 -0.01751629 -0.07158814 -0.1667951   0.01807686
  0.04163484 -0.0325204   0.0385598  -0.12668497  0.01357881 -0.05362968
  0.10606194  0.06437367  0.03785096 -0.05819719  0.01103653  0.03078374
 -0.02663513 -0.08365975  0.01894157  0.0615523  -0.00297971  0.01351605
 -0.01127464  0.00646483  0.0203366  -0.05277473 -0.0596139   0.06606863
 -0.0710761   0.02591779]
bring    [ 0.65240359 -0.05900675  0.10156502  0.10934857 -0.12366864 -0.05115404
  0.01174261 -0.11519672  0.01930019  0.00793045 -0.0901345   0.03041856
  0.06474378 -0.06730733 -0.00067822 -0.03504972  0.15672288 -0.01519784
  0.05525982  0.11137765 -0.03944116 -0.03653146 -0.09548263 -0.05797277
  0.08443493 -0.03485758 -0.10000341 -0.05350175 -0.08187567 -0.01382012
  0.06328483 -0.03415275  0.0416772   0.07356787 -0.06155991  0.00551974
 -0.04523584 -0.17589667 -0.04248415 -0.04423459 -0.15160769  0.07822712
  0.041146   -0.13014735  0.08041723  0.09352461 -0.00708591 -0.15329253
  0.01577099  0.02415244]
version    [ 0.82619445  0.06293915 -0.01633733  0.04687338  0.1865434  -0.14070426
  0.00337488  0.01830559 -0.05532736  0.0849502  -0.02283951  0.04295547
 -0.06412038  0.17469    -0.02077946  0.03506451 -0.03853058 -0.04061166
 -0.05234306  0.02922789  0.0503204  -0.06477814  0.03566291 -0.12813292
  0.05482413  0.05842108  0.08553585  0.00094831 -0.04449422 -0.00332513
  0.0207098  -0.02925415 -0.00809598  0.0426313   0.01216223  0.02350121
  0.01909247  0.00587403  0.04810524 -0.07018701  0.04307992  0.09878708
  0.03751233 -0.03217425  0.03029214  0.01295702  0.01203868 -0.04451224
  0.00144052 -0.06718203]
different    [ 8.25861490e-01  4.11036140e-02  8.22732592e-02  3.71703276e-02
 -1.34449789e-01  7.36900831e-04  9.65964061e-02 -9.42047464e-02
 -3.78355963e-02  8.45516784e-02  1.30826755e-02  3.49933330e-03
  4.21893394e-02  5.82417763e-02  4.73216756e-02 -2.28952324e-02
  2.20313474e-02 -2.65881856e-02  3.91554029e-03 -1.01824294e-02
 -2.13551673e-03  2.91560804e-02  1.21935722e-02  5.06786563e-02
 -5.18790578e-02 -3.74635289e-02  4.55101201e-02 -1.31403236e-02
  1.35536239e-02 -4.84728648e-02  7.86149064e-02  5.44211095e-02
 -8.61117293e-03  5.96514879e-02  4.95542878e-03  2.24106383e-02
  1.91862898e-02  5.17044387e-02 -2.26514024e-02  1.32746531e-02
  5.45633963e-03  1.19610539e-01  4.63627112e-02 -2.37589997e-02
 -1.94290714e-02 -2.52357568e-02  1.32607045e-02 -1.84310263e-02
  3.61472443e-03 -1.21515658e-01]
someone    [ 7.69172729e-01 -2.61686740e-01 -1.48311469e-01 -2.02603391e-01
  8.98009408e-02 -7.12764831e-02  3.59700259e-02 -1.34386823e-02
 -1.09295904e-01  6.04959955e-02 -9.41880750e-02 -8.71638341e-02
 -5.76693127e-02  9.45862098e-02 -2.30654231e-02 -1.17331132e-01
 -4.96456472e-02  1.29268169e-02  5.73129128e-03 -4.50289022e-02
 -6.65040534e-03 -7.25129667e-02  2.15846321e-02  9.95706865e-03
 -5.43820109e-02 -6.07118914e-02 -9.01116416e-02  5.43418243e-02
 -6.50546013e-03  1.10014507e-01  5.12466887e-02  3.38201899e-03
  2.43632777e-02  1.55777229e-02  7.85945282e-02 -3.14654653e-02
  5.01690246e-02  3.72034085e-03 -2.73104428e-02  2.92905655e-02
 -1.66484943e-02 -4.41415199e-02 -4.16903285e-02 -8.83204841e-03
  4.43391554e-02 -1.26254067e-02  2.72427894e-04  3.35667061e-02
 -1.16733414e-02  2.41068602e-02]
screen    [ 7.02566912e-01 -1.61044350e-01 -1.77264919e-02  6.53314476e-02
  1.17100694e-01  6.61329863e-02  2.25309719e-01  4.53264286e-02
  5.26862966e-02  2.02525914e-02 -7.76151929e-02  4.67533681e-02
  2.82232868e-01  1.45930678e-01 -3.74336379e-02  2.21657035e-02
 -1.24801288e-01  9.16133706e-03  3.17260710e-02 -1.42447579e-02
  3.97306828e-02  1.02972537e-01  3.80127687e-02 -5.89016804e-02
 -4.43891518e-02 -3.85652699e-02  5.90511511e-02 -4.18077874e-02
  4.85580337e-02  2.36602409e-02 -3.85864462e-02 -2.33560666e-03
 -1.82152480e-02  1.46714159e-02 -3.73985532e-02  8.35878179e-03
  8.54541151e-02 -6.14041089e-02 -5.93905591e-02  4.20810129e-02
  1.23744814e-02 -6.53684231e-03  3.77248560e-03 -2.92999155e-02
 -1.61918568e-02 -4.93513787e-04  2.07823805e-02 -2.51938889e-02
  4.43150936e-02  6.64185988e-02]
money    [ 6.24995344e-01 -1.76170123e-01 -1.68075004e-01 -7.68370862e-02
  9.70868161e-02 -5.96888850e-02  2.93879969e-01  1.08330102e-01
 -3.19555609e-02 -8.09730815e-02  1.09481542e-02 -2.59069517e-02
  2.53427182e-01 -5.68249001e-02 -2.14324642e-02  6.92654287e-02
 -1.01909714e-01  4.92537546e-02  9.42945633e-02 -4.04290296e-02
 -2.13834728e-02 -3.59594131e-02  4.31594122e-02  1.77615552e-02
 -5.07930567e-02  2.86284080e-02  3.14867597e-02 -1.21829312e-02
  6.99387400e-03  2.35745907e-02 -5.79278818e-02  6.95661016e-03
 -1.72696984e-02 -8.02037555e-02  2.73922774e-03 -6.91736882e-02
  6.51895051e-02 -5.40841919e-02  5.98822255e-04  3.90577876e-02
  3.58875176e-03  3.95020652e-02  5.11775284e-02 -3.99285975e-02
  3.40517566e-02  1.23688853e-03  5.53862369e-02 -1.68401510e-02
  3.25851197e-02  6.20862199e-02]
sense    [ 0.51366696 -0.03867759  0.04780765 -0.24317616  0.1272659  -0.18998196
  0.50360699  0.2194527  -0.10297475  0.06382866  0.37835151 -0.0535979
 -0.04854738 -0.2370601  -0.07721699 -0.02407554  0.02250816  0.04242932
  0.0673866   0.04216547  0.02034831 -0.02528184 -0.03848888  0.00653835
 -0.03652314  0.06675669  0.04392739 -0.06204341 -0.02465007 -0.01390234
  0.01319339  0.00774876 -0.03087409 -0.01161859 -0.02874272 -0.01815863
  0.01977119 -0.05734156 -0.01117305  0.01689075  0.023654    0.00598779
  0.04717028 -0.01130284  0.00297663  0.03161122 -0.01919168 -0.00220191
  0.01981896  0.0025323 ]
problem    [ 0.88113857  0.14029438  0.00531966  0.0535445  -0.11639788 -0.0365132
 -0.04835752 -0.07431241  0.04696212  0.01177267  0.03029936  0.00435749
 -0.03334595 -0.02937834  0.0630359   0.04305252  0.01758973 -0.00119147
 -0.02915166 -0.04785478 -0.03588144  0.04531039  0.01524462  0.00398068
  0.03759658 -0.02715173  0.0434801   0.00382271 -0.02231422  0.00294008
  0.03770133  0.02383128 -0.03607023 -0.00238512  0.01219596 -0.0273948
  0.00091052  0.01083255 -0.04214743  0.03084133 -0.03191914  0.02178114
  0.03560453  0.0034004  -0.04519087 -0.02470628  0.0392834  -0.01265233
 -0.03276043  0.01145941]
maybe    [ 9.18572497e-01  2.46122892e-03 -1.23581260e-01 -9.77238762e-02
  4.91085453e-02  2.07696972e-02  1.70347071e-02 -4.67208981e-02
  7.48203074e-02  1.34140745e-02 -9.50290363e-02 -2.87928438e-02
 -5.72457609e-02 -1.02583571e-02  1.16954148e-02  6.05996920e-03
 -5.90875211e-02 -1.22677245e-02  2.06541276e-02 -1.58524709e-02
  3.93603171e-02  3.89521182e-02  1.26460345e-02 -1.65390678e-03
  1.79696131e-02 -2.40497589e-02  1.01428310e-02  1.15089841e-02
 -2.68081155e-02  1.02423478e-02  3.77094265e-02  8.44625393e-03
  1.16779019e-03  4.97169570e-02 -8.53853391e-04  4.09460147e-02
 -4.15066523e-03 -2.65296889e-03  5.44899101e-02 -5.19924863e-03
 -1.53757425e-02 -3.21339982e-02  4.74372317e-03 -3.47804398e-02
  2.72509751e-02 -1.97483153e-02 -1.54206718e-02  5.12854774e-02
  4.95493828e-03  6.57573436e-03]
everything    [ 0.83967621  0.00238386 -0.08406905 -0.12991996 -0.0311252  -0.03788596
  0.01447217  0.03766221 -0.1484715  -0.0632968   0.00827587  0.00364296
 -0.00906031  0.01157208 -0.01949214 -0.05897623  0.01689015  0.04666951
 -0.08789194 -0.03696778 -0.05513367  0.007508   -0.02900945  0.0394547
 -0.03374372 -0.0396545  -0.05528803 -0.06915502  0.03281203  0.05094928
 -0.01286873  0.04283944 -0.03602027  0.04516347  0.03649369 -0.01549348
  0.0780559   0.04290453 -0.00567021  0.01351178 -0.01988368 -0.02480035
 -0.00627322 -0.00802987  0.01440254  0.00433908 -0.00471115  0.03149711
  0.03667653 -0.01291217]
main    [ 4.22202070e-01  3.32697451e-04  4.00682086e-01  1.63058422e-02
 -2.33994373e-01  2.51199786e-01  2.21140415e-01 -3.49050587e-01
  7.78481670e-02  9.60111322e-02  1.79461560e-01 -1.75537220e-01
  6.22256515e-03  1.82882411e-01  2.91829072e-01  1.12378148e-01
  4.98291207e-02  1.23760588e-01 -1.67113668e-01  1.52024924e-02
  1.01277287e-01 -8.16348067e-02 -6.59175578e-02 -5.25760897e-02
 -8.57422034e-02  5.30647711e-02 -2.75674860e-02 -4.30125172e-02
 -5.32993259e-02  1.08388966e-02 -4.31701998e-02 -3.84471984e-02
  1.83408430e-02 -1.69886644e-02  1.21938206e-02 -3.56570800e-02
  3.45222426e-02 -2.82014578e-02  2.44676324e-02  1.65427920e-02
 -2.99972808e-02 -1.58828873e-02 -2.04760189e-02  3.38184010e-02
  5.48608836e-02  9.77304490e-03  1.40186172e-02  5.14210048e-02
  1.65900584e-02 -3.47005313e-04]
true    [ 7.69018053e-01  1.02735086e-01  9.71130520e-02  3.54655916e-02
 -1.73925544e-01 -1.39853978e-02  6.93361373e-03 -9.89906050e-02
 -1.41043462e-01  9.41207002e-02  2.47579601e-02  2.76945311e-01
 -7.29635403e-02  5.69817825e-02 -9.38099349e-02 -9.47220857e-02
 -1.04558007e-01 -1.56888688e-01  1.23506361e-01 -6.92452625e-02
 -5.09985750e-02  1.57323198e-02 -6.37925678e-02 -4.30242643e-02
  5.00736189e-02  7.43663931e-02  1.44305088e-02 -1.51172269e-04
  3.38559309e-02  5.91529404e-02  5.93679734e-02  5.89015490e-02
  3.01257535e-02 -6.19631024e-02 -2.80184683e-03 -5.48724596e-03
 -1.96932833e-02 -4.34361474e-02 -2.11398438e-02 -2.09701090e-02
  1.29458693e-02 -1.84778087e-02 -2.92213874e-02  3.03686370e-02
  7.16790449e-02  3.27023270e-03 -1.46510455e-02 -1.37496602e-02
  6.22868804e-02 -2.12388789e-02]
worth    [ 0.70163018  0.10407485 -0.23751535 -0.07601505  0.1125406   0.00981315
  0.10969929 -0.04299647  0.01817968  0.03854018 -0.01718818 -0.00990007
  0.1046456   0.27024029 -0.18813959  0.11633325 -0.05227204 -0.11916173
 -0.09062923  0.10679378  0.0542622  -0.09622233  0.0598772   0.03495111
  0.09777941  0.01457025 -0.01001622 -0.0011597  -0.0445708  -0.07329538
 -0.03476889 -0.047947    0.01507026  0.02968249 -0.08107314  0.06155621
 -0.08868688  0.09954887  0.14485297 -0.08221409  0.00583567 -0.03214958
  0.09231952 -0.01225354 -0.04260492  0.03175807  0.02776146  0.0405106
  0.06875416  0.01967738]
dvd    [ 6.81163830e-01 -2.84265751e-02 -2.32023011e-01  2.81140625e-02
  1.03216125e-01 -5.75483746e-02 -1.99623466e-02  1.06703476e-02
 -4.46443009e-02 -1.23502048e-01  1.91351751e-02  1.70921448e-02
  2.06518063e-02  1.77146717e-01  1.77084275e-02  5.04591696e-02
  5.46541813e-02 -8.11237535e-02 -7.46734299e-02  2.33640211e-02
  1.36293989e-01 -3.29896301e-02  3.82589056e-03 -8.65495936e-02
  9.84097055e-05  7.98975571e-02  3.55252879e-02  4.23780027e-02
 -8.71218559e-02  1.36860691e-02  7.10506653e-02  1.01275415e-03
  4.52194085e-02 -5.42092960e-02  5.14780472e-03 -2.22681735e-02
 -1.85837226e-02  1.25494400e-02  2.73916008e-02 -5.27550773e-03
 -2.17376061e-02  2.82316817e-02 -5.51478310e-03 -4.95029027e-02
  3.72337146e-02 -1.82044989e-02  4.40396318e-03 -4.36122860e-02
 -8.94164092e-03 -3.66718281e-02]
everyone    [ 7.87235022e-01 -3.47751245e-02 -1.38363752e-01 -1.38567997e-01
  4.79598387e-02 -2.47291787e-02 -4.97608878e-02 -3.96399717e-02
 -1.05048865e-01  4.75785377e-02  4.50610164e-03 -1.65849541e-02
  1.06824138e-02  1.12405076e-01 -5.51625525e-02 -2.66419529e-02
 -5.26036738e-03  9.33475904e-03 -4.10901514e-02 -1.62001866e-02
 -1.12536590e-01 -2.33073203e-02 -2.78715795e-02  4.76422641e-02
 -1.66321467e-02 -6.50869309e-02 -4.14629439e-02  4.57701817e-03
 -4.95220672e-03  7.88358661e-02 -6.84691189e-03  4.18879527e-03
 -4.16703715e-02  3.02527498e-02  6.96065435e-02  1.13065888e-02
  5.18310854e-02  3.27809296e-02 -7.79245300e-04  7.23067733e-03
 -3.65261662e-03 -5.28929234e-02  5.67955052e-03 -7.11754562e-03
  7.63302889e-03 -2.47240212e-02 -2.55213871e-04  9.14497876e-02
 -7.55691199e-03  2.76285460e-02]
three    [ 8.28099560e-01 -3.40797049e-02  3.84690964e-02  3.37714843e-01
  6.12674434e-02  1.44617845e-01  1.13730266e-01 -7.80554224e-02
  2.56090212e-02  4.26720704e-02  4.44133365e-02  3.68828170e-02
  5.77094518e-02  2.17432719e-03 -6.20613330e-03  4.69201485e-02
 -9.21251153e-02  1.92652169e-02 -2.79100588e-02 -2.08449290e-03
 -2.18949663e-02 -9.47837550e-02  5.36077352e-02 -1.52208614e-03
 -1.62790406e-02  5.44816540e-02  2.26427464e-02  1.28876687e-02
  2.57683679e-02 -3.83817186e-02  5.12997476e-03  7.03197564e-02
  4.01647353e-02  5.09739481e-02  3.03447550e-02 -2.52031585e-02
 -3.71855785e-04  3.46802395e-02 -2.86747454e-02  2.78067864e-02
 -3.53105747e-02  2.97028196e-02  1.72933113e-02  4.31650869e-02
 -2.94068674e-03  1.96134912e-02  1.36770150e-02  3.60840684e-02
 -3.32111744e-02 -1.71186916e-02]
house    [ 7.50418354e-01 -3.47338788e-01 -1.70826377e-02  5.62936885e-02
 -4.51996950e-02 -2.12217876e-02 -7.79599172e-02  1.18692380e-01
 -5.21217314e-02  2.52144533e-02  2.48115234e-02  6.44547942e-02
  6.60479354e-03 -3.97218021e-02  3.71823102e-02 -1.03658478e-02
  6.06537313e-02 -3.20696488e-02 -8.58031915e-02  6.04749155e-02
  3.44936780e-02 -9.83610713e-03 -1.14513103e-02  3.72127305e-02
  3.66016957e-02  5.88419351e-02  3.94814385e-03 -2.74060485e-02
 -4.23115710e-02 -1.97747955e-03 -5.78097036e-02 -3.58229382e-02
  9.61402725e-04  4.75685819e-02 -3.49530940e-02 -4.00103117e-03
  1.46246618e-02 -5.31982838e-02  8.86823632e-03  3.88567485e-02
  9.00485716e-02 -6.42135106e-02 -2.56508146e-02  9.16457621e-03
 -3.23026994e-02  3.32147071e-02  1.20876221e-02  2.79347784e-04
 -3.96316773e-02  3.71695240e-02]
john    [ 0.82010441 -0.15509093  0.21729879  0.0242837   0.22530849 -0.04229064
 -0.08795908 -0.08716213  0.02156258 -0.01000181  0.07689234 -0.06917561
  0.03797255  0.06301411  0.00586875 -0.09882255 -0.11645887  0.09955557
  0.03608118 -0.05961025  0.01678594  0.02854057  0.00825622 -0.07811667
 -0.00213111 -0.02941395 -0.04733756 -0.00963095  0.03105968  0.00555857
 -0.02903236 -0.0249647  -0.01990077 -0.05093458  0.0043369   0.03827507
 -0.07669921 -0.06720268 -0.0086223   0.01333931 -0.00542582 -0.03685266
  0.01737518 -0.01002133 -0.02268924  0.0192013  -0.03484806 -0.00697435
 -0.00095304 -0.01762176]
10    [ 0.57348298  0.0811498  -0.26251386  0.25865309  0.26880692  0.33169815
  0.10182686 -0.05149699 -0.06762855 -0.11372549  0.04066549 -0.05584492
 -0.15603276 -0.01416567  0.14138559 -0.08555474  0.09347147 -0.04889113
  0.19799697 -0.04779574 -0.13556138  0.00548259  0.18509883  0.09839727
 -0.04985107  0.11559868 -0.03356275 -0.07550092 -0.03537662  0.07628186
 -0.09083025 -0.01319984  0.01195705  0.01221744  0.00193843  0.08415679
 -0.01073655  0.02468944  0.00716091 -0.00624214  0.04159176 -0.0166106
 -0.01143375 -0.02653544  0.02909584 -0.02723897  0.00181334 -0.01790387
  0.02319893 -0.02683818]
second    [ 8.01844526e-01  3.94679350e-02 -1.18792149e-01  1.65053380e-01
  3.72395468e-02  7.01049201e-02  7.84935980e-02  5.03046673e-02
  9.99943028e-02  3.48172618e-03  2.39736860e-02  8.99632352e-02
  1.91975645e-01  6.55462612e-02  1.71092803e-02  1.97770071e-02
 -9.13842754e-02  3.41795021e-02  2.64008682e-03 -7.16535393e-04
  1.15032175e-02 -3.64691477e-02  1.37882214e-01  2.96201059e-03
  4.18566305e-02 -2.35677311e-03  2.29751625e-02  1.89211268e-03
  1.73282884e-02  2.77588125e-02 -3.45730282e-03  8.11972996e-02
  2.99829945e-02  5.77972048e-02  2.70420751e-02 -2.07593496e-02
 -5.89114460e-02  1.16845755e-02  1.09085324e-02 -2.62319748e-02
 -4.12004880e-02 -2.57312229e-02  3.98143454e-03  3.21145491e-03
 -3.37000725e-02  1.73417414e-02 -1.46576484e-02  2.12545730e-02
 -4.97209094e-02 -1.21689233e-02]
together    [ 7.16849004e-01 -1.30555209e-01  3.10220521e-02  1.69247016e-02
 -3.00867699e-02 -2.60616348e-02  3.96129856e-02  1.34959843e-01
 -5.68140089e-02 -1.75974415e-01  5.35153855e-02 -6.89813841e-05
  2.33839148e-02  2.20573918e-02 -4.82191829e-03  3.11777655e-02
 -1.13251948e-02  1.54708820e-02  9.87510490e-03  5.82074997e-02
  3.74275708e-02  2.58128489e-02 -1.04383225e-01 -2.86885105e-02
  4.31623959e-02  1.02523831e-01 -2.45596419e-02  8.17957365e-02
  8.50481549e-03  7.04679162e-02  1.08520046e-01  9.02505087e-02
  7.30417072e-02 -2.10713626e-02 -5.37839505e-02 -4.42200072e-02
  4.46209595e-02  1.10750241e-01  4.11069633e-02  9.90149155e-02
 -5.45986525e-02  1.17792597e-02  9.29824962e-02 -4.21385165e-02
  2.29130751e-03  4.33826746e-03  4.97463995e-03  8.44053219e-02
  1.06541123e-01  6.15596898e-03]
move    [ 0.84764039  0.02440786  0.08382455  0.04589323 -0.14665718  0.01620363
  0.03926812  0.06408575 -0.05794925  0.01677599 -0.04601836  0.06644185
 -0.0119488  -0.00323126 -0.04125037 -0.04613589 -0.06369493 -0.05610642
  0.0374651   0.04788479 -0.01094721 -0.08447348 -0.04272453  0.01359219
  0.07349552  0.02563328 -0.05249275 -0.05277525 -0.05558415 -0.0042784
  0.01093602 -0.06273563  0.00440668  0.06829559 -0.00401942  0.04347139
  0.02398649 -0.07413723 -0.04256803  0.00690491  0.04776577 -0.02811804
  0.05971434 -0.02828328 -0.05355385  0.02266593  0.01244867  0.00174983
 -0.00399141 -0.01977879]
2    [ 0.71445059 -0.0086537  -0.16133721  0.11741752  0.1279018   0.25402944
  0.04353611 -0.0043222  -0.065803   -0.01425121  0.06640607 -0.00563784
  0.01464569  0.04001434  0.0892     -0.05726189  0.06470548 -0.01370578
  0.14672917 -0.02342362 -0.1389533  -0.05378222  0.18856145  0.02347478
 -0.01430453  0.11091189  0.01426518 -0.04361659 -0.05777481  0.06237089
 -0.03433516  0.0432083   0.05447973  0.07454847  0.01769053  0.04467802
 -0.08039638  0.0189699   0.09363416 -0.02189252 -0.03271123  0.01710335
  0.0057494  -0.00943475 -0.03532631  0.00587881  0.00136997 -0.05709569
 -0.02792636 -0.0687651 ]
beautiful    [ 8.07755698e-01  8.65181636e-02  1.36488291e-01  1.21429582e-01
 -3.52830291e-02 -5.45281055e-02 -1.06406078e-01  3.17958416e-02
 -1.87813269e-02  8.31560720e-02  4.27655295e-02  1.31509179e-03
  8.64202319e-04 -4.61893161e-02 -1.37218911e-01  4.42189329e-02
 -3.10000748e-02 -2.07775555e-01 -4.70265019e-02  7.47597853e-02
 -1.74491971e-02  8.90545812e-03  4.00438723e-02  4.82475793e-02
 -8.81081196e-04  6.34709355e-02 -7.33461610e-02 -8.63311596e-02
  1.20284139e-01 -5.98305737e-02 -7.85114488e-03  6.42707854e-02
 -2.81391188e-02  1.39284514e-03  1.72431305e-02  1.59533279e-02
  2.11220277e-02 -2.30366765e-02  1.21156276e-02  1.13976900e-02
  1.76516364e-02  5.60739381e-04 -2.55692855e-02 -1.62294996e-02
  3.27310728e-02  2.23888149e-03 -1.35125039e-02  1.87778250e-02
  1.04491056e-02 -9.47314725e-03]
instead    [ 0.90719142 -0.08751754 -0.07690195  0.02148728 -0.06548651  0.03271029
 -0.0250953   0.0148624  -0.10837541 -0.12784901  0.09305872 -0.01306906
  0.03717991  0.07493792  0.1226329   0.03624302 -0.03020444 -0.02495377
  0.07895172 -0.0234893  -0.02219775 -0.03522696 -0.00923331 -0.02947642
  0.02487573  0.00230526 -0.008572    0.00883133 -0.00809178 -0.0358207
 -0.05653303 -0.00964365  0.00577951 -0.06268262 -0.01175948  0.00411481
  0.01040366  0.0515348   0.06840811  0.00442617  0.00820783  0.03665152
  0.00597654 -0.00555381  0.00095789  0.0417079   0.01690558  0.0089201
 -0.00847216 -0.0034925 ]
shot    [ 0.82187173 -0.07496428  0.07306178  0.06219983  0.06960714 -0.00959665
 -0.05539435  0.25667846  0.08768274 -0.0847194  -0.01233731 -0.0621334
 -0.01218815  0.07873138  0.12381302  0.04557235 -0.00622345 -0.10162916
  0.01658944 -0.00170684  0.01378131 -0.0088472   0.0522185   0.00353402
  0.03700241  0.00685441 -0.0162235  -0.07169014  0.04031793 -0.05068824
  0.0356723   0.03400953 -0.00273082 -0.0095841  -0.02410619 -0.04732865
  0.03580047 -0.00764414  0.002599    0.02123078 -0.00680483 -0.02088079
  0.0449786  -0.05744595  0.01366083  0.00853509 -0.01648339 -0.00232759
  0.0700354   0.02377727]
later    [ 0.53865547 -0.06516953 -0.14581615  0.4398712   0.2155845   0.21288773
  0.14010619 -0.05514075 -0.12557175 -0.03668397 -0.09089479 -0.07506085
 -0.29395322 -0.09989626 -0.08229789  0.00143889  0.01915653 -0.05534875
 -0.06574657 -0.03962217  0.04538681  0.09293457 -0.20371261  0.00612824
 -0.15107088 -0.05079585 -0.00851609  0.14602121 -0.09026971 -0.11608223
  0.0617803  -0.02566876  0.04224696 -0.0493779   0.06614939 -0.12338419
  0.0242658   0.00866482 -0.02666604  0.0017527  -0.03313034 -0.03207746
  0.02533477  0.04043162 -0.09448369  0.05179116 -0.03605539 -0.00910629
 -0.07626685 -0.02995976]
waste    [ 4.24339112e-01  9.37689031e-03 -2.15322478e-01  8.41732430e-02
  1.91140214e-02  1.63215465e-01  2.87033638e-01 -1.83894017e-02
  1.55158346e-01  2.38035999e-02 -2.53655413e-01  5.93009853e-02
  5.48760166e-01 -8.14403102e-03 -1.42125113e-01  9.98036806e-02
 -2.62087258e-01  1.27309837e-01  8.01596770e-02 -7.65054350e-02
 -3.69847362e-02  3.13371169e-02  7.18698202e-02  5.39943886e-02
 -5.39170194e-02  3.66482593e-02  2.20419360e-02 -1.74089603e-02
  6.65110880e-03  3.93873052e-02 -6.30842638e-02  1.76286203e-02
  5.37056261e-02 -1.22314353e-01  8.17725500e-02 -5.47447761e-02
  1.77278832e-02 -2.91118013e-02 -4.04107543e-02 -2.36011802e-02
  4.12069361e-02 -2.91365272e-03  4.45329569e-04 -2.41691813e-02
  1.70444891e-02 -3.28391747e-03  4.59483362e-02  8.78109165e-03
 -4.88399873e-03  3.34239239e-02]
begin    [ 0.86985078  0.07739995 -0.00179447  0.08097528 -0.15985975 -0.00653846
 -0.02399303  0.05392653 -0.04914595 -0.07292775 -0.01626118  0.07213253
 -0.12529266  0.04747363 -0.10146785 -0.04914066 -0.04619517  0.12669112
 -0.04782704  0.11907029 -0.096285    0.07197153  0.07200607 -0.03179017
  0.07617798 -0.00297515  0.02540094  0.01263997  0.02154967 -0.08797974
 -0.02121627 -0.03298201  0.04004863  0.01566689  0.06178258  0.01402076
  0.02290471 -0.01377447  0.06183216 -0.03703549 -0.02334614  0.00241022
 -0.0248362   0.00700252  0.0101245  -0.00829965 -0.03178512  0.04132293
  0.01032731  0.01616737]
night    [ 0.63152765 -0.11435259 -0.18177772  0.1099008   0.10501555  0.02313904
 -0.10725398  0.02640324  0.22979606  0.09559603  0.10554306  0.19234574
  0.03414636  0.009872    0.07659526  0.00534356  0.01384023 -0.01441544
 -0.11974811  0.06127108  0.03098335 -0.02774181 -0.01297916  0.02500485
  0.0897174   0.00623138 -0.05934707  0.04882671 -0.04518927 -0.01554568
 -0.05879761  0.0414591   0.00693338 -0.04747471 -0.04398033  0.04871323
 -0.04775854 -0.02634411  0.08055702  0.02056089  0.0216965  -0.0483685
  0.00659236 -0.01291004  0.02814593  0.0477642  -0.00424182  0.04609832
 -0.02443284 -0.00449398]
wife    [ 6.96931277e-01 -4.31165810e-01  6.56475443e-02  9.00176024e-02
 -1.73330635e-02  2.86042729e-03 -1.32794646e-01 -9.75382260e-02
 -8.00026050e-02 -3.25268995e-02  1.13881312e-01  4.39921810e-02
 -1.09304820e-02 -3.82843022e-02 -1.37178882e-01  5.79718774e-02
  2.95315392e-02  5.94823674e-02 -3.24070466e-02 -5.09997618e-02
  4.78777353e-02 -5.18361348e-02  1.30948473e-01  3.98374091e-02
  2.23905492e-02 -4.13193654e-02 -7.62650747e-02 -5.94450475e-03
 -4.87823499e-02  2.33503991e-02  1.87667127e-02 -4.33472522e-02
  1.69610227e-03 -2.62870291e-02 -1.03090670e-02 -3.54923159e-02
 -3.34986025e-04 -4.96418185e-02  5.35830644e-02  3.68285025e-03
  6.84013914e-02 -7.93687090e-02  3.90838729e-02  2.84455954e-02
 -2.30147512e-02  2.90897307e-02 -1.01532319e-02  4.77160435e-03
 -2.14393226e-02  4.17768113e-03]
sound    [ 0.59850036 -0.06164961  0.0867868  -0.26179699  0.22307786  0.06410323
 -0.10564822  0.18257219 -0.16220591  0.36146551 -0.20230074 -0.10720647
 -0.0393477  -0.03910518  0.15590977 -0.13257421 -0.12274976  0.07254305
  0.03030179  0.07804011 -0.03126915 -0.046193    0.04200895  0.02164487
 -0.02254047  0.03954902 -0.07162011  0.1352999  -0.01721258  0.03458352
  0.07428636  0.01952712  0.02940561 -0.03600136  0.04679172 -0.0776408
 -0.0316567  -0.0717569   0.01812835 -0.01778893 -0.0051601   0.08461867
  0.0839451   0.07015635  0.06310076 -0.02156573  0.01675191 -0.04247113
 -0.01685813 -0.00351353]
father    [ 0.60992966 -0.42795212  0.09799919  0.09373757 -0.00575594 -0.02504324
 -0.13422935 -0.11070765 -0.10118236  0.0221817   0.05130365  0.03670437
 -0.03102408 -0.03821167 -0.20536989  0.02151676  0.03179932  0.0632836
 -0.02118382 -0.06077354  0.01868279 -0.02199408  0.0966567   0.05707948
 -0.04864198 -0.05019848 -0.10712989  0.03554884 -0.06522656  0.01470506
 -0.01327839 -0.03071331  0.02650096 -0.01878769 -0.00311252 -0.00933398
 -0.00446274 -0.09124771  0.04889437  0.01023077  0.00717237 -0.07134382
  0.08829478  0.01387161 -0.00996398 -0.04596802  0.05568859  0.03227835
  0.04618975 -0.01657343]
fall    [ 0.46821691 -0.12035925  0.01978346  0.04091533 -0.07208752 -0.01757854
 -0.07642156 -0.09792553 -0.04238493  0.08636846  0.06425878  0.06417054
 -0.02147993 -0.07245336 -0.17375157  0.13864272  0.04236405  0.01944184
  0.03253259  0.03229862 -0.02689865 -0.01890339  0.07115127 -0.00826381
  0.02982356  0.09776414 -0.12958647 -0.01465008  0.17630014  0.08212422
  0.0337993  -0.0887699  -0.12253133 -0.09568997  0.08953053 -0.15025751
  0.06131962  0.03524404 -0.12132596 -0.02065991  0.09551803 -0.06097398
 -0.04338768  0.06628391  0.14855242  0.02316354 -0.11574114  0.0009817
  0.13678257 -0.06596406]
special    [ 2.75293953e-01  6.28000370e-02  5.80484046e-02 -8.77924457e-02
  2.91468465e-02  5.34069059e-02  7.70521637e-04  1.30895944e-01
 -3.08605898e-02  9.90607682e-06 -5.18144462e-02  1.74150235e-03
  4.84091479e-02 -3.80075789e-02 -1.03277803e-02 -2.84037152e-02
  8.45447331e-02 -1.39381616e-01 -7.30721420e-02  1.78920266e-02
  4.72818116e-02  7.47551346e-02  7.88641319e-02 -9.97042947e-03
 -6.94464654e-02 -5.92245111e-02 -2.21807433e-02  4.49144114e-03
  4.20103125e-03  5.08750638e-02 -6.89324770e-02 -1.78671658e-02
 -3.34694256e-02 -7.54061256e-02  6.55708440e-02 -1.81107059e-01
 -1.23795107e-01 -5.78721088e-02  9.61504990e-02  5.42251119e-02
 -1.68714939e-02  1.64469213e-01  2.33599101e-01  3.31058400e-01
  2.83676734e-01 -5.00534658e-02 -3.65021953e-02 -3.26279804e-02
  1.83991194e-03 -1.90731111e-02]
face    [ 7.38848742e-01 -2.40382562e-01 -8.65179829e-04 -4.18334178e-02
  3.79381719e-03 -4.10189631e-02  4.75187450e-02  2.50739507e-02
  3.90990762e-03  8.30999530e-02 -3.64176731e-02 -5.68469250e-02
  3.33748393e-02  1.08730068e-01 -5.63920131e-03 -2.58493854e-04
  5.39999209e-02 -1.19756942e-01 -5.57996404e-02  9.08043362e-02
 -7.01574256e-02  8.74502502e-02  4.27532024e-02  2.24858428e-02
  3.24266541e-03 -3.45971069e-02  5.94603341e-03 -5.47918858e-02
 -7.59144358e-04 -3.58973493e-03 -2.94321277e-02 -3.54633914e-03
  2.93501733e-02 -3.54636054e-03 -8.87936256e-02  2.42835092e-02
  2.29441085e-02 -6.46257316e-02 -1.27811769e-01 -1.98318470e-02
 -1.09212771e-01  1.56800319e-02 -2.70363959e-02 -1.32319638e-03
  7.13772066e-04  1.21507050e-01 -3.30836209e-02 -2.66526808e-02
  7.99726994e-02 -4.23066807e-02]
talk    [ 0.83677618 -0.15029288 -0.04827505 -0.10602766 -0.07762171  0.0451385
  0.03773921 -0.05647923  0.02539     0.1623372  -0.09105726 -0.12797845
  0.01422168 -0.06962558  0.0308025  -0.01197275  0.04120653  0.01102321
  0.0229084  -0.01143444 -0.06042684  0.00213362 -0.00236073 -0.05398223
  0.0592093   0.03588744 -0.01478719  0.05890577  0.01322115 -0.04153024
 -0.03126044  0.02679532 -0.04413238  0.02514836 -0.02021863  0.04114133
  0.01027037 -0.03557071 -0.00450838  0.03474454  0.03708757 -0.00288888
 -0.02937189  0.03199004 -0.00572002 -0.04024078  0.00416246  0.02509244
 -0.0367038   0.0011642 ]
american    [ 8.69204220e-01  1.44665733e-01  3.64509834e-02  1.57605138e-01
  3.48693332e-02 -1.61053459e-01 -5.57060693e-02 -5.37426797e-02
 -9.88090592e-02  6.17371406e-02 -3.06721142e-02 -3.41021401e-02
  2.88494008e-02 -1.32496234e-02 -1.31110682e-02  7.82962660e-03
 -1.99897721e-02  1.28349094e-02 -2.28909473e-04 -1.47415142e-02
 -1.32584928e-02 -5.55256211e-03  8.27008989e-03 -2.68003042e-02
  2.63885290e-02  3.58996440e-02  7.44986449e-02  1.95089675e-02
  2.62558393e-02 -1.71176955e-03  2.31051847e-02 -1.16385008e-02
  1.67406432e-02  3.85542247e-02  8.77169405e-03  4.26932007e-02
 -6.28287895e-03  3.03300517e-02  9.52227149e-03 -5.15814405e-02
 -2.02670920e-02  5.00756686e-02 -1.93288375e-02 -2.40687770e-03
  2.40968670e-02  1.50712317e-02 -9.55960247e-03  4.03373472e-02
 -9.16280818e-03 -6.07915020e-02]
mind    [ 8.01120947e-01 -1.09812165e-01 -1.71060169e-01 -1.26826379e-01
 -2.75126746e-02 -9.75622013e-02  5.93250628e-02 -4.04030241e-02
  5.81196646e-02 -1.82295996e-02 -2.22205676e-02  4.28215233e-02
 -3.25144423e-02  9.41590850e-03 -2.00724878e-02 -2.37410135e-02
  4.27302424e-02 -2.15036932e-02 -8.12472368e-02 -4.23665219e-02
  4.36107056e-02  8.70823498e-02 -4.61212857e-02  5.70059203e-02
  2.28071926e-02  1.53646154e-01 -4.41930044e-03  3.85727355e-02
  8.77057065e-03  6.68723789e-02 -3.83243207e-05  7.38664626e-02
  1.15447878e-01 -1.10279933e-01 -1.05822992e-01  1.36460601e-02
 -1.15922201e-02 -1.07060431e-02 -8.88990348e-02  4.42297562e-02
  6.41053892e-03  3.63200333e-04  4.91214747e-02  2.00158022e-02
 -6.46482380e-02  6.20010229e-02  5.22225648e-03  3.92968796e-03
 -1.32733388e-02 -7.11956764e-03]
excellent    [ 7.95872868e-01  3.33582018e-01  2.22289896e-01  4.91013049e-02
  1.16295387e-01 -1.24747754e-02 -7.20770944e-02 -4.00599227e-02
 -2.98187955e-02 -1.59063891e-01  9.88459754e-02 -1.19911348e-01
  1.17611704e-01 -2.90462941e-02 -8.07872992e-02 -9.50091796e-02
  2.00621583e-02 -6.59031793e-02 -2.72838678e-02  5.91992141e-02
 -7.75202919e-02 -1.76875735e-02 -2.16379909e-02  9.27484107e-02
  8.06068590e-02  8.52528336e-03  9.45137116e-03  6.01662687e-02
  1.67770586e-02  3.06820011e-02  2.07679497e-03 -6.31466181e-03
  5.50567391e-03 -2.02479307e-02  9.63567029e-05 -4.93173013e-02
 -2.60597749e-02 -2.23349576e-02 -3.59020912e-02  5.04403305e-03
  3.74051329e-02 -7.94017283e-03  1.71608150e-02  1.81880448e-02
  1.43692232e-02  6.72021932e-03 -2.06590169e-02 -4.85803622e-04
 -4.88741373e-02 -4.53518013e-03]
death    [ 0.77323222 -0.26647847  0.09472837  0.12661727 -0.0820732   0.01162594
 -0.02381343  0.13187276  0.1437814   0.06711555  0.03330773 -0.06976026
 -0.0790027  -0.00314242 -0.13632289  0.0056541   0.11303688  0.02728947
  0.05518003 -0.0643321  -0.06074656 -0.05071049  0.01544021 -0.06986072
 -0.04601564 -0.00714651 -0.01643898  0.03913186 -0.01255567  0.02800668
  0.07369714  0.01193348  0.0346764  -0.00772811  0.00912508 -0.01065858
 -0.08837042 -0.06151298  0.06454446 -0.03681253 -0.01789439 -0.03074194
  0.02960967 -0.06999936  0.02807522 -0.0465865   0.02525531 -0.00479401
  0.05381431 -0.02391155]
recommend    [ 0.6118371   0.22864113 -0.25678073 -0.03670606 -0.0114384  -0.11474282
 -0.06910084 -0.1806898   0.07090879 -0.02529182 -0.07000321 -0.0865021
 -0.07548717  0.03831263 -0.0427064  -0.03944053  0.06760714 -0.04956997
  0.10947995  0.15378103  0.16185941 -0.1835944   0.0259558   0.00331148
 -0.15598064 -0.03867446  0.06426064  0.0565813   0.07843009  0.01675189
  0.01564859 -0.01814703  0.01471418 -0.16910252  0.04803704  0.04734828
 -0.05321349 -0.00756925 -0.10552339 -0.01292245  0.02104109  0.0034862
  0.01017216 -0.01028687 -0.06684781  0.00577178 -0.02935115  0.03341876
 -0.01339168 -0.01218766]
remember    [ 8.68065419e-01  3.95653507e-02 -2.06162592e-01  1.71094482e-02
  6.69502732e-02  5.81356106e-02  4.56856164e-02 -1.02580995e-01
  1.74781261e-01  1.14097758e-01 -4.56550901e-02  3.95523746e-02
  2.77620132e-02  7.75369658e-02 -1.00741932e-01  6.27510733e-02
 -2.06310983e-03 -4.89952006e-02 -6.01109416e-02 -5.45680126e-02
  6.52201776e-03  5.13640278e-02 -3.06364470e-02 -1.66333750e-02
  8.36402723e-02  8.41868916e-02  1.41856187e-02 -1.19228178e-02
 -2.77703187e-02 -7.85315999e-02 -1.91145810e-02 -7.23582249e-03
  2.18656670e-02  2.54483346e-02 -1.79830049e-02 -2.58458772e-02
 -3.13339261e-02 -2.79017912e-02  2.92273762e-02 -1.91696989e-02
 -6.32057738e-03 -1.27724373e-02  2.80624337e-02  2.55962560e-04
 -4.11836373e-02 -3.97287021e-02 -5.53575232e-03 -1.39078113e-02
 -9.32529799e-03  3.97011394e-03]
hour    [ 0.49347414 -0.05167532 -0.13371397  0.13591929  0.02261758  0.12840455
  0.05126959 -0.00731566  0.0472705   0.01487174  0.04420787  0.10012771
  0.05633391 -0.01760017  0.03925064  0.0189088   0.03371064  0.0728786
  0.00849469  0.03140809  0.02913916 -0.18760827  0.209066    0.00858121
  0.20706319  0.00550803  0.03978721 -0.01701374  0.05761781  0.10762117
  0.05624832  0.15355589  0.03303632  0.10307022  0.05127957 -0.08452137
  0.00539615  0.07662018  0.01847663  0.03165184 -0.15857589  0.09655599
  0.09911146 -0.0979822  -0.0343508   0.02492609  0.07209649  0.05026063
 -0.0794842  -0.06594595]
include    [ 0.77521947  0.07261585  0.26620269  0.15925062  0.0131707   0.02763585
 -0.05299077 -0.01870062  0.18451315 -0.03590123  0.03324314 -0.15483421
  0.08584892  0.0173876  -0.04447192 -0.02278876  0.06668752 -0.04337095
 -0.03014721  0.02941213 -0.0702595  -0.06164706 -0.07262817  0.07419412
  0.06734744  0.04717481  0.17304601  0.10302878 -0.02789057  0.09298626
  0.09273057 -0.08302687 -0.05877613 -0.0286186   0.03479181 -0.03382093
  0.03645342 -0.07405836  0.03865581  0.02186322 -0.00423715  0.02846727
 -0.0769756   0.04134094 -0.02386119 -0.01734235  0.01275225 -0.03095718
  0.05620143 -0.03157974]
viewer    [ 8.47197113e-01 -4.91030812e-02 -3.75485592e-02 -5.70346547e-02
 -1.80658265e-02 -9.95036636e-02  2.13395500e-01  4.64855321e-02
 -7.13059942e-02 -5.62576424e-02  1.95285582e-02 -2.51930657e-02
 -9.37478123e-03  1.06472890e-01 -7.70049351e-03  2.50655180e-02
  1.92222255e-02  3.57450727e-02  5.44742085e-02 -6.42303603e-03
 -4.86852420e-02  1.89595221e-02  6.98320763e-02  7.15017247e-02
 -1.58475113e-02 -2.65923492e-02 -4.81914693e-02  2.26944619e-02
 -5.42029319e-02  1.80839719e-02  9.70916712e-03 -1.42705646e-02
 -1.01921148e-02  5.89735525e-04 -5.88142666e-02  2.38772925e-02
  4.42320625e-02 -2.47039282e-02 -5.90807369e-02 -1.32555193e-02
 -1.24360670e-02 -2.38338680e-02 -3.41659396e-02  1.95068831e-03
 -1.85197990e-02  7.68822204e-02  5.76622037e-03  3.55658902e-02
 -2.48352082e-02  2.58060604e-02]
miss    [ 0.83621544  0.04271515 -0.10253468  0.00574768 -0.04085577 -0.05653402
  0.03216995 -0.06306154  0.21916425 -0.01164385 -0.07021807  0.0272938
 -0.08565762  0.01813304 -0.00859094 -0.02114213 -0.03156101 -0.00196369
 -0.01621869 -0.13287275 -0.02560347  0.05929724  0.01591897  0.09609461
  0.05908704  0.08357001  0.01554889 -0.04926397 -0.02770872 -0.01906497
 -0.06355686  0.05448008 -0.03470517 -0.0567288   0.06283062 -0.024158
 -0.06423931 -0.0545182  -0.04133263  0.01318546  0.01192287 -0.01062271
  0.01603895 -0.04588831 -0.01125454 -0.02151417  0.05080635 -0.05650486
 -0.03909572 -0.02352122]
black    [ 0.51581529 -0.05406754  0.07560861  0.09010936 -0.02044395 -0.03428614
 -0.09603983  0.00213718 -0.02783547  0.1160678  -0.00838908 -0.12978029
  0.02056604 -0.08734513  0.03139868  0.07468171 -0.06679921 -0.09108292
 -0.01157376  0.03725599 -0.02546447 -0.00424864  0.04356439 -0.05191173
  0.02209585  0.05192307  0.10134194 -0.14635282  0.05316114 -0.04446675
 -0.1043435   0.07364472  0.05203671 -0.05297541 -0.12138127 -0.01203973
  0.07346     0.15885562  0.00268029 -0.0619847   0.05666101 -0.01800238
 -0.07274474 -0.03273448 -0.13976218 -0.06557926 -0.10128957 -0.1019472
  0.0584604   0.07951955]
nice    [ 8.62120406e-01  1.97275786e-02  1.42567146e-02 -9.09936383e-02
  5.16147815e-03  5.52865567e-02 -5.69331019e-02  1.31649012e-02
 -1.63963096e-02 -9.12940814e-03 -1.13623556e-02 -8.25020122e-02
  2.38490037e-03  1.50673123e-01 -9.71375932e-02  3.93065643e-02
  1.56975539e-02 -1.70292703e-01 -6.10622053e-03  1.40579516e-01
  3.29215712e-02 -5.40328406e-04  2.04589429e-03  5.94905611e-02
 -5.01879655e-02 -4.74577258e-02  1.80419435e-02 -1.04701503e-01
  2.99653690e-02 -2.25250456e-02  3.43670537e-03  1.72403585e-03
 -1.80555371e-02 -4.21902746e-03  4.32971807e-03  6.35835930e-02
 -4.18297062e-02 -6.50592021e-03 -6.82244631e-02  4.06374874e-02
 -7.16229790e-03  2.22608968e-02  1.39289538e-02  2.59491192e-02
 -2.95962716e-02 -5.98659162e-02  1.17738503e-02 -6.64369323e-03
 -2.03677209e-02  1.83501181e-02]
classic    [ 0.88910124  0.23282881 -0.01184737  0.06348437  0.05618859 -0.0957103
 -0.05781654  0.02823037 -0.03603069  0.11631711  0.00932673  0.0697049
 -0.02655663  0.03247488  0.01944729  0.02259017 -0.05948738  0.01897085
  0.03527642 -0.0251394   0.02678183 -0.01452439 -0.05397107 -0.00513452
  0.03286164  0.05921874  0.02313594 -0.0136539   0.03022006 -0.00114606
 -0.04108178 -0.06775957  0.04459653 -0.02038634 -0.0182797  -0.02902625
  0.01222887 -0.01399368  0.0183359  -0.01103179  0.00381305 -0.00336101
 -0.03240911  0.00305953  0.02967126  0.03250503 -0.03145769 -0.01707651
 -0.00906829 -0.05418214]
simply    [ 9.17618033e-01  1.63499464e-01 -1.76402590e-02 -6.03339811e-02
 -3.89131234e-02 -6.00733218e-03 -5.42050861e-03 -2.93175755e-02
 -1.41679296e-02 -2.72410452e-02  2.59726020e-02  1.67982699e-02
 -6.13741025e-03 -1.16872986e-02  1.59267392e-02 -3.04660604e-02
  1.75426698e-02  5.65688869e-03 -5.78432603e-02 -5.85883357e-02
 -2.79414821e-02 -2.02994545e-02 -2.48555763e-02  4.53020164e-03
  5.15293640e-03 -2.92477535e-04 -3.32782752e-02 -1.43058606e-02
  3.85206982e-02 -1.67802961e-02 -4.93265088e-02  4.26042513e-02
  1.14493763e-02 -1.66904800e-02  1.47962435e-02 -4.31579853e-02
  6.10204511e-02  2.99622855e-02  2.65047110e-02 -1.49350390e-02
  1.81735007e-02  1.37748151e-02 -1.55203243e-02 -2.19574021e-04
  2.60850518e-03  2.41153886e-02  2.61950060e-02 -3.11962837e-02
  2.27776924e-02 -4.16313312e-02]
else    [ 0.54137332 -0.07019901 -0.11761848 -0.15023251  0.0021564  -0.0365429
  0.01366949 -0.05961996  0.07634948  0.00432915 -0.07757571 -0.01704421
 -0.06103982  0.0624248  -0.00676833 -0.05289729 -0.02475468 -0.0440998
 -0.02884265 -0.01254867 -0.02689107 -0.00460116 -0.03582735  0.02701902
 -0.00679709 -0.06201131 -0.0597575   0.0328147   0.01179448  0.04288025
 -0.03892915  0.02119392 -0.15693073 -0.05071605  0.03321098  0.00689469
 -0.00249461 -0.0069594   0.06308845  0.07361724  0.03543182  0.02896558
  0.03667495 -0.05564266 -0.0237222   0.00960809 -0.03458909 -0.03304837
  0.05910539 -0.08105872]
war    [ 0.58992166 -0.04920533 -0.03987763  0.1360861  -0.06766185 -0.06471364
 -0.0095657   0.02581581 -0.04554288  0.04330056 -0.03761703  0.10068639
  0.06124094 -0.03766999  0.01854719 -0.04521355  0.13938368  0.08233572
  0.0064254   0.00874002 -0.07947986  0.09723086 -0.04073433 -0.01167866
 -0.08174707  0.00394418  0.09854244 -0.04740729  0.08865671  0.05248862
  0.01407605  0.05376416  0.00927266  0.06623646  0.09190927  0.01285828
 -0.04660298  0.04448883  0.10975307 -0.09419877 -0.1273322  -0.0157015
  0.07684933  0.07275521 -0.03052037  0.10063162 -0.00837119 -0.01459156
 -0.05416284 -0.02490659]
change    [ 8.32497329e-01 -1.25048053e-01  6.82635516e-02 -1.69330249e-02
 -1.30691073e-01  9.40582366e-03  2.25780018e-01 -8.16255885e-02
  2.07782072e-02  7.85850664e-02 -8.73455492e-03  7.37385038e-03
  2.61524087e-02 -7.65040977e-03  5.12294942e-03 -4.78790189e-02
  6.66526668e-02  1.44737280e-02  1.90003698e-02  2.42368614e-02
 -2.64636025e-02  4.59275523e-02 -2.58258971e-02 -1.14777040e-02
 -6.46072897e-02 -6.61767790e-02 -3.58943645e-02 -1.21281820e-02
  2.66824939e-02  9.60416838e-03  3.71269348e-02  5.00631630e-02
 -6.37568636e-02 -3.44906363e-03  1.41728460e-02  3.90025821e-02
 -6.17334654e-02 -3.74733733e-02  3.17481098e-02 -3.26841292e-02
 -4.68915802e-02  4.83521370e-02  4.45668925e-03 -4.33890890e-02
  1.98644268e-04 -1.78601566e-02 -2.33537430e-02 -2.56112193e-02
 -1.01445350e-02 -4.58223287e-02]
appear    [ 8.97809618e-01  9.76675586e-02  7.46571971e-02  1.52867892e-01
  4.72056700e-03 -7.85287252e-02  8.19423898e-02  1.91068226e-02
  7.58440657e-02  3.67576232e-02 -9.36061346e-03 -9.95235134e-02
 -4.57510269e-03 -6.07931810e-02  4.31058004e-03 -6.00310575e-02
 -1.99104839e-02  7.28536245e-02  1.14763517e-02  1.09091506e-02
  6.88074662e-02 -4.68492465e-02  6.39695159e-02 -5.07140768e-02
  8.03416213e-03  2.32754027e-03  3.84966026e-02  1.41912935e-02
  6.41043897e-03 -2.64375803e-02  4.37662409e-02  4.39625847e-02
  1.42183985e-03 -3.80623504e-02 -2.16183480e-04 -4.41545261e-02
 -4.15053325e-02 -1.76922892e-02 -8.43837410e-02  4.46760349e-02
 -1.25034819e-02 -2.27079498e-02 -1.12931961e-02  1.01883257e-02
 -4.37115978e-03 -2.16377723e-02 -2.16951290e-02 -1.10648913e-03
 -1.18431495e-02  6.59279604e-03]
lose    [ 8.17285180e-01 -2.38270878e-01 -2.51564494e-02  5.35054500e-02
 -1.24393315e-01  4.28386717e-02  4.50843477e-02 -3.69089206e-02
 -2.38370110e-02 -7.61260008e-02 -4.65983098e-02 -5.62652635e-03
  8.94940171e-03  1.09274604e-02 -5.28535434e-02  8.79109024e-02
 -7.68054218e-02 -1.39272949e-02  6.62550125e-02  4.29950134e-02
 -3.70444126e-02  6.78301566e-02  2.95488737e-02 -5.55734818e-02
  1.46330208e-02 -5.53604412e-02 -4.57251577e-02  4.65188209e-02
  3.29592150e-02  2.53111629e-02  6.68153749e-02 -4.22440769e-03
 -9.27902388e-02 -1.33656628e-02  3.45516433e-02 -6.08400009e-02
 -7.70835364e-02  6.93205374e-04 -2.00596696e-02 -4.46218698e-02
  3.57914083e-03  6.74818921e-03 -2.96315403e-02 -2.60835444e-02
 -1.75542791e-03  1.07900013e-02  4.80624006e-02 -1.56134410e-02
  1.56479685e-03 -5.23619360e-02]
high    [ 0.43816439  0.02389856 -0.03071935  0.05307236  0.02963757 -0.02812919
 -0.06804158  0.02772503 -0.08750634 -0.03712688 -0.02549034 -0.02208327
  0.00205203 -0.03681695  0.06475321 -0.02126536 -0.01161295  0.00180788
 -0.02710804  0.00389357 -0.00350284 -0.01133332  0.02204141  0.06022792
 -0.0148595   0.07670448 -0.01933123  0.09698836 -0.02664936 -0.08441509
 -0.05446687 -0.08075709 -0.05563701  0.05637305  0.0211065   0.12784717
 -0.0340756   0.01678014 -0.04964406  0.00788927 -0.14945147  0.03309249
 -0.04236427  0.05050232  0.06460557 -0.06682523  0.02170133  0.06462295
  0.03330755  0.16262797]
hear    [ 8.10643027e-01  3.63255044e-03 -1.67223156e-01 -5.35940995e-02
  6.65351142e-03  4.51742141e-03  1.31243918e-02 -1.45217288e-01
  1.10366724e-01  4.63606583e-02 -1.17746843e-01  2.47308870e-02
  3.16235608e-03  2.50016942e-02 -6.48538234e-02 -3.30371333e-02
  5.19881318e-03 -2.54396367e-02 -1.79238327e-02 -2.23531253e-02
  8.14059024e-03  2.96907717e-02 -1.05444912e-02 -1.31520712e-01
 -1.74742254e-02  5.56381713e-02  4.35966409e-02 -4.35615847e-02
  6.81711798e-02 -5.95128513e-04  7.52992723e-02 -1.70491733e-02
 -5.87271655e-02  2.61947734e-02  2.38700819e-03  2.18456473e-02
 -1.66846446e-02 -6.08463464e-02 -9.70861051e-02  1.77581307e-03
 -2.56366497e-02  1.86120851e-03  1.31799536e-02  5.23217869e-02
 -6.42151616e-02 -3.56277642e-02 -5.88245690e-02 -1.67322005e-03
 -8.08114772e-03  2.17439906e-02]
short    [ 0.84280663  0.20681015  0.06044467  0.1577086  -0.02556562 -0.04654786
  0.11835512  0.07624573 -0.03816507  0.01211986 -0.06156613  0.12978781
  0.01507171  0.03804    -0.094202   -0.01849747 -0.16484075 -0.03505423
  0.05442513  0.00533824  0.00222238 -0.07399945  0.00595082  0.01903186
  0.02779245  0.01992947 -0.02176517 -0.02109077  0.04963319  0.03835505
 -0.01444897  0.08159383 -0.00544007 -0.00948085  0.03357651  0.01620228
  0.00333059 -0.04249388 -0.02326311  0.00127373  0.0504807  -0.00808019
 -0.02259977 -0.00877183  0.01949723  0.00363502  0.03465883 -0.03353013
  0.04734821 -0.02370018]
follow    [ 8.60423416e-01  1.35917035e-01  7.66605531e-02  1.53585121e-01
 -1.74621024e-01  4.34305149e-02  2.75139492e-02 -4.88952136e-02
 -1.31288696e-02  5.50423647e-03 -2.09505593e-02  1.23483931e-01
 -7.09030001e-02 -3.73407140e-02 -3.34982687e-02 -6.45897856e-02
 -7.85896587e-02 -6.48596088e-02  3.78985446e-02 -5.12361963e-03
 -8.13922104e-03 -1.13022796e-01 -1.14930621e-02 -4.44873463e-02
  2.21956965e-02  1.08329776e-02  7.90492258e-02 -2.08589856e-02
 -1.41414367e-02 -1.07405070e-02  8.21063094e-03  1.21707387e-02
  5.30729469e-03  1.75645722e-02  1.75980181e-02 -1.59928553e-02
  1.37354027e-02 -2.24849856e-02 -1.10351086e-02  2.81074150e-04
 -1.88211819e-02  9.15771689e-03  1.04625956e-02  5.27107483e-03
 -2.27684870e-03 -1.58002381e-03  3.13373568e-02 -2.37523949e-03
  1.12117716e-02  1.72108308e-02]
boy    [ 0.6541749  -0.32580073  0.05261609  0.07777751  0.03715725  0.10990566
 -0.12245625 -0.02920932 -0.06999949  0.06662839  0.02579288  0.05254747
 -0.1132345  -0.13245489 -0.1522313   0.10456298 -0.06417388 -0.05269268
  0.00668589 -0.01156949  0.04339476 -0.0182138   0.06986204  0.04973923
 -0.06062926  0.02088024 -0.02518782  0.02760083  0.02391046 -0.03338696
 -0.0516485   0.03813079  0.00667182  0.05267127  0.03620643  0.04520682
  0.10246496 -0.01990462 -0.1008767   0.11617873 -0.00521432  0.06196276
 -0.05597038 -0.01194413  0.06551566  0.01558789  0.07241733 -0.02663511
  0.04195121  0.07198792]
understand    [ 0.81351833 -0.01556872 -0.15260054 -0.19592136 -0.11576839 -0.07202633
  0.13278344 -0.17895336  0.10305071  0.00454396 -0.12677338 -0.09166437
 -0.06812241 -0.07604625 -0.03647425 -0.01833048 -0.01438848 -0.00636588
 -0.02808742 -0.13089106 -0.04715441  0.04436828 -0.05365031  0.02991227
  0.09669482  0.15763896  0.05668234 -0.0659056   0.0367477  -0.03831212
 -0.00269978 -0.00528245  0.0902461  -0.02871147  0.02454412 -0.03925715
 -0.03788777 -0.00763534  0.00223545  0.0133335  -0.00769596  0.02143364
  0.01940793  0.01929664 -0.0172249  -0.02766639  0.05490652 -0.04989851
 -0.00979149  0.01755939]
piece    [ 7.07735033e-01 -2.72491723e-02  3.50190101e-02 -4.82220358e-02
  1.42714900e-01 -3.62884644e-02  6.21041062e-03  7.84758591e-02
  1.72645931e-03  2.82930272e-02 -7.55685224e-02  6.90177419e-02
  5.18209846e-02  5.54729961e-02  7.72548256e-02 -6.18236180e-03
 -1.89233588e-03 -8.09095991e-02 -4.71256792e-03  5.10476662e-02
  2.59922847e-02  6.84536666e-03 -8.62122149e-03  2.25317860e-02
 -3.24096116e-06  2.09634136e-02 -1.13424078e-01  2.56090989e-02
  3.72039352e-02  2.71332881e-02 -4.29240483e-02 -7.27639444e-02
  6.24324970e-03 -4.88267903e-02  5.54421748e-02 -5.29434110e-02
  3.30067276e-02  2.99335502e-02  9.00237165e-02  3.34994759e-02
 -8.33836795e-02 -1.56503828e-02 -1.81972368e-02 -1.07768487e-01
 -3.05287764e-02 -8.37332208e-02  4.04764412e-02  1.47996601e-01
  2.09124553e-02  1.69662386e-02]
head    [ 0.80222785 -0.3336441  -0.08331343 -0.0284348  -0.03205476 -0.03093849
  0.00538231  0.13452722 -0.05373083 -0.09715779  0.04182112 -0.07991181
  0.04108239 -0.01273403  0.05190072 -0.03788617 -0.04778076 -0.00859244
  0.00458226  0.07464193 -0.01211621 -0.0239949  -0.0380395   0.00493365
  0.08795862  0.01935323 -0.02952048  0.00241765 -0.02845803  0.01556261
 -0.00492598 -0.01356964 -0.03881462 -0.00765831 -0.03690646  0.00361499
  0.03982696 -0.03848694 -0.04483127 -0.00325646 -0.03231454 -0.01278127
 -0.03016024  0.03431021 -0.02046608  0.07979301 -0.0412368   0.01090857
 -0.01638712  0.00592478]
attempt    [ 0.81503228 -0.01142079  0.05195923 -0.04099774  0.01992831 -0.16511985
  0.25084815  0.17950157 -0.10871876  0.00169593  0.25199164  0.01201737
 -0.03331378 -0.12266051 -0.00754597 -0.00613482 -0.00608044  0.03536022
  0.0069642  -0.0090605   0.02448387 -0.03486001  0.00761476 -0.05182373
  0.0359115  -0.00210808  0.00413313 -0.0009349  -0.01062798  0.01286324
 -0.02138593 -0.03418578  0.01550878 -0.00116469 -0.01628674 -0.01936123
 -0.02650795  0.01245393 -0.02172004 -0.02532104 -0.00159251  0.01509842
 -0.00669075 -0.02197618 -0.00881599  0.01705188 -0.05128789 -0.00254759
  0.00290145 -0.00623741]
completely    [ 8.50920839e-01  1.45536171e-01  6.20950516e-02  2.29758293e-02
 -1.66842141e-01  6.55957302e-02  5.42406436e-02 -6.03492455e-02
 -4.89171355e-02  3.72076921e-03  5.84461111e-02 -8.29394771e-03
  2.76502187e-02  3.20062444e-02  2.92127400e-02 -4.78480988e-02
  1.92701319e-02  5.49154922e-02 -7.74536628e-02  6.98075032e-03
 -5.75893262e-03  1.85796262e-02  4.66692598e-02  1.24804636e-02
 -2.79892951e-02 -1.76435568e-02  7.95463298e-03  5.04467814e-04
 -3.58508672e-03  1.55396254e-02  9.69221386e-03  1.40890147e-02
 -6.61841774e-03  3.13879766e-03  4.08394734e-02 -3.60293063e-02
  3.98472042e-02  3.48095309e-02 -2.76503295e-02 -5.56521118e-02
  4.58241343e-02  1.82964524e-02  8.22716094e-03 -4.65042390e-02
 -3.14444299e-02  4.84828819e-02  1.94697331e-02  9.53338255e-04
  1.24259647e-02 -2.49745274e-02]
couple    [ 8.18803837e-01 -1.45211533e-01 -1.12500492e-02  2.06385312e-01
  8.31848812e-02  2.39624323e-01  1.14623760e-01  9.85944031e-02
  1.26348000e-03 -5.23031031e-03 -4.57234395e-03  2.08099704e-02
  5.73329332e-02 -1.94063309e-02 -1.37684640e-01  7.21482629e-02
 -4.28823995e-02  2.24028744e-02 -2.82228009e-03 -5.61938039e-02
  1.58666111e-02 -5.89376153e-02 -4.48340770e-02  1.96209375e-02
 -1.02696939e-02  1.53793706e-02 -5.49758881e-03 -2.27683303e-02
 -6.22094077e-04 -7.34443953e-03  5.07752596e-02  2.33945287e-02
  3.07491507e-02  3.74111979e-02  3.91232204e-02 -6.64001298e-03
  1.18039339e-02  2.51016765e-02 -4.59154355e-02  2.54839607e-02
 -3.18095478e-02  3.67874948e-02 -1.24109265e-04  9.48298217e-03
  1.30556201e-02  1.44606124e-02 -5.61137974e-03  1.49975899e-02
 -1.85319990e-03  1.57216341e-02]
poor    [ 7.58486963e-01  8.43024938e-02  1.79253622e-01 -9.03502022e-02
 -3.39619910e-02  1.03813887e-01 -4.60287074e-03  4.01675691e-02
 -7.15595101e-02 -9.48414800e-02 -2.77875162e-02 -5.88986718e-02
  5.59357963e-02 -1.29933416e-01 -3.92848257e-02 -6.09745027e-02
 -2.91478366e-02 -1.38188719e-01 -1.71567123e-01  2.17280614e-02
 -9.82070701e-02 -1.46119740e-02  1.11500892e-01 -9.62682002e-02
 -5.54330762e-02 -9.85664894e-03 -4.19186295e-02  8.35089712e-02
  7.34772811e-02 -1.03852715e-04 -1.07150236e-01 -6.10636804e-02
  1.02021253e-02 -3.97652056e-02 -8.91018320e-03 -2.45361417e-02
 -9.84607594e-02  1.26021948e-02 -7.49728184e-03  3.91824781e-02
 -1.43521418e-02  2.03808060e-02  3.65049553e-02  1.70221308e-03
  2.94434697e-02 -4.36048484e-02  3.53179583e-02 -5.03305181e-02
 -1.48294604e-02  4.72801752e-02]
production    [ 0.58676674  0.07482513  0.07488892 -0.02391893  0.13914159 -0.0626655
  0.03015445  0.08118254 -0.03195993 -0.06427524 -0.0719982   0.0163807
  0.02649419 -0.04038138  0.03834493 -0.00080141  0.02650731 -0.02244513
 -0.04641891  0.04085301 -0.01055606  0.00185905  0.00948526  0.01217787
 -0.02696102  0.00139664  0.02970177  0.0276197  -0.01738676 -0.0098865
 -0.02291689 -0.0258572  -0.04836957 -0.0169009   0.05238563  0.02890601
 -0.04469473 -0.03295687 -0.03722805  0.01479244 -0.08237687 -0.01836061
 -0.0338206   0.00173797 -0.01756323 -0.08369397  0.05327505  0.03114331
  0.08775629  0.03273126]
home    [ 7.03436698e-01 -2.97393562e-01 -1.85488860e-01  1.62808671e-02
 -6.56046099e-02 -4.68756177e-02 -8.38720034e-02  4.05078627e-02
 -1.62258612e-01 -9.46604740e-02  5.28722233e-02  8.38059962e-02
  1.04458770e-01 -1.02597488e-02  5.79325414e-02 -5.18998972e-02
  9.58790572e-02  4.68643091e-02 -1.34235288e-01  1.68417618e-02
  1.25313708e-01 -2.33182790e-02 -6.54752820e-02  8.19699561e-02
 -1.46624396e-02  8.04333591e-02 -7.17129710e-02  9.72598529e-02
 -4.91701308e-02  3.06339997e-02  2.07324961e-02  2.16123017e-02
  9.51095541e-03  1.25022053e-02 -1.19337859e-01 -3.35800176e-03
  8.95037478e-03 -6.38383037e-02  3.34305964e-02  2.32956112e-03
  1.72234783e-02  5.99663801e-02  4.32484176e-02 -8.29162592e-02
  3.64913523e-02 -1.97681340e-03 -2.70262638e-04 -8.08955260e-02
 -2.50104851e-03  6.92180651e-03]
suppose    [ 9.04438764e-01  5.29482350e-02 -3.02390581e-02 -9.34623517e-02
 -8.76377045e-02  6.32525996e-02 -1.49863907e-02 -4.67045221e-02
 -4.69686127e-02  9.19157595e-02  6.02368326e-02 -6.06509753e-02
  1.85134212e-03 -2.49892291e-02  4.67175090e-02  1.62351612e-02
  1.44641162e-02  6.52239385e-02 -2.83443609e-02 -8.18223668e-02
  3.32887935e-03  2.83593527e-02 -5.77925363e-02  5.66542776e-02
 -1.36936021e-02 -1.65394800e-02  4.73411315e-03 -3.96793755e-02
  2.26940701e-04 -2.41455138e-02  2.30514917e-02 -2.64887951e-02
  5.88179807e-02  9.81502448e-03 -3.36151289e-02  3.13122899e-02
  2.76943625e-02  6.85736058e-02 -1.44541163e-02  1.65699694e-02
 -1.38470385e-02 -3.98086209e-02 -4.43443640e-02 -1.32548210e-02
  3.43294458e-02 -6.85994528e-03 -3.90142049e-02  1.94641789e-02
 -2.59985307e-02 -3.82801460e-03]
fight    [ 6.10627423e-01 -1.90568652e-01  9.16687452e-02  6.51745312e-02
 -1.19489357e-01  1.63963901e-01 -1.28431470e-01  3.94321374e-01
  2.81455257e-01  6.50631141e-02 -6.67605124e-03 -1.62466950e-01
 -2.65578736e-02  1.15620043e-01 -1.77239300e-01 -1.46883962e-02
  1.39984332e-01  3.42538910e-02  9.92344552e-02 -1.12580270e-01
 -3.14298392e-02 -1.22319533e-01 -1.16660866e-01 -7.70468524e-02
 -7.50638700e-02  3.04620474e-02  6.74707667e-03 -2.22296476e-03
  2.16872076e-02  2.19465671e-02  1.05438545e-01  1.44599963e-02
  5.41907448e-02  5.04781962e-02  6.42699341e-04 -1.96876687e-02
 -5.88355868e-02  1.84837668e-03  4.20085756e-02 -1.63781192e-03
 -2.18816602e-02  2.02253816e-02 -2.25172449e-02 -9.86833504e-02
  2.38259024e-02 -1.67342481e-02 -8.04333593e-03  6.32564662e-02
  5.37431936e-02  6.08628899e-04]
song    [ 7.34490318e-01  1.29569504e-02  1.05357960e-01 -4.89270121e-02
  1.48838570e-01  7.94976644e-02 -1.56915950e-01  1.02986272e-02
  6.83344030e-02  4.21686562e-02  2.17085069e-02  1.21452841e-01
  3.95246506e-03 -2.25825796e-02 -1.20780172e-02  5.16351932e-02
  4.82735814e-02  6.75824217e-02  3.87366591e-02  2.47465732e-02
  4.35658099e-02  6.94060263e-02  1.24791270e-02 -4.19921946e-02
 -6.81994265e-04  1.42669133e-01 -9.66749040e-02 -4.29280018e-02
  1.00117458e-01 -2.92871539e-02  1.65058951e-01 -3.26080077e-02
 -7.69222569e-02 -4.04237625e-02  9.94873035e-02  4.67541579e-02
  1.31137909e-01 -8.96489096e-03 -4.40275633e-02 -5.03533826e-02
  1.63161332e-02  3.99855951e-03  2.78342864e-02  8.20000004e-02
 -1.59629150e-02  2.29735264e-02  2.14928836e-02 -1.97104282e-02
 -5.78851355e-03 -9.25277005e-03]
men    [ 0.62520387 -0.30413631  0.06980143  0.11935636 -0.03838028 -0.03388843
 -0.1099176  -0.03704418  0.01477674  0.07420223  0.0527538   0.04357894
 -0.0303727  -0.10852449 -0.06347689  0.13958467 -0.04616357 -0.10386213
 -0.02642082 -0.00666569  0.00177849 -0.09994498  0.1276492   0.038645
  0.0054224   0.03859111  0.08966988 -0.03008662  0.07154856  0.03933464
 -0.04729327  0.15259984  0.03351068  0.07921149  0.02250115 -0.09012051
  0.13956439  0.13914716 -0.02344043  0.01210712 -0.0467845   0.05931691
  0.03357301 -0.07779747  0.00764958 -0.01926562  0.05419193  0.0380127
 -0.00566416 -0.04040253]
rest    [ 7.49899204e-01  2.45114764e-01  3.72532105e-02  2.68836276e-02
  1.54479563e-02  3.92232749e-02 -8.61427574e-02 -1.03743429e-01
 -7.17603451e-02 -9.49748863e-02  3.53396346e-02 -1.18698638e-01
  1.43537451e-01 -1.69575538e-02 -3.98933983e-02 -5.80189378e-02
  7.49322112e-02  1.52491008e-02 -5.77647326e-03  8.21213866e-02
 -1.16046340e-01 -7.08596653e-02 -7.16193225e-02  1.54183775e-01
  1.49441868e-01 -5.09661293e-02  1.52261078e-01  1.25909163e-01
 -4.46947377e-02  1.39453987e-01  5.62068896e-02 -5.75593134e-03
 -1.24121350e-02 -5.21824070e-04  4.21712534e-02 -3.62454785e-02
  9.61514214e-02 -9.20397165e-02  9.63737848e-02 -1.07740512e-03
 -9.23899470e-04 -3.10508360e-02 -8.23598275e-02  5.56630818e-02
 -7.41325998e-02  3.35750555e-02 -4.48176960e-03 -7.15030112e-02
  1.09234156e-01 -4.25309765e-02]
hollywood    [ 0.90562884  0.15325444 -0.05770381  0.03389842  0.06213398 -0.13176198
  0.04397356  0.02846941 -0.05464911  0.00517723  0.03147454 -0.00304007
  0.02300416 -0.06398992  0.03806761 -0.05384776 -0.04845561  0.05891672
  0.03019383 -0.00836334  0.02958436  0.05103882 -0.05840225  0.00473139
 -0.06715409  0.02981369  0.0262922   0.00186645  0.04019493  0.00598732
 -0.00338886  0.00156569  0.03953302 -0.00834699  0.01256464 -0.01259317
  0.04708213 -0.01561005 -0.0236654   0.02019358 -0.01857968  0.02044402
  0.00535732 -0.01398692  0.03096246 -0.00324675 -0.00140506  0.04012119
  0.01497205 -0.01163075]
picture    [ 0.79797008 -0.19579195  0.06570442 -0.07472879  0.22174873 -0.0535788
  0.10187291  0.09255621  0.05032212 -0.02140643  0.01283915  0.0922198
 -0.04962337  0.04839194  0.03845639 -0.02650908  0.07598598 -0.03090541
  0.0055432   0.04661015 -0.02057982  0.09405899 -0.05354431 -0.00856166
 -0.04774591 -0.01794067  0.00572588 -0.00701614  0.12125657 -0.04023591
 -0.00760552  0.01757562  0.00879883  0.11579049 -0.04302432 -0.10002289
 -0.03266697 -0.00599772  0.00819793 -0.03560582  0.05221394  0.03761589
 -0.04127148  0.00551423 -0.03962624  0.00222258  0.1660914  -0.02311926
  0.05683575 -0.01099596]
human    [ 7.68467089e-01 -1.87440374e-01  1.82903263e-01 -2.03468614e-02
 -7.87436776e-02 -6.02303232e-02  1.23951021e-01 -2.08125107e-02
 -6.13943844e-02  1.68641567e-01 -5.53746097e-02  4.23447069e-02
 -1.51506475e-02  4.84398976e-02  9.06869138e-02 -1.88743878e-02
  1.21402610e-01 -5.99832573e-02  6.28960265e-02  9.04921263e-03
 -7.73852849e-02  2.03799670e-02  3.88685851e-02  2.89239337e-02
  1.00400427e-02 -8.78048532e-02 -3.66110347e-02  4.45522281e-02
 -7.65924370e-04  2.61121543e-02  1.52858603e-02  5.04164235e-02
  1.39093031e-02 -2.08515239e-02 -2.45813461e-02 -3.99832574e-02
 -1.05690349e-02  1.06409825e-02  1.99525739e-02 -9.02738320e-02
 -2.98474246e-02 -4.34765150e-02  4.11523662e-02  3.21920123e-02
  3.99429186e-02  5.92316862e-02 -1.69384595e-02 -2.80677250e-03
  9.16472672e-03  3.09213061e-02]
care    [ 0.62992954 -0.1485958   0.00399936 -0.24177281 -0.16400676  0.03210788
  0.22538549 -0.23872845  0.16343623  0.00699553 -0.1124582  -0.09178538
 -0.09082866 -0.01905211  0.04642762  0.05099713  0.01883333  0.06679406
 -0.10941028 -0.21347144  0.02311588  0.05337592  0.00065478  0.18548146
  0.10798679  0.15176752  0.05341757 -0.07411616  0.09423285 -0.13845274
 -0.01495821 -0.04451815  0.16460226 -0.0513596   0.03612679 -0.09194559
 -0.00677471 -0.09243709  0.04468827  0.05841632  0.02711395 -0.03448012
  0.01679896 -0.00789861  0.01858232 -0.02273094  0.08682225 -0.07424073
 -0.03945025 -0.00894987]
release    [ 0.69436968  0.17992327 -0.20368208  0.27753071  0.09174821 -0.02365568
  0.02875713  0.00096664 -0.09645064 -0.11042326 -0.0794114  -0.04368616
  0.00380277  0.00983398  0.03079367  0.05333478 -0.04781502  0.01821508
 -0.06267154 -0.02177658  0.12245709 -0.00747649 -0.02265483 -0.08133835
 -0.02529907  0.06520494  0.07145061  0.00942693 -0.13423128 -0.04270409
  0.062505   -0.00786871 -0.03471257  0.02001432  0.05953851 -0.13704979
 -0.02046472 -0.05552182 -0.03460434 -0.04938565 -0.06127915  0.08767622
 -0.00334945 -0.05721272  0.07363479  0.00240915 -0.08953171 -0.13444781
 -0.04838156  0.04355013]
hand    [ 8.17503795e-01 -2.59702670e-01 -3.08081610e-02  3.22665961e-02
 -7.34871164e-03 -4.90190725e-02 -7.52114195e-02  7.78436854e-02
  1.19353212e-01 -1.65775100e-01  4.23798843e-02  8.21072361e-03
 -1.63072355e-02 -4.98744849e-03  1.53884337e-01  4.84600910e-02
 -1.32370624e-01 -1.05507844e-01  2.16088983e-02 -3.05922600e-02
  1.75004042e-02  3.94859186e-02  9.21201114e-03  1.46348063e-03
  4.02828306e-02 -7.99533755e-02 -2.78330790e-02 -1.83270507e-02
  3.04955138e-02 -2.85773730e-02 -1.30734616e-02  1.44268857e-03
 -1.03013077e-02 -5.87916000e-02 -1.96433172e-02 -4.67385060e-02
  2.66280581e-03 -7.54771000e-03  2.57495450e-02  1.17908513e-02
 -1.88249532e-02 -9.91535587e-03  4.62267539e-05  7.57068572e-03
  7.43411607e-03  3.18778470e-02 -6.03438472e-03  2.22201067e-03
  3.53559886e-02 -1.72772304e-02]
either    [ 8.97943376e-01 -1.45302031e-03  2.46631059e-02 -1.76295172e-01
  3.86463941e-02  2.60332106e-02  2.79121568e-02 -4.79473332e-02
  6.03717885e-02  2.94510367e-03 -6.20412723e-02 -1.50676009e-03
 -4.73050884e-02 -1.21120184e-02  2.20349285e-04  7.73445922e-02
  8.63677148e-03  5.05585385e-02 -4.34439215e-02 -1.49550450e-02
 -3.88096422e-02 -2.86803923e-02 -6.02571993e-02  1.58838880e-02
  6.44490115e-03  1.15220606e-02  2.93815215e-03 -2.02698470e-02
  2.04189285e-04 -2.32665711e-03 -2.77304022e-02  2.51008007e-02
 -1.29841694e-02 -1.28923804e-03  9.03253971e-03 -1.41559762e-02
 -2.44586766e-02  2.06370733e-02 -1.21474053e-03  1.61447156e-02
  1.22647918e-02  5.26746837e-02  1.10484584e-02 -9.80209944e-03
  7.92010943e-03  1.24154931e-02 -4.43946707e-02 -3.03069729e-02
  5.28253902e-02 -9.75810250e-02]
feature    [ 0.81282492  0.35074269  0.11089518  0.2455897   0.05044737 -0.16876542
 -0.05087535  0.08381963  0.06640915 -0.0033529   0.00491327 -0.0525127
 -0.04666087  0.00624695  0.02283459  0.04938554 -0.04001164  0.02283474
 -0.05262386  0.00556788  0.02883587 -0.07623963  0.02904747 -0.00090638
  0.07402916  0.04325475  0.01797193  0.01022573 -0.00208827  0.01542041
  0.00271205  0.01813702 -0.02121906  0.02260871  0.03419435 -0.03993336
 -0.03561495 -0.05143869 -0.0227798   0.00900589  0.01203025  0.00182748
  0.01214739  0.04841519  0.00613404 -0.00752882  0.00610115 -0.04091376
 -0.01142672  0.00278204]
wrong    [ 0.68494032 -0.16215559 -0.19706303 -0.18124297 -0.12940439  0.01369384
 -0.03316806 -0.02093663 -0.03989636 -0.2309614  -0.03951957 -0.0469759
 -0.00218897 -0.037838    0.08846513  0.00091506 -0.09774375  0.07827366
 -0.05149221 -0.17638978  0.00537422  0.05056644 -0.14928139  0.11460425
  0.0855524   0.14162972  0.00815285 -0.00113247  0.09564903 -0.03200792
 -0.06135645  0.11618245 -0.15178502 -0.00450285  0.09058217 -0.10794628
 -0.06245639  0.04618561  0.02638697 -0.02670717  0.04206957 -0.03257138
  0.04064437 -0.01269786  0.0077082   0.04659017 -0.03730511 -0.02342504
 -0.01866557 -0.04819169]
involve    [ 7.62437975e-01 -1.10164412e-01  1.16799136e-01  4.56315867e-02
 -2.17572304e-01  9.45472618e-02 -2.07630655e-03  1.37360544e-01
  3.31182784e-02 -1.43241994e-01  1.13749903e-01 -1.27403611e-01
 -6.13546688e-02  2.34231826e-02  2.58373705e-02  8.00232982e-02
 -1.27565347e-01 -1.04511956e-01  1.41733966e-01 -6.66981836e-02
 -4.53176148e-02 -5.90270760e-02 -1.04457351e-01 -1.25562857e-01
  5.38887106e-03  3.63111976e-02  8.82638773e-02  6.35299826e-02
  8.01746195e-02 -1.45318854e-02  6.85096522e-02 -1.19041380e-02
 -3.92679950e-02 -2.58339897e-02  3.70334165e-02  2.18148635e-02
 -2.70720034e-02  1.52298654e-03  3.15081354e-02  4.12020696e-02
 -2.20873376e-02  1.88863685e-02  4.33022851e-03 -3.64584148e-02
  5.20257726e-03 -7.99989220e-04  1.75018441e-04  6.14165520e-02
  2.18728812e-02 -1.91943143e-02]
lack    [ 7.97733437e-01  2.85870263e-01  2.26047965e-01 -1.33268206e-02
 -1.37432774e-01  3.60073509e-02  1.16204990e-01 -1.96034349e-03
 -7.76012081e-02 -2.73305538e-02  1.96500703e-03  5.70079528e-02
 -2.70664294e-02 -3.03706018e-02  1.58821139e-02 -2.87664879e-02
  1.56738017e-02 -5.61830685e-03 -4.06728729e-04 -1.15295202e-02
 -3.22451196e-03  4.51102610e-03  2.91343569e-02 -5.54052952e-02
 -3.27949165e-04 -3.42321043e-02  2.72361393e-02  3.93809423e-02
 -3.96661505e-02  1.92420675e-03 -4.81977887e-02 -3.04383141e-02
 -3.96800405e-02 -3.32120451e-02  1.76868914e-03 -2.91888240e-02
 -6.97633746e-03  6.93042896e-03 -3.80530235e-03  1.10110084e-02
 -1.37605591e-02 -2.52045970e-02  4.60967655e-02  1.88492446e-02
  8.30971576e-03 -1.27369041e-02  1.19217887e-02 -1.11360751e-03
 -1.36082413e-02  3.81968713e-02]
eye    [ 7.69151308e-01 -2.16747872e-01 -3.99548645e-02 -4.86181742e-02
  3.23452259e-02 -4.40834346e-02  4.63790030e-02  4.94486017e-02
  2.48586669e-02  3.97207815e-02 -7.16506492e-04  1.26654927e-02
  2.32828579e-03  1.38017388e-01 -2.72921963e-02  1.03600187e-02
  1.32490479e-02 -1.52145733e-01 -4.09305238e-02  3.50457581e-02
  1.70396548e-02  1.13130359e-02  4.86836393e-02  9.17445788e-02
  2.07232685e-02 -5.21235557e-02 -1.98075510e-02 -7.97586975e-02
  7.50830205e-02 -1.60071775e-02 -1.49941981e-02 -4.24120416e-02
  5.93417998e-02 -9.68567925e-03 -6.67600659e-02 -2.06884246e-02
  5.99851340e-02 -8.98587533e-02 -5.23929233e-02  1.06305208e-02
 -5.20126979e-02 -5.56195474e-03 -4.78530426e-02  8.41142776e-03
 -4.62348552e-02  8.53106469e-02 -2.94869427e-02 -2.84784012e-02
  9.00074241e-03  9.81714008e-03]
dead    [ 0.67389008 -0.28506497 -0.06176375  0.03711167 -0.0972018  -0.00997204
 -0.07931136  0.01771268 -0.01632492  0.02797883  0.02121237  0.00482171
 -0.02173858 -0.07855742 -0.0830519  -0.02310912  0.03487466  0.07560041
 -0.05066604  0.14352706 -0.08382451  0.05922303  0.03088562 -0.05790133
  0.01289979 -0.00311568  0.02236834 -0.04907763 -0.075198    0.01892153
  0.01161102 -0.02911731  0.08961525 -0.04871819 -0.09766214 -0.00464207
  0.02161517 -0.05753869  0.07322197 -0.03918692  0.03074266 -0.0340766
  0.00254305  0.01501189  0.00816672  0.00597884 -0.02634021  0.01062957
 -0.06125114 -0.0081699 ]
direct    [ 0.7150773   0.35100021  0.08634074  0.09472467  0.07405354 -0.10775274
 -0.0970912   0.01262443 -0.06322168 -0.13058754 -0.08755039 -0.06126612
  0.01306276 -0.0601944  -0.03311503 -0.06506111 -0.07742964  0.03670814
 -0.08303993 -0.0608195  -0.0295241  -0.08519298  0.06307815 -0.131328
  0.00341018  0.0218157  -0.06210866 -0.03148385  0.01380859  0.0083457
  0.02472988 -0.04569378 -0.04675048 -0.00653454 -0.12593998 -0.02960258
 -0.00714607  0.09867386  0.04045904  0.0898274  -0.04908797 -0.1235256
  0.0645519  -0.03843149  0.01114756  0.01263411  0.03340815 -0.08823442
 -0.02615874  0.06533695]
along    [ 0.67644554 -0.10771009  0.03866996  0.01251537 -0.15532933  0.0343989
 -0.02628596  0.01918981 -0.14205384 -0.12322647 -0.0128874   0.11368024
  0.02766637  0.02748796  0.03573628 -0.10520806 -0.03937719  0.06303003
 -0.09413861 -0.0177488   0.05202688  0.05764848 -0.15475854  0.08821785
 -0.05398511  0.13087039 -0.06349504  0.12620065  0.02816804  0.10435045
 -0.02088754  0.16006351 -0.01167596  0.06829987 -0.10881892  0.03926963
 -0.03686974  0.09912433 -0.07092244  0.06412486  0.07770816  0.08193193
  0.07832846  0.01313822 -0.04371113 -0.01513742 -0.06549964 -0.031122
  0.07849205 -0.10653586]
truly    [ 8.70814306e-01  2.46476675e-01  2.90043544e-02  3.16739563e-02
  3.03102408e-02 -4.98498947e-02 -5.39369715e-02  4.33976771e-03
  9.30206768e-02  9.70048725e-03  1.12853685e-01  2.77364816e-02
 -1.03256039e-02  2.04258297e-02  1.19513023e-02  6.88021032e-02
  1.18258730e-02 -3.81059218e-03 -8.22412603e-02  2.73578589e-03
 -7.19682473e-02 -2.13563370e-03 -3.67391604e-02 -3.68992190e-02
 -3.12987430e-02 -1.85774559e-02 -1.04019877e-01 -1.10779499e-02
  4.95000843e-02  1.70167334e-02 -3.09890694e-02 -1.37878100e-02
  2.43380922e-02 -2.56808418e-02  1.60130651e-02  9.99984168e-03
  5.18236246e-03  8.06982458e-03  7.67175715e-03  7.42053971e-03
  2.02806097e-02  8.24879460e-03  3.35555349e-03  6.17232679e-04
  3.98525075e-03  4.47400084e-02 -2.04687063e-02 -2.67437639e-02
  1.52713343e-02 -2.07313222e-02]
half    [ 0.56726158  0.07560639 -0.14411516  0.14473408  0.02169771  0.14254005
  0.07017713  0.01802946  0.01212617 -0.01191891  0.00825635  0.05472289
  0.04795234 -0.00804732  0.05943909 -0.02169026 -0.00445311  0.09778609
 -0.00648136 -0.00294599  0.04106548 -0.13122778  0.19576233 -0.03146576
  0.15445873 -0.01201682  0.06136573 -0.05921414  0.04854335  0.04247463
  0.08283637  0.12902483  0.02101983  0.0991595   0.0105234  -0.04739556
 -0.12866856  0.0311375  -0.0054541   0.04504162 -0.07633843  0.02042917
  0.01580417  0.08516291 -0.09812973 -0.00898794 -0.10983341  0.00967875
 -0.0712286  -0.06610962]
die    [ 0.79194314 -0.28399745 -0.0734789   0.07567265 -0.0949021  -0.01256331
  0.00303257 -0.11641645  0.10600269  0.00664448 -0.03638989 -0.06042195
 -0.09702796 -0.04974876 -0.0484012  -0.01469826  0.02594047  0.04385155
 -0.04187384  0.09909179 -0.07247461 -0.05207665  0.01264257 -0.06232812
 -0.04595318  0.00764849  0.03433157 -0.01695159  0.03713157 -0.00592592
  0.01024835 -0.03381243 -0.00198048 -0.05064581 -0.01093075 -0.01808499
 -0.07302473 -0.04505279 -0.00914478  0.00957428 -0.00648616 -0.04018333
  0.00319406  0.051995   -0.00413548 -0.02047316 -0.03027636  0.02862464
  0.02538031 -0.01221045]
decide    [ 7.86310431e-01 -2.22482243e-01 -2.11043992e-01 -1.63641420e-03
  1.67343256e-02 -7.22819731e-02  3.57833516e-02 -5.73361614e-03
 -6.38350179e-02 -1.17857352e-01  1.14642126e-01  7.27400489e-02
  6.26294249e-02  3.46537513e-02  6.46020857e-03 -6.88992353e-02
  8.05285846e-02  4.93131709e-02 -8.59972111e-02 -3.58839817e-02
  1.97785606e-02 -1.60089607e-01 -1.62243065e-04  1.30388931e-01
  9.54702973e-03  3.96179218e-02 -7.16706308e-02  1.47647058e-02
  3.96073119e-02 -1.01233807e-01 -1.18703576e-01 -4.09560534e-02
 -7.30022951e-03 -2.98170162e-02 -5.77651096e-02  4.11926807e-02
 -4.48201866e-02  4.87205189e-02  8.91659602e-02  2.07827826e-02
  1.55262952e-02  5.70461986e-02 -2.23858416e-02  5.74902947e-02
 -1.15346000e-02  5.29213986e-02  2.39794074e-02  2.54738591e-02
  3.31719323e-02  1.44736457e-02]
interest    [ 7.92377128e-01 -3.34438186e-05  3.33902747e-02  4.20843670e-03
 -6.07418443e-02 -2.19667557e-02  9.10441552e-02 -1.12995281e-01
 -3.50892311e-02  3.45769021e-02  2.11978801e-03  1.09606262e-01
 -5.93887282e-02  1.11191459e-01 -1.44522327e-01  7.85818383e-02
  3.36492009e-02 -5.91773020e-02  9.59142431e-03 -1.89169110e-02
  4.07444343e-02  2.92747640e-02  6.23541268e-02  1.44719628e-02
  5.37375355e-02 -6.61558606e-03 -6.17482537e-02  2.13982083e-02
  7.33706586e-02  5.08273546e-02  1.05138417e-02 -5.63763918e-02
 -1.37466373e-01 -4.20057757e-02  6.85204097e-02 -4.35585751e-02
  1.78740879e-02 -1.37545393e-02 -5.94244023e-02 -2.17563352e-02
  5.61823305e-02 -2.45755703e-02 -2.59528886e-02  6.35023318e-02
  9.45833083e-03 -4.11302057e-02 -6.73686262e-02 -1.83815722e-02
  4.92579236e-02 -3.41752051e-02]
camera    [ 5.78751424e-01 -7.00745156e-02  1.53716770e-01  7.67533954e-03
  8.79147291e-02 -5.73069916e-02  3.36083524e-02  1.96709173e-01
 -5.45675847e-02 -5.77026684e-02 -9.43001013e-02 -8.16609724e-03
  8.70023704e-02  2.92420969e-02  8.02722485e-03 -1.06118816e-01
  9.42041385e-02 -1.38461646e-01 -8.46531553e-02 -3.67365688e-02
  2.38185095e-02  7.44949004e-03  5.90160878e-03  3.26188489e-02
  3.95471201e-02 -3.23520769e-02 -1.26538064e-01 -3.72841447e-02
 -6.29927785e-02 -1.55087700e-02 -5.77591683e-02  2.71089141e-02
  2.90653620e-03 -7.26609407e-02  1.54818968e-02 -5.89437503e-02
  9.60391943e-02  6.48263881e-02  2.12513210e-02  7.02085725e-02
 -4.21594306e-02  1.29935170e-01 -6.82996920e-03 -2.85382119e-02
  1.87103221e-02 -1.13594417e-01 -1.30026101e-01  1.47529545e-01
 -1.02363015e-04  3.17699673e-02]
word    [ 7.66605903e-01 -1.63934930e-02 -4.44829361e-02 -5.40611671e-02
  3.07588913e-02 -6.27760830e-02 -4.17696211e-02  1.23737819e-03
  1.49913565e-01  3.68218435e-03 -7.75332353e-02  6.54322627e-02
 -4.79195870e-02 -5.67344145e-04  1.04686523e-01 -4.01400147e-02
 -1.53494569e-02 -2.37772398e-02 -1.00566670e-01 -1.50824193e-01
 -1.17258145e-02  3.92967197e-02  1.11043492e-01  6.65239097e-03
 -1.84825284e-02  7.71589918e-05 -1.89360863e-02  3.92512758e-02
 -9.36309562e-03  4.00952496e-02  4.42509642e-02  3.45323480e-03
  4.14703895e-02 -7.71461458e-02 -3.30296672e-02 -8.81822830e-03
  1.10939982e-01  5.56609560e-02 -4.84356698e-02 -1.37534703e-02
  8.45089662e-02  9.23022504e-02  3.73621999e-02  3.25316723e-02
 -5.39431298e-02  6.11165124e-02 -3.66142706e-02  7.42247523e-02
  2.09475386e-02  2.71941540e-03]
video    [ 0.60671849 -0.04441122 -0.12230552 -0.01449763  0.10878755 -0.00269237
 -0.03485966  0.09864421 -0.06652628  0.01113436  0.00084592 -0.00602061
  0.0371124   0.06430579  0.01048994 -0.06122004  0.06911564 -0.06066818
 -0.11727639  0.01994239  0.1266341  -0.00719037 -0.00343715 -0.03703774
 -0.0040958   0.14290458 -0.03972276 -0.00224985 -0.10207162 -0.03648566
  0.028063   -0.03175917 -0.04699785 -0.05490055  0.01846542  0.02568712
  0.02832774 -0.04660832  0.02561013 -0.07587929 -0.0443627   0.06549745
  0.02296284 -0.02256466  0.02667063 -0.04170036 -0.00269447 -0.10127299
  0.02377204  0.01678791]
sort    [ 0.8783167   0.00445343 -0.01263761 -0.09801818 -0.04353518 -0.0416603
 -0.00884598  0.05703116 -0.10107539  0.14185438 -0.00384253 -0.09341013
 -0.05440984  0.00613643  0.0890774  -0.06148722 -0.10999795  0.08295855
  0.04725521  0.02029993 -0.04666877  0.02040989 -0.02017947  0.05225002
 -0.0079529  -0.01813961 -0.07749111  0.045713   -0.01918821  0.00646884
  0.03602741  0.0258365  -0.0051787   0.00262748  0.03525891 -0.01357044
 -0.04290161  0.02736029  0.00758303 -0.0062619   0.00988355  0.02209053
  0.02438206  0.00900667 -0.00976482 -0.0330316  -0.00173332 -0.02855071
 -0.01976413 -0.02081282]
meet    [ 6.78352385e-01 -3.88960157e-01  5.46781499e-02  1.62933295e-01
 -1.47228700e-01  5.54479614e-02 -4.97026432e-02 -1.24456841e-01
  4.85959283e-02  8.16974614e-02  1.40286020e-02 -2.62548624e-02
 -1.61970203e-04 -1.66758856e-01 -5.71301644e-02  5.37833590e-02
 -3.33773716e-03  3.48956125e-02 -7.19751357e-02  1.11538672e-01
 -5.47741701e-02 -4.56033010e-02  5.52404047e-02 -6.97920524e-02
  6.67568771e-03  1.39400333e-01  4.51314407e-02 -4.11888914e-02
  1.43353713e-01 -1.42208870e-02 -4.50112779e-03  5.50121244e-03
 -4.36630543e-02  5.33756316e-02 -3.48918105e-02 -6.49890539e-02
 -7.37911019e-02 -1.30920796e-02 -6.64581677e-02  9.81286390e-02
  2.35410099e-02  1.11436033e-02 -7.18141577e-02  3.04488380e-02
  3.98513486e-02 -7.48757875e-02 -1.10601006e-01  3.52460376e-02
  1.82563770e-02  2.08744382e-02]
title    [ 0.86551568  0.18068112  0.04642039  0.04432493 -0.0127501  -0.03481735
 -0.05129669 -0.12173383 -0.02665498  0.0063798   0.01403117 -0.08693081
  0.00306063  0.08156402  0.09813502 -0.03399549 -0.01654957  0.10202614
 -0.0372875  -0.00734701  0.09175627  0.01142232  0.03429672 -0.03250148
 -0.05814365  0.07251873 -0.00994054 -0.01967729 -0.03796179  0.02727899
  0.07567108  0.0089259   0.02071274 -0.01845404  0.00264549  0.02764013
  0.03547664  0.00551422 -0.01169985 -0.05290521  0.02604207 -0.0147439
  0.00726674  0.06977952  0.02250605  0.02144298  0.00578222  0.00588626
 -0.01738572 -0.01501569]
next    [ 0.73528251 -0.14502097 -0.19722517  0.19138431  0.03660087  0.12375835
  0.09394835  0.08197268  0.14957685  0.00172642 -0.06323754  0.03864551
  0.15852839  0.09994017 -0.07781833  0.00076562 -0.08088156 -0.00267042
 -0.05033418 -0.00242275 -0.00142665  0.0143957  -0.09077189  0.02755488
 -0.1297613  -0.00975959 -0.02856213  0.04121017  0.0159425   0.01478473
 -0.05051783  0.08486428 -0.02051596 -0.02386024  0.00909408  0.02517404
  0.00702297  0.02019818  0.00102379  0.05766626  0.00466321 -0.05260699
 -0.04195452  0.01616723  0.00564297  0.04118682 -0.03274237  0.01831948
 -0.0044927  -0.03144946]
case    [ 9.07093726e-01 -9.07785506e-02 -3.60658427e-02 -8.09465230e-02
  4.41275223e-02 -4.52886751e-02  3.28709487e-03 -2.48674925e-03
  4.28990444e-02 -3.65417401e-02  4.61418179e-03  6.97944368e-02
 -4.17809980e-02 -6.65806320e-02  7.09174542e-02 -1.70807545e-02
 -3.29880357e-02  2.09656181e-02 -3.77018304e-02 -6.13097139e-02
  1.30105984e-02 -2.37718876e-02 -5.21819003e-03  2.84138021e-02
 -2.40953565e-02 -3.51560767e-02  4.19297606e-02 -1.39364476e-03
 -5.46123826e-02 -1.34682887e-02  4.93602214e-04  1.50518855e-02
 -6.54681761e-02  2.64558219e-03  2.10154355e-04 -2.62625179e-02
 -1.63281704e-03  2.42419548e-02 -1.44074896e-02 -1.82281534e-02
 -2.76609176e-02  2.54130620e-02  3.26249448e-03 -3.93671916e-02
  4.57713251e-02 -2.37991270e-03 -1.48777517e-02 -2.21748852e-02
 -1.05690754e-02  9.30035653e-03]
view    [ 0.74349652  0.12058924 -0.02772051  0.1366259  -0.01482631 -0.12814659
  0.04046945 -0.01092651 -0.02423963 -0.02846279 -0.05553102  0.00361453
 -0.00290076  0.04609934  0.05952712  0.04744445 -0.03942902  0.01359066
  0.01147606 -0.03390128 -0.08472246 -0.01496016  0.05876792  0.02299231
 -0.02420904 -0.0056469  -0.00816052 -0.00667943  0.00408049  0.01758932
  0.00298051  0.0310632  -0.05756138  0.03810369  0.01903756 -0.01094617
 -0.05384307 -0.03044722 -0.03083376 -0.03766927 -0.01537334  0.010034
  0.00952588  0.01754118 -0.0017115  -0.0261361  -0.00720646 -0.0165172
  0.03255795  0.03668647]
hope    [ 8.57726787e-01 -1.10359114e-01 -1.19714315e-01  4.93575802e-03
  6.82180358e-02 -1.17542253e-01  4.09125360e-02 -7.59195996e-03
  5.09371236e-02 -1.40643347e-01  1.23182710e-02  2.97236430e-03
 -4.50799220e-02  1.09737433e-01  8.06833817e-02  5.61899511e-02
 -2.13083346e-02 -5.50498762e-02  6.69453871e-02  8.66396512e-02
 -9.64029688e-02  2.75829282e-02 -4.19512655e-02 -1.42968993e-02
 -1.14924540e-02  4.26592594e-02  1.07007382e-04  1.69725196e-02
  1.98416225e-02 -1.48804606e-02 -1.44141992e-02 -1.76876952e-02
 -1.31887564e-02 -5.72374187e-03  1.95426284e-02  3.49306633e-02
 -1.41446950e-02 -2.93398351e-02 -4.57437361e-02  5.58393584e-02
 -1.19457109e-02  1.40047446e-02  4.16337450e-02 -3.07508540e-02
  6.89391202e-02  3.44956731e-02 -2.81115326e-02 -5.97248525e-02
  4.51436728e-02  5.24491701e-02]
stupid    [ 8.38516372e-01  6.67680845e-02 -6.53360311e-02 -2.38710296e-01
 -1.46412275e-01  1.88647748e-01  4.22471132e-03  1.22316289e-02
 -2.54467883e-02  8.84423177e-02  1.46641719e-01 -5.32874311e-02
 -3.87374819e-03 -5.37256957e-02  5.12842731e-03 -7.43444133e-02
 -1.00342056e-02 -1.40401269e-02 -3.15718656e-02 -1.62551192e-02
 -4.56801066e-03  4.31133839e-02 -2.47874201e-02 -2.97129272e-02
 -6.13575148e-02 -4.29747474e-02  2.65967906e-02  1.37762653e-02
  5.22713273e-04 -1.29799381e-02  7.19438975e-03 -2.17433989e-02
  2.98357574e-02  4.79984156e-02  2.09203415e-02  5.90725824e-02
  8.23899806e-04  3.88665144e-02 -5.18872803e-02  3.68041841e-02
 -1.96849701e-02  3.33027883e-02 -1.70718136e-02  3.36025535e-03
 -3.21700873e-02  3.86290248e-03  2.69009235e-02  1.63006600e-02
 -6.38808313e-03  1.12681825e-02]
person    [ 0.85036717 -0.19697481 -0.07333235 -0.096826    0.08397886 -0.07320493
 -0.03110379 -0.02830455  0.17504531  0.10193541  0.07567935  0.06924806
 -0.08413345 -0.01295404  0.10331011 -0.02014229 -0.02779623 -0.03321424
  0.00858021 -0.00432744 -0.03636295 -0.01401751  0.02917459  0.00289947
 -0.0120528  -0.10954617 -0.0577977   0.02153027 -0.00550753  0.0610631
  0.03025681  0.03867817 -0.0075729  -0.03048272  0.07582862 -0.01309835
  0.03489053 -0.01497858 -0.00430935  0.01033426 -0.03346083 -0.01934233
  0.00478174 -0.01621734 -0.0016364   0.01561536 -0.05521318  0.01778503
 -0.02311758  0.05817784]
create    [ 8.12027110e-01  1.20738473e-01  2.28446280e-01  4.41114007e-02
 -1.49032477e-01  1.35747508e-04  4.00650018e-02 -9.47109365e-02
  2.65406044e-02  5.03549446e-02 -8.16486646e-02 -4.64836301e-03
  2.97690347e-02  6.62205086e-03  9.24575607e-02 -2.45806745e-02
  9.86449890e-02 -1.81357419e-02  4.13240639e-02  1.31493457e-02
  4.60770885e-02  2.71663934e-02 -6.48377400e-02 -1.65992952e-02
 -3.16251358e-02 -1.53955447e-02 -6.78695672e-02 -1.10898992e-01
 -4.44286327e-02  5.48440410e-02 -3.50499091e-02 -4.66991902e-02
  4.41103413e-02 -2.63051991e-02  3.51388276e-02 -3.37026014e-02
 -4.22201088e-02  2.67806837e-02  7.63967590e-02  8.52778128e-02
 -3.72710531e-02  3.05019947e-02 -2.18709152e-02  4.08989119e-03
 -2.42429252e-02  3.90123321e-02 -5.55182563e-03  2.92993409e-02
  1.25180254e-02  1.77641357e-02]
murder    [ 7.32106500e-01 -2.64621222e-01  6.61013393e-02  1.57245225e-01
 -1.41532796e-01  1.66595889e-02 -8.62166059e-02  1.09755709e-01
  1.16321171e-01 -2.72458399e-03  5.67451999e-02  6.27003754e-02
 -6.95829413e-02 -1.26968362e-02 -4.73555315e-02  1.11998354e-02
 -2.77151950e-02 -5.07460941e-02 -1.32745390e-03 -1.04575839e-01
  1.26304098e-02 -5.49063047e-02  1.76095862e-02 -2.53077492e-02
 -4.02961236e-03 -2.38478704e-02  1.02516196e-01  2.43626458e-03
 -3.27338600e-02 -1.78517302e-03  4.03749226e-04 -5.25379353e-02
  4.83109575e-02 -1.37171535e-02  2.03577959e-03 -3.60957212e-02
 -5.68122933e-02 -1.32968016e-02  3.24708189e-02  2.51022815e-02
 -1.09292814e-02 -7.21762641e-02 -4.17015280e-02  4.06419699e-02
 -1.85603571e-02 -8.33526232e-02  2.43848984e-02  4.69647491e-02
 -5.48173761e-02  2.74913944e-02]
full    [ 8.73331048e-01  1.18890619e-01  8.07127555e-02  8.25851021e-02
 -5.10342751e-02 -5.37387733e-03 -8.97680174e-03  3.68515933e-02
 -1.15362287e-01 -7.72137179e-03  2.79381950e-02  1.32700182e-02
  1.52635483e-02 -3.78644111e-03  3.31712446e-02 -2.45055869e-05
  2.38273203e-02 -1.12340252e-02 -1.20617692e-04 -6.19812847e-03
 -4.75922365e-02 -6.99039067e-02 -2.01187836e-02 -1.22958178e-02
  4.02232629e-02  6.01427583e-02  2.19175620e-02 -3.99104797e-03
  1.67342570e-02  3.57612232e-02 -4.09625413e-02 -7.39844588e-03
  3.03844472e-02 -5.95754825e-02 -2.64675974e-02  4.04959666e-02
  7.37602798e-03 -3.59380637e-02  2.97216762e-02  1.52164980e-03
 -1.38896502e-02 -1.55771075e-02  9.56984687e-03  4.21066585e-02
 -1.66118922e-02  4.39736267e-02 -4.73346258e-03 -3.42440179e-02
 -2.23282289e-02  3.28681561e-02]
wonderful    [ 0.85533449  0.23409078  0.17911486  0.06891896  0.02256918  0.01604801
 -0.03631912 -0.0914261  -0.07192982 -0.0477119   0.08874796 -0.05013924
  0.11466288  0.04847198 -0.09237147 -0.05346282  0.0767608  -0.06822286
  0.01505594  0.05999179 -0.06762714 -0.0068993  -0.03969014  0.0427199
  0.03695365  0.0058148  -0.05894164  0.01060933  0.04909447  0.01036573
  0.04618358  0.00229956  0.01529705  0.01570806  0.02405849  0.0034411
 -0.03053728 -0.03166943 -0.00757494 -0.02654584  0.00588444  0.02251554
  0.01120334 -0.01187035  0.01400308  0.00295044 -0.00912127 -0.03148025
 -0.05881232 -0.00234189]
review    [ 0.71396056  0.17856215 -0.20261101 -0.06452948  0.06632311 -0.00999131
 -0.08049954 -0.05440064 -0.02215746 -0.05906635 -0.00426934  0.04366443
 -0.00683949  0.05864843  0.04213332 -0.006514   -0.0562117   0.03380397
 -0.08425077 -0.10809606 -0.14448206 -0.07005606  0.06790439 -0.0976366
 -0.0729218   0.0341299   0.02119905 -0.04585711 -0.0566137   0.02845922
  0.13407109 -0.05107716 -0.09662786 -0.02410765 -0.15006913 -0.03778753
  0.02509378  0.01334376 -0.04441985  0.07182011 -0.00090733 -0.00670055
 -0.09663978 -0.02411529  0.02577657 -0.01771589  0.07059904 -0.00282534
 -0.04944994  0.04936175]
add    [ 8.55847895e-01  1.32630404e-01  1.11002669e-01 -5.83828814e-02
 -1.00800725e-01  5.22247783e-02  5.25572749e-02 -2.11303730e-02
  5.73923069e-02  1.82947636e-02 -1.06096323e-01 -5.83162440e-04
 -7.08627869e-02 -2.04725244e-02 -3.69230725e-04 -5.21028688e-02
  3.14456560e-02 -3.00209983e-02  7.47238161e-02  5.58177026e-04
  5.42265280e-02  2.77120534e-02  1.75262609e-02  2.74760051e-02
 -6.58540150e-05  1.96637787e-02  1.32467740e-02  1.53300486e-02
 -4.55404337e-02 -1.76250988e-02  1.20920496e-02 -1.80360815e-02
 -1.15063880e-01 -9.20607839e-03  3.38000790e-02 -5.35360217e-03
 -1.27212606e-02 -1.93996094e-02 -8.70612267e-03  9.85764694e-02
  2.71564061e-02  2.34504314e-02  2.60492757e-02 -5.44203902e-02
 -1.51982619e-02  4.31154746e-02  2.05051721e-02 -4.86766581e-02
  2.48920274e-02 -1.39031911e-02]
perhaps    [ 9.13236142e-01  1.15688005e-01  1.23454143e-02  6.28215340e-02
  5.08723088e-02 -6.28066938e-02  2.69889888e-02 -3.35196301e-02
  1.09721740e-01 -3.61001685e-02 -8.09923635e-02  3.74292878e-02
 -4.75610832e-02 -1.72095661e-02 -1.15993708e-02  2.69030349e-03
 -4.08712570e-02  6.53389187e-03  3.88879271e-02  2.07387570e-02
  5.19661457e-02  4.07265514e-02  2.42503740e-02 -1.68670603e-02
 -4.52833112e-02 -4.31135516e-02 -3.18765205e-02  1.92688457e-02
  3.34688791e-02  8.01661873e-03 -1.74775245e-03  1.71900446e-02
 -1.84492730e-02  1.00706090e-01 -2.14822066e-02 -7.79187118e-03
  4.80739203e-03 -1.39298215e-02  6.89080595e-02 -3.27509715e-02
  2.94127565e-02  4.94656011e-03 -2.61654828e-02  1.40384229e-02
  1.28425717e-02 -2.27330866e-03  4.28910851e-02  3.89656731e-04
 -1.27159396e-02  1.31716383e-02]
school    [ 0.36087231 -0.10272921 -0.00125961  0.08409899  0.05248889 -0.06025425
 -0.05488848  0.03842871 -0.08439711 -0.02338817 -0.05666865 -0.0115052
 -0.02835135 -0.07450424  0.08238766 -0.02659483 -0.00794963  0.00852173
 -0.0522406   0.02000516  0.02901302 -0.0453389   0.00736809  0.05129791
 -0.04075931  0.10520074 -0.01293553  0.10892314 -0.0119639  -0.09230377
 -0.08643869 -0.06303666 -0.11150969  0.07752152  0.06053886  0.14834346
 -0.01665136  0.0140056  -0.11376338 -0.00142027 -0.06386852 -0.03221542
 -0.0389799   0.03223468  0.07818643 -0.04111535 -0.04759259  0.0586403
  0.096911    0.19878136]
wonder    [ 0.83746598 -0.06812017 -0.1285419  -0.04604903  0.02624759 -0.15292247
  0.16812959  0.04645169  0.16696248 -0.01545926  0.18187491  0.01087708
 -0.01544573 -0.13034819  0.02498204 -0.04910838 -0.04493534 -0.01182371
 -0.01766213  0.09875685  0.01246006  0.03174212 -0.03659256  0.00998515
 -0.0332601   0.00136976 -0.01234693  0.04458029  0.0161446   0.01360307
  0.00814151  0.025667   -0.01229548 -0.05414994 -0.04043737  0.06234728
 -0.00618968 -0.04520466  0.0343607   0.04231501 -0.022888    0.00944428
 -0.02463968  0.01107095 -0.02983112  0.0501066  -0.02490609  0.00730581
 -0.03579899  0.01986047]
dialogue    [ 7.79630967e-01  9.53647927e-02  2.94803417e-01 -1.89651392e-01
 -2.80057013e-03  2.13847454e-01  1.41188525e-01  9.38086701e-02
  2.78196908e-02 -3.73168400e-02 -5.57169113e-02  3.48993346e-02
 -2.25679851e-02 -4.90559840e-02  2.43975543e-02 -2.67394329e-03
  6.05179673e-03  1.16235703e-02 -1.59914320e-01 -5.71149093e-02
  1.56584303e-02 -8.42155238e-02  4.84045205e-02 -1.41880555e-01
 -7.59418550e-02  1.91484609e-02 -5.41961839e-02  9.52925013e-02
  4.10129988e-02  2.40740347e-02 -3.04020799e-02 -7.03734647e-02
 -1.00790722e-02 -1.09561129e-02 -2.54614800e-02  2.85703305e-02
  3.27559860e-02 -3.24084460e-02 -1.93837795e-02 -2.04048949e-02
  1.69884301e-04  1.92377639e-02 -1.05566784e-02 -4.61772130e-02
 -4.72487524e-02  3.49852905e-02 -9.75793960e-03 -3.44398691e-02
  1.06631805e-02 -5.34300559e-02]
awful    [ 8.15223189e-01  3.14016406e-01 -6.16325661e-02 -1.34710770e-01
 -3.81979482e-02  1.37704367e-01 -7.84647441e-02 -1.85972390e-03
 -6.79330501e-03 -2.68431720e-02  9.49287653e-02 -2.91715744e-02
  7.52952393e-02 -7.80414339e-02 -3.57130974e-04 -4.07183639e-02
  6.87720039e-03 -6.22275750e-02 -1.02122852e-01 -1.03422269e-02
 -3.53600906e-02  1.85939612e-02  6.66826208e-02 -3.91369167e-02
 -1.67006606e-02 -2.19878971e-02 -6.18774947e-02  2.06539245e-02
  2.63957827e-02 -1.59989201e-03 -2.80472436e-02 -3.63246018e-02
  3.34111201e-02  1.60797068e-02  2.23513848e-02 -1.18362913e-02
 -8.87557241e-03 -1.03813632e-02 -1.73227095e-02 -1.00012621e-02
 -6.75841047e-03  7.56789108e-03  4.32188258e-02  9.25632945e-05
 -9.23721301e-03  2.26036115e-02 -7.86513237e-03 -2.49012353e-02
 -4.49768703e-02  1.14888467e-02]
sex    [ 0.55799438 -0.10995329  0.09554697  0.07106949 -0.15512126  0.1057487
 -0.09911698  0.38289343  0.25839473  0.09321926 -0.00700697 -0.22919324
 -0.05569929  0.08910348 -0.2163672   0.0146012   0.16524397  0.00465563
  0.09918512 -0.26808594  0.01291375 -0.11229888 -0.0735825  -0.03157354
 -0.067119    0.05060512  0.04092499  0.07940038  0.03100495  0.03075063
  0.02513481  0.01416686 -0.01506038  0.03062429 -0.02434275  0.00837154
 -0.02962811  0.00260641  0.01906131  0.02523085  0.01958371  0.01950909
 -0.03106648 -0.07476536  0.02504799  0.02792824 -0.01463831  0.04003741
  0.03583483  0.0077791 ]
terrible    [ 0.78705579  0.30377649 -0.06447837 -0.1674629  -0.03627151  0.13318868
 -0.08242136  0.00374493 -0.0622818  -0.05526519  0.06399406 -0.01711704
  0.08839997 -0.11194793 -0.04471166 -0.08362385  0.02167941 -0.06384066
 -0.13902496 -0.01501604 -0.05911635  0.01999135  0.06847871 -0.07855547
 -0.0153627  -0.02652999 -0.0408822   0.0637511   0.07434295  0.02558553
 -0.0262685  -0.04019364  0.03864172  0.00296001  0.04755017 -0.03009842
 -0.02164959 -0.0046144  -0.03315021 -0.00912287 -0.0212833   0.0029582
  0.0799208  -0.03138392 -0.01003057  0.00968772 -0.02264865 -0.03026153
 -0.07248165  0.03068967]
top    [ 0.84387174  0.02469549  0.02359085  0.02722598  0.03497107  0.0135189
 -0.03364054  0.02986359  0.10208358 -0.1032129   0.08442898 -0.00941803
  0.07118384 -0.03273724  0.0823337  -0.10625463 -0.03804957 -0.03014148
 -0.0308232  -0.01729611 -0.04059634  0.07159732  0.01143922  0.09942634
 -0.03554439  0.05085419 -0.05922197  0.06810458  0.04744     0.02584164
 -0.09663844  0.00868277 -0.0386274   0.05519317 -0.0149407  -0.00455926
 -0.03731024  0.02366638 -0.01475155 -0.00183089  0.03051546  0.00749921
  0.02734276 -0.01702905 -0.0060534   0.00590145 -0.06047148 -0.04300575
  0.00832691 -0.02923697]
save    [ 0.77745763  0.01738694 -0.14363197  0.05880288 -0.12065511  0.01145693
  0.03367306 -0.0744238   0.12309986 -0.07524799 -0.09106461  0.02153664
  0.17120189 -0.1454995  -0.05891682  0.00527969  0.00915437  0.01878433
  0.04765674 -0.00627768 -0.02854125 -0.01394813  0.01095042 -0.01250477
 -0.02224169 -0.04078451 -0.10202314 -0.03753645  0.01422342  0.05661403
 -0.06201054  0.03774189  0.09862316  0.0153459   0.05270277  0.01862051
 -0.01936304 -0.03326997  0.151477   -0.00297217 -0.07297749  0.05913008
 -0.03112814 -0.03457316  0.03179629 -0.02228693  0.02584121 -0.03642593
  0.03839801  0.0481377 ]
killer    [ 8.63849013e-01 -2.08929361e-01 -4.10334390e-03 -3.98062888e-02
 -5.14271482e-02 -8.48846918e-03 -8.91597697e-02  7.78298392e-02
  9.94904471e-03  1.77030063e-03 -3.05482952e-03 -1.55253296e-02
 -6.33305301e-02  3.90724790e-02 -6.88981339e-04 -2.39109614e-04
 -5.36706974e-02  6.03156760e-02 -1.40524487e-02 -2.24122729e-02
  2.42397760e-03  2.44745550e-02  2.47221799e-02  7.73325447e-04
 -8.36408475e-03 -7.06816218e-02  5.82598959e-02 -4.75157959e-02
 -6.44185586e-02  8.31415177e-02 -7.00559438e-03  1.22959125e-02
  4.41244302e-02 -1.45982842e-02  4.89030422e-02 -2.05533512e-02
  3.15396466e-02 -5.09899384e-03  1.26216971e-02 -8.69456490e-03
  4.26064612e-03 -4.47870998e-02 -1.87971112e-03  4.81975872e-02
 -2.88716604e-03 -3.64510174e-02 -1.69017701e-02  3.54280441e-02
 -7.64784535e-02  1.63953584e-02]
small    [ 0.59319676 -0.04337697  0.10116468  0.10640189  0.01655998 -0.04896227
 -0.01715288 -0.00644308  0.0018302   0.01424665 -0.02144617 -0.03003094
  0.11588722 -0.03453422 -0.02337992 -0.00847099 -0.03816023  0.00327494
 -0.00308103  0.00954765 -0.00079451  0.01038483 -0.01087927  0.09016893
 -0.01532996 -0.02005524  0.08763689  0.03464076 -0.06170574  0.00447124
  0.02265451 -0.00532209 -0.01178007  0.0405794   0.02191676  0.09919246
 -0.04705028 -0.05612625  0.02042508 -0.06425664  0.00450818 -0.01398338
  0.01618652  0.00785031 -0.01548482 -0.08113655  0.05415726 -0.03679868
 -0.03026925  0.00658823]
shoot    [ 8.51501957e-01  2.39037170e-02 -4.15369174e-02  1.20105342e-01
 -8.59416074e-02 -5.59486738e-02 -1.37193042e-01  1.93849793e-01
 -3.29445806e-02  1.56346574e-02 -8.81953384e-02 -2.20502335e-01
 -3.18012142e-02 -1.88021172e-02  5.24684953e-02 -3.42641189e-02
 -4.56330147e-02  4.42661818e-02 -1.29630311e-02 -9.92236178e-03
 -1.57089881e-02 -6.70393407e-02 -2.50887388e-02 -1.78407392e-02
  7.73162162e-04  2.14088861e-02  1.13228387e-02 -3.81600984e-02
 -9.98199417e-03 -2.86916055e-02  3.08324257e-03  4.53352984e-02
  3.22628536e-02 -9.17459307e-03  1.35432267e-02 -3.20689221e-02
 -1.97690428e-03 -2.61975787e-02  1.06058427e-02  3.43241387e-02
 -1.43025628e-02  1.59360708e-03  7.18837591e-03 -2.76315203e-02
  1.63362492e-02 -1.16439381e-02 -7.01763026e-03 -2.01641516e-02
  9.84650640e-03  3.76030646e-03]
perfect    [ 0.85573239  0.18934843  0.03469558 -0.01403148 -0.0035077  -0.00549917
  0.02513797 -0.06119702 -0.02952112 -0.02515043  0.14404969 -0.0819972
  0.05801748 -0.07280125 -0.06613226 -0.10307518  0.03822312  0.04072457
  0.0313972   0.06684348  0.00793687  0.00828431  0.01589366  0.04236869
 -0.04601425  0.0225516  -0.01725307 -0.03842377  0.01129954 -0.00404374
  0.01476607  0.02668348  0.01321098 -0.03024225  0.01430277 -0.03419993
  0.00241828  0.02261285 -0.025783   -0.05855352  0.02330527 -0.00257678
  0.02189052 -0.02015418  0.00370548 -0.00192789 -0.04084964 -0.01148705
 -0.03257609 -0.01620982]
sequence    [ 0.62189133  0.02041674  0.10461801  0.04947468  0.02195901 -0.00834878
 -0.03439907  0.18298443  0.15926491  0.0178825  -0.01375301  0.08789973
 -0.07309462  0.05664513  0.01741955  0.041059    0.05513623  0.04858314
 -0.013602    0.07655985  0.03834575  0.05450087  0.01812308  0.01774958
  0.02350693  0.02165361  0.0223684  -0.03018925  0.08653633  0.00562594
 -0.09161706 -0.08005791 -0.03898314 -0.01301771  0.01597822 -0.02604677
  0.00639808  0.04321507  0.03623692  0.04638098 -0.0455368  -0.03826243
  0.05069897  0.04295406  0.02431878 -0.00100038  0.05837761 -0.05906779
 -0.05787196 -0.00830549]
often    [ 9.10097465e-01  9.34219639e-02  2.20970027e-02  4.00999143e-02
 -1.19832577e-03 -8.63342770e-02  5.45350289e-02  3.98877813e-02
 -3.37795017e-02 -9.51160584e-03 -5.15993474e-02 -3.94859373e-02
  2.08382486e-02  1.28635261e-01 -3.62448561e-02  5.24667504e-02
 -5.22579674e-02 -5.27226314e-02 -4.48608930e-02 -8.73645993e-02
 -2.59692306e-02  3.14659104e-02 -6.56894295e-04 -7.45264736e-03
  2.59145916e-04 -2.77644984e-02 -9.65178891e-03  1.17332198e-02
  1.66651767e-02  9.03707823e-03 -1.74771998e-02  2.82702551e-02
  5.28132763e-02 -3.11675654e-02  8.50197718e-03  3.98538010e-02
  3.17871545e-02  3.17437517e-02 -3.31798776e-02 -3.54837475e-02
  2.25757541e-02  1.49725147e-02  8.09882201e-03  2.54032883e-03
 -2.59964279e-02 -3.85241503e-02  2.77624802e-02 -4.13571608e-02
 -7.53925759e-03 -2.14187128e-02]
style    [ 8.42427011e-01  2.40442586e-01  1.24325836e-01  3.02391733e-02
  2.31526050e-02 -1.13926823e-01  8.78952788e-03  7.63437395e-02
 -1.22513673e-01  4.26022778e-02 -3.31864283e-02  9.05354620e-03
  1.67471436e-03 -3.73187823e-02  9.19488335e-03 -4.02641722e-02
  5.31971243e-02 -1.50698201e-02 -1.28859737e-02 -1.53417915e-03
  3.18456222e-02  3.54037972e-02  4.53858526e-02 -2.27249329e-02
  1.82923586e-02  5.00781160e-02 -5.95265860e-02  1.44694008e-02
  2.79417233e-02 -2.74693412e-02 -3.38593736e-02  5.21471401e-03
 -3.68892276e-02 -4.25920559e-02  3.40773489e-03 -1.30005354e-02
  5.00191444e-02  3.68424623e-02 -1.48669850e-02  1.40321097e-02
  2.29696798e-02 -6.84335964e-04  4.39197084e-02 -4.03348065e-02
 -3.46464495e-02 -3.65783463e-04 -3.82786252e-03 -4.29115331e-03
 -2.71175539e-02 -7.45940244e-03]
comment    [ 8.06814452e-01  1.57488097e-01 -1.72733479e-01 -9.41091103e-02
  5.22905648e-02 -8.49872664e-02  6.39135272e-02  3.65675753e-04
  2.36896517e-03  6.04894212e-02  8.62103225e-02 -1.87325513e-02
 -1.31457952e-02 -2.18317266e-02  5.35486433e-03 -3.19829611e-02
 -1.65723062e-02  3.09657132e-03 -7.50620343e-02 -7.99295997e-02
 -1.14766855e-01 -3.83619357e-02  3.96857318e-02 -7.14238631e-02
 -6.45521265e-02  2.43535791e-02  4.61783888e-02 -3.06885364e-02
 -4.85243084e-02  1.02896165e-03  1.28199089e-01 -3.25492667e-02
 -7.98259650e-02 -2.19624312e-02 -1.26383548e-01 -3.72704919e-02
  2.48272973e-02 -8.79414739e-04 -6.17102935e-02  6.91291923e-02
  1.38527380e-02  1.04356451e-02 -5.16415460e-02 -1.64131564e-02
  9.63320659e-03 -2.62351215e-02  4.70779366e-02  1.09734071e-02
 -3.23609834e-02  2.87540349e-02]
early    [ 7.88867740e-01  1.95935664e-01  3.16397506e-02  2.69251465e-01
  3.52350077e-02 -1.27894570e-01 -2.76561945e-02  1.14517494e-01
 -2.61517000e-02  1.61407281e-02 -4.01643818e-02 -9.81037592e-02
 -6.95119091e-02  7.37422495e-02 -2.53069439e-02  3.10261331e-02
 -9.01413496e-03  3.05001377e-02 -4.22035540e-02  9.56431495e-03
  1.46981432e-02 -2.90235625e-02 -6.19024471e-02 -2.06281757e-02
  3.44634026e-03  1.06993148e-02 -4.98626150e-02  3.82304044e-02
  5.83955366e-03 -1.37408996e-02 -4.33400559e-02  4.46771271e-02
  5.25736681e-02  6.01599771e-03  1.11858220e-02  2.33538336e-02
 -4.98498178e-02 -6.02281403e-02  6.30259690e-03 -8.51480001e-03
 -3.05227015e-02 -4.15369488e-02  5.46022619e-04 -3.31571906e-02
  5.83371713e-02 -6.22566560e-03 -4.07034970e-03 -1.51785366e-02
  9.35960326e-03 -4.91679018e-02]
others    [ 8.19964363e-01 -8.03428064e-02 -1.63345934e-02 -1.19710393e-01
  1.04661894e-01 -7.07083697e-02 -1.05746393e-02 -1.05018375e-02
  1.71668144e-02  1.23549293e-01 -8.71284328e-02  8.09460634e-03
 -4.88111338e-02  8.59554842e-02  3.19219168e-02  7.27906873e-03
 -3.14921397e-02  1.04368421e-02 -1.59387047e-02 -4.29632587e-02
 -1.04288991e-01  3.30984447e-03 -1.03135789e-02  4.38783331e-02
  5.91934404e-03 -1.41603536e-02  6.19252921e-03  8.59899357e-02
 -9.16267328e-02  5.31564823e-02  1.27585614e-01 -1.89288704e-02
 -4.66527772e-02  5.58742537e-02 -3.01831293e-02 -3.76314981e-02
  4.84022598e-02  1.75095621e-02 -1.30807908e-02 -2.22884016e-02
  2.19276790e-02 -3.95867939e-03  4.84472871e-02 -1.97977086e-02
  1.99800593e-03 -6.73091624e-02  2.29668360e-02 -6.63618498e-03
  3.91172072e-02 -5.19699378e-04]
definitely    [ 0.81284881  0.17924326 -0.2022579   0.00257818  0.09677604 -0.0450692
 -0.12016308 -0.06216359  0.19672192  0.01724452  0.0896098   0.06244174
 -0.00601197  0.07656001  0.04990909  0.04149521 -0.02661649 -0.07635947
 -0.01866821  0.07880352  0.01923541 -0.06443766 -0.0353557   0.04730831
 -0.09211257 -0.04299915 -0.03072261 -0.01122783  0.0118871   0.00241678
 -0.05200079  0.00373286 -0.03352327 -0.05644841 -0.0009767   0.00719281
 -0.00666403  0.0198611   0.04804182  0.00344664  0.02812016  0.00962655
  0.02203625 -0.02106527 -0.00989573  0.02445379  0.00993471  0.02003848
  0.02894654  0.0133586 ]
budget    [ 4.41885217e-01  1.95502624e-01 -2.99161161e-02 -1.93086142e-03
  4.45133732e-02 -8.04588905e-02 -1.07866807e-02  7.80998857e-02
 -7.21634021e-02 -2.85976188e-02  2.02539842e-03 -5.44972722e-02
  2.06821560e-02 -7.83447867e-02  3.67879363e-02  3.11892276e-02
  8.52999020e-03  2.24177771e-02  9.09938488e-06 -1.07623025e-02
  2.12473898e-02  1.29266430e-02  1.59561050e-02  8.83766970e-03
 -5.06492437e-02  2.68379766e-04  5.90404855e-02 -1.99056905e-02
 -3.16303178e-02 -9.33447405e-04 -5.86367454e-02 -3.36861506e-02
 -7.96589299e-03  8.69241409e-03  1.98467342e-02  1.60932095e-02
  8.37720409e-03 -4.34626936e-02 -1.06186322e-02  6.40772529e-02
 -2.07351336e-02 -4.51335925e-02  7.27765219e-03  2.18383569e-02
  5.82421950e-02 -4.16290179e-02  1.95279798e-02  3.61524951e-02
  1.07682268e-01  7.64504995e-03]
joke    [ 0.80160626 -0.07002877 -0.0121913  -0.24053973  0.05960507  0.08934595
  0.03847     0.10085672  0.07913225 -0.01156054  0.04947912  0.04917245
 -0.07522142 -0.11310067  0.04160426  0.08855454 -0.0532551   0.01738679
 -0.03360126 -0.05843568  0.00876648  0.03849405 -0.0142642  -0.06536387
  0.04959143 -0.02238935  0.02245237  0.07943398 -0.03110957  0.01180098
 -0.0025014  -0.05267904  0.02442745  0.04585348  0.01558924  0.05215998
  0.03793437  0.02368441 -0.08346236 -0.03037537  0.03758637  0.03688969
 -0.02516946 -0.03585097 -0.02397698 -0.00591104 -0.04587066 -0.02343287
  0.0289148   0.00484243]
guess    [ 8.88152117e-01 -3.42882947e-02 -1.40511089e-01 -1.41938751e-01
 -3.83774252e-02  1.36681053e-03  2.17790210e-02 -7.82122616e-02
  1.33787338e-01 -5.34477210e-02 -7.61176247e-02  2.14078236e-03
 -7.90451547e-02 -3.02273473e-02 -4.04796720e-02 -8.50516269e-02
  2.33805460e-03  4.28591198e-02  4.36754631e-02  7.13933075e-02
  1.71234068e-02  2.47285040e-03 -3.43587382e-02  2.14676294e-02
 -4.24838157e-02 -3.17327017e-03  3.62029902e-02 -3.17710321e-02
 -2.99705053e-02  6.82412392e-03  3.22200332e-02  1.23077201e-02
  6.60460703e-04 -6.80410522e-03 -1.58079925e-02  2.12497158e-02
  1.57583701e-02  7.33236362e-02  3.90421659e-03  5.57313019e-02
 -1.70367322e-02 -2.66893049e-02  3.21069067e-02  4.18445438e-02
 -6.69135302e-03  3.04237972e-02 -2.41871824e-02  1.34967911e-02
  3.86319536e-02  2.84068351e-02]
example    [ 8.34869809e-01  1.53747109e-01  8.03237671e-02  1.00504342e-02
  1.10562256e-01 -8.06924813e-03 -1.10057651e-01  9.93087518e-02
  1.58663909e-01 -9.13806217e-03  4.76804429e-02  1.17669003e-01
 -1.88109887e-02 -3.27654386e-02  5.67940218e-02  1.08080556e-01
  8.12038810e-02  4.85292926e-02  1.25247939e-02 -3.13631968e-02
 -2.94472651e-02 -7.05306711e-02 -6.75762802e-02  2.96502807e-02
 -7.70901461e-02 -2.39708160e-02 -1.94480511e-02 -6.79854451e-02
  2.44622678e-02 -2.56776774e-02  2.93131337e-02  3.01449965e-02
  3.52697753e-02 -2.79466105e-02  6.28558373e-03 -1.38591371e-02
  1.28580775e-02 -2.69758125e-02 -1.55645711e-02  1.14910230e-02
  1.54536625e-02  1.14176188e-02 -2.09113733e-02 -1.18652833e-02
  3.32167874e-02 -4.62563671e-02 -1.01593582e-02  3.86509903e-02
  1.14822529e-02  4.05798175e-04]
flick    [ 6.37223330e-01 -1.12791222e-01 -2.68424833e-02 -1.91433223e-01
  1.93643570e-01  3.74226390e-02 -3.77643734e-03  1.11291774e-01
  6.76730802e-02  9.88809640e-02 -4.47771199e-02  1.41678403e-01
 -7.47208717e-02 -5.28437141e-03  1.75146332e-02  1.14254742e-01
  1.10849202e-02  8.10651337e-03 -2.15269346e-03  3.06796836e-02
  6.70524764e-02  8.96369052e-03 -6.56231718e-02  2.83143618e-02
 -1.25827345e-02 -4.29836433e-04  9.62170365e-02 -3.83096915e-04
  5.19666090e-02  9.94872689e-02 -1.98312992e-01 -1.94037301e-01
 -1.64030349e-02 -3.27102814e-03 -1.97842770e-02  2.46203795e-02
 -8.72334507e-02 -7.93415175e-03  2.94059501e-02  4.53867933e-02
 -6.70230012e-02 -1.45263168e-02 -1.94128455e-02 -1.20143934e-02
  5.51658004e-02  3.00092155e-03 -1.16607857e-02 -3.01922303e-02
  3.23553188e-02 -1.08634326e-01]
felt    [ 0.7314393   0.01026928 -0.03928835 -0.13086116  0.07062123  0.10894258
 -0.07107107  0.0228178  -0.09185753  0.34081362 -0.14888541 -0.10310633
 -0.01638195  0.09207887  0.11474423 -0.09163253 -0.14362302  0.17751731
  0.07551477  0.10662183 -0.08769195 -0.12825978  0.03497501  0.00514577
  0.05678182 -0.00471917 -0.11520454  0.18635185  0.01955878  0.00395398
  0.03057216  0.012898    0.04082251  0.00259082  0.01370643 -0.06128338
 -0.03100996 -0.0283864   0.04664311  0.01921316  0.00657004  0.05789676
  0.00495054  0.00799554 -0.00366351  0.0094208   0.00347504 -0.03748291
 -0.00436842  0.04013161]
mother    [ 6.78190639e-01 -3.98531200e-01  8.31294230e-02  9.23205280e-02
 -2.77332619e-02 -6.03467512e-03 -1.34562699e-01 -1.25769234e-01
 -5.40835081e-02 -4.51828083e-02  2.73665177e-02  6.24779000e-02
 -6.18567527e-02 -6.97370528e-05 -2.11266519e-01  3.79533304e-02
  3.78096492e-02  6.22153857e-02 -1.71833813e-02 -3.73824051e-02
  4.30037270e-02 -7.15676542e-03  1.10053778e-01  1.90505902e-02
 -6.30371874e-02 -1.65558952e-03 -9.91738919e-02  6.98251260e-02
 -3.73505873e-02  2.88942177e-02 -2.41429313e-02 -1.23281953e-02
 -1.22147606e-02 -1.38970337e-02 -4.03289758e-02  3.11397408e-03
  3.85563419e-02 -1.07420259e-01  8.51430041e-03 -1.08528668e-02
  2.96004945e-02 -8.90409678e-02  8.96717891e-02  2.34381997e-02
 -5.26012732e-03 -2.59684401e-02  3.74124913e-02  6.20304448e-02
  3.79826922e-02 -1.47470196e-02]
mention    [ 8.70084450e-01  7.53008994e-02  4.34047464e-02 -5.05710843e-04
 -1.16356874e-02 -2.07160366e-03  1.28993692e-02 -9.48812184e-03
  1.30994221e-01 -1.08096278e-02  9.38713093e-03 -5.77582621e-02
 -2.75571090e-02 -3.03173619e-02  7.96460056e-03 -2.37154819e-02
 -3.15260229e-02 -6.88360144e-03 -2.11755277e-02 -2.77160836e-02
  1.32162658e-02  8.39379568e-02  8.10014708e-02 -3.09321808e-02
  2.90539626e-02  4.65293195e-02  3.62308082e-02  3.35477108e-02
 -1.34438155e-02  1.23040128e-02  3.01296889e-02 -4.37164584e-02
 -6.78741676e-02  1.70831517e-02  5.69827034e-03 -5.13448593e-02
 -5.54778374e-02 -5.59013352e-02 -1.95134709e-02 -4.32760392e-02
  1.50791226e-03 -1.74509237e-02  3.84240552e-02  7.69854376e-03
  2.15049386e-02 -3.28117349e-02 -2.44784671e-02  5.10914110e-02
  2.76393284e-02  3.53242695e-02]
actress    [ 0.67709898 -0.10535767  0.27574497 -0.08499864  0.36204901  0.02743122
 -0.13168091 -0.16084715  0.12368459 -0.06451157  0.06047079  0.03175667
  0.0428449   0.01262867 -0.04493278  0.03013869 -0.03585206  0.0566396
  0.04090377  0.00404933  0.02723992  0.0602211  -0.09186767  0.01761636
 -0.0297208  -0.04962223  0.04059724 -0.05125628  0.07702588 -0.02397883
 -0.0142395   0.10449321  0.0148184   0.06028674  0.02746703  0.0299744
  0.03473795  0.02100514 -0.00412371 -0.06903431  0.00499778  0.1207402
  0.00576274 -0.02809194  0.00129356  0.05535907  0.0936423   0.05529784
 -0.08336974  0.04819355]
absolutely    [ 7.67763248e-01  2.34244145e-01 -4.24865579e-02 -2.42939313e-02
 -4.46815316e-02  4.83043002e-02 -2.36569002e-02 -2.26237667e-02
 -4.08628395e-02  3.86818530e-02  1.24698768e-01  3.84480879e-02
  3.52920718e-02 -2.51764556e-03 -6.90473169e-02  3.91002633e-03
  6.44098998e-02  1.42393523e-02 -5.36984430e-02 -2.28644873e-03
 -3.47854983e-02  4.34728436e-03  1.55760787e-02 -3.48456062e-04
 -2.07196993e-02  8.72104407e-03 -8.59925992e-02 -7.13589840e-03
  5.60829156e-02  1.65445429e-02 -1.47783966e-02 -1.98836892e-02
 -8.04852276e-02 -3.57676593e-02  7.75389172e-02 -6.00737711e-02
  2.37273616e-02  3.70089952e-02  5.80808476e-03  4.92458026e-03
  7.96389932e-02  7.11728205e-03  6.78364637e-03  1.31165077e-02
  2.40312796e-02  3.10197189e-02 -5.86253832e-02  6.84593220e-03
  3.56507051e-02 -1.67910153e-02]
game    [ 0.58645437 -0.257501    0.07781437 -0.03455556  0.16545942  0.03008937
 -0.10254803 -0.00625393 -0.02904701  0.00600923  0.09503739  0.06377221
  0.03685076  0.05018394 -0.01742322 -0.1309346   0.0065168   0.13165976
  0.0893657  -0.05757204  0.18558355  0.11216727 -0.01131649 -0.08907187
  0.02490352  0.00267616  0.02384896  0.03607085 -0.07968229 -0.16774794
 -0.02191496  0.07190719 -0.06347345 -0.10840686  0.07420394  0.0592302
  0.0560824  -0.04357584  0.05698829 -0.13681777 -0.01308476  0.10363967
  0.07627184 -0.05403035 -0.01487701 -0.05334555 -0.02916091 -0.100219
  0.02344764  0.14230593]
cinema    [ 0.82010112 -0.05648685 -0.07288105  0.03052082  0.19677164 -0.12016941
  0.05551321  0.04954725 -0.06769342  0.06877722 -0.04930821  0.08392558
  0.00470475  0.10512299 -0.0009515   0.03557955  0.01329683 -0.02213849
 -0.07192182  0.01306904 -0.01044117  0.01645039 -0.11437576 -0.02660141
 -0.0387836   0.0469652   0.01699914  0.01696739  0.06095689  0.04889093
 -0.08363373 -0.05584433 -0.03617854  0.05868246  0.00187606  0.02445601
 -0.02158315 -0.01422028  0.02522845 -0.02906812 -0.03573482  0.00297845
  0.02409515  0.00935103 -0.02010907  0.04245386 -0.04626835  0.0254038
  0.02076702 -0.02858594]
entire    [ 0.81775235  0.37978179 -0.08863054  0.13059985 -0.10077887 -0.01853741
 -0.05503716 -0.02808288 -0.07389644 -0.00814666  0.07502649 -0.04342791
  0.13136278  0.0073179  -0.06021393 -0.04080337  0.04833578  0.0113949
 -0.02104996  0.01241207 -0.05196768 -0.08076124 -0.0094746   0.05566504
  0.05379554 -0.05630056  0.01849558  0.03150998  0.00525436  0.03106842
  0.02690462  0.03531671  0.02253627 -0.00956927  0.04410054 -0.00265157
  0.03689015 -0.05202343  0.07652174 -0.01833338 -0.00512351 -0.00596582
 -0.0362961   0.02402999 -0.07310317  0.01264841  0.02336187 -0.0192852
  0.02310914  0.0036968 ]
ask    [ 0.78520474 -0.172457   -0.14944941 -0.12786313 -0.07697237 -0.07036673
  0.02770499 -0.11758794  0.11277492 -0.05458576 -0.1192216  -0.05066056
 -0.07495493 -0.08127456 -0.03289565 -0.04763602  0.00131294  0.02183027
 -0.02396861 -0.07292901  0.02329885 -0.02402125 -0.0023116   0.02200091
  0.02344185  0.07714151 -0.00360954  0.00132031  0.02174632 -0.02177024
 -0.00595135  0.04158297  0.0225203  -0.02633539 -0.01377641 -0.01797967
  0.04425213 -0.04962753  0.04558218  0.02445184 -0.02683572 -0.07392349
 -0.04182711 -0.00668627  0.046146    0.01106743 -0.01315946 -0.03630281
 -0.01592401  0.00869626]
age    [ 0.8087079  -0.05286934 -0.03643098  0.14601254  0.0289511   0.02031728
 -0.06754679 -0.1439479  -0.12805508  0.03496361 -0.0669456  -0.01715526
 -0.02805021 -0.02143669 -0.07180896  0.07763714  0.05499388 -0.07825842
 -0.00699769  0.08410371  0.03490286  0.03248656  0.01197927 -0.02448237
 -0.04647023  0.08409069  0.04685989  0.06831085  0.00264235 -0.05810629
  0.0174532   0.02305163  0.04629452  0.08141459 -0.02776591  0.0930915
  0.01496485  0.0583298  -0.02535751  0.10448157  0.07705684 -0.02223453
  0.04696373 -0.04216732  0.04986304  0.02138084 -0.00625617  0.03124215
  0.0446152   0.04814872]
surprise    [ 8.75630406e-01  8.37845618e-02 -7.40036543e-02 -4.09578657e-02
 -4.46690188e-02 -3.23815876e-02 -3.96867292e-02  8.23463986e-04
  5.03074770e-02 -1.23095849e-01 -1.43466815e-02  7.67819558e-02
 -1.18001601e-01  8.56321154e-02 -4.06992667e-02  4.75459709e-02
 -1.55327087e-03  8.48327197e-02 -4.30914183e-02  1.35249791e-01
 -2.27340724e-02  1.01917942e-01  5.04447873e-03  5.71786082e-03
 -2.64969490e-02 -4.40527609e-03  5.29219228e-02  4.00552279e-02
 -5.49236026e-03  4.26534761e-03  6.66179002e-02 -1.08446006e-02
  4.54706086e-02 -2.57801829e-02 -4.63464208e-02  2.13195726e-02
  1.43418954e-02 -8.68609108e-03 -3.62897629e-02  6.95264159e-02
  3.20978880e-02  2.55972539e-02  8.84883892e-04  1.73582419e-02
 -1.76666301e-02 -5.43579528e-02 -5.94856842e-03 -2.76497153e-02
  3.13565798e-03  6.27448567e-03]
sit    [ 0.76715955 -0.0175031  -0.28367163 -0.00850259 -0.01660631  0.04030987
  0.01419262 -0.05102005  0.06389103  0.03113989 -0.04735005  0.01572353
  0.08479385  0.00877262 -0.04442431 -0.00231282  0.01649824 -0.00554945
 -0.03718243  0.10267496  0.03551396 -0.18881278  0.0257371   0.00938833
  0.1586086   0.02881122 -0.10990525  0.01867094 -0.06459898 -0.06525508
 -0.00117696 -0.05511132  0.0790697  -0.01299664 -0.08033801  0.05959327
 -0.01082383  0.03421717  0.0798778  -0.00663546 -0.04106925  0.0477923
 -0.01686116  0.00610549 -0.0129038   0.07890045  0.03700661 -0.00106344
 -0.04304661  0.00342891]
consider    [ 0.8803607   0.18753129 -0.0711292  -0.03107195  0.07640426 -0.06858231
  0.01103511 -0.07284246  0.19382038 -0.05368821 -0.08431261  0.01989011
 -0.01724172 -0.10121008 -0.01981409  0.03290508  0.01790242 -0.0370712
  0.04728893  0.04767366  0.07317793 -0.03150625  0.00576715 -0.02134858
 -0.04643036 -0.01536224  0.04150712  0.03346182  0.00319272 -0.00559278
  0.02682257 -0.02070504  0.02944785 -0.01198127 -0.00173798  0.03562567
 -0.03355639 -0.05729182  0.01506215 -0.05839232  0.01380566  0.00671065
 -0.02863142  0.00295175 -0.01658164 -0.01861828 -0.01382744  0.0194225
  0.00898146 -0.00551222]
finally    [ 0.77226012 -0.23224928 -0.1970779   0.07554585 -0.06047823  0.01885255
 -0.03130696  0.07556879 -0.15784808 -0.27178214  0.12433305 -0.05570853
 -0.04017401  0.22115391  0.01778982  0.12053135 -0.03943583  0.00263709
 -0.04350179  0.05809744 -0.012504    0.07072261 -0.07079676 -0.06140009
  0.00681583 -0.03041878 -0.00751167  0.02310062  0.04534786  0.03556081
  0.04975475 -0.01047999  0.03055343 -0.02004957  0.03082549 -0.04019545
  0.02372093  0.03659476  0.03637086 -0.00805067 -0.00570154  0.02823491
  0.00769477  0.00458525  0.04888319 -0.04230121 -0.00186008 -0.07867371
 -0.03463219 -0.03309039]
certainly    [ 8.97000429e-01  1.39290636e-01 -5.14856564e-02 -1.56020460e-02
  1.03729980e-01 -1.14868813e-01  2.56006942e-02 -2.27317637e-02
  1.94021334e-01 -6.99412854e-03 -7.52907918e-03  6.18156926e-02
 -5.56517988e-02 -1.84288021e-02  3.37275972e-02  2.79623638e-02
 -5.91448299e-02 -4.57015582e-03 -5.28744140e-03  4.08458830e-03
  9.70177832e-03 -1.83916311e-02 -5.65644829e-02  6.45941128e-02
 -4.87794252e-02  8.66339769e-03 -2.13511612e-02 -1.79098092e-02
  9.88811471e-03 -2.76042895e-02 -5.28160934e-02  4.44933561e-02
  2.57549380e-04 -6.35266238e-02  1.47983178e-02 -4.63230901e-02
 -6.32618958e-03  9.18807302e-03  3.80217338e-02 -1.40377779e-02
  3.97848137e-02 -2.30669077e-02  2.74805413e-02 -3.29122901e-02
  2.20267545e-02  5.38858872e-02  4.15799711e-02  2.20880514e-03
  3.85045973e-03 -1.65712473e-02]
car    [ 0.6350007  -0.31311502 -0.06844896 -0.01061607 -0.08829854  0.03733277
 -0.12524427  0.19988142  0.0454576  -0.07653595  0.04180786 -0.06276106
  0.01219222  0.03459904  0.06792473 -0.00194235  0.01757511 -0.00166014
 -0.00631995 -0.02004803  0.05002615 -0.0557153  -0.06526334 -0.00627133
  0.01368534  0.00926962 -0.01254875 -0.02796212  0.03261852  0.00228838
 -0.01748123 -0.03875337 -0.02290934  0.02210282  0.0356525  -0.01791529
  0.0184823  -0.02594016 -0.01241035 -0.00126737  0.03061025 -0.03223349
 -0.00740531 -0.00997113 -0.0104539  -0.02202287  0.01828919  0.03050762
 -0.03173227 -0.05321225]
base    [ 0.72552551  0.38482326  0.00478734  0.10220486 -0.15067096 -0.00219368
 -0.0860234  -0.1085985  -0.18718651  0.04018932  0.07864961  0.14072792
 -0.00604311  0.02117254 -0.01023245 -0.09176649 -0.06682065 -0.06154245
  0.08798064 -0.08658089  0.0056436  -0.0639314  -0.05171923 -0.07233859
  0.0032222   0.02151777  0.05129739 -0.0831527  -0.02265145 -0.02018269
  0.040544    0.04135477 -0.00752476 -0.03860384 -0.04242241 -0.01603122
  0.04351843 -0.06825999  0.01315087 -0.01540084 -0.00764856  0.02983209
 -0.04036127  0.01364635  0.00393513  0.02731259  0.01827811  0.02451186
 -0.012998    0.02584721]
yes    [ 8.87736706e-01  1.50907820e-02 -7.37036722e-02 -1.34250561e-01
 -2.28039392e-02  8.78197457e-02 -6.61307696e-02  5.02472767e-03
 -2.24655970e-02 -3.10581286e-02 -3.34652969e-02  3.60886826e-02
 -8.61949200e-03  2.85686996e-02 -2.27267901e-02  3.26481416e-02
 -2.71782348e-02 -1.90079595e-02 -4.23529495e-02 -6.47514291e-02
 -4.12235234e-02  9.43947103e-03 -5.81241915e-03 -5.86088385e-02
 -2.97488078e-03 -9.15057672e-03  1.51991291e-02  4.15896597e-03
  4.64253949e-03  1.96056038e-02 -1.89312598e-04  3.35426319e-03
 -5.84726210e-02  5.51460439e-02  5.76639325e-03  3.97466339e-02
  3.77890460e-02  1.46250483e-02 -2.74181911e-02 -3.16235100e-02
 -1.81355062e-02 -4.73736134e-02  1.59790269e-02  2.26131993e-02
 -6.37323944e-03  1.28210283e-02 -4.81326799e-02  3.36457517e-02
  4.37210103e-02  1.10678482e-02]
writer    [ 6.52761607e-01 -4.87725856e-02  1.37125377e-01 -8.40850956e-02
  1.37063413e-01 -9.31038179e-02  1.32495107e-02 -9.98337662e-02
 -3.03245381e-04 -1.10628640e-01 -2.91570446e-02  9.37641959e-03
  1.51738105e-03 -7.55163605e-03 -4.12167759e-03 -1.71850828e-01
 -6.33081496e-02  5.55135713e-02  3.69521284e-02 -1.33899166e-01
 -4.51423827e-02  4.54999317e-02 -4.22809204e-02 -1.05941729e-01
  4.36383682e-02 -6.08980627e-02 -4.52912265e-02 -4.46857789e-02
 -6.18555356e-03  5.05394076e-03 -1.72052165e-03 -4.07026200e-02
  4.13656122e-02  1.34221723e-02 -7.93229782e-02  4.62990587e-02
 -4.01208532e-03  7.34812961e-02  2.86544150e-02  2.15501739e-01
 -9.17659202e-02  6.79840240e-03 -6.67257262e-02 -2.29224920e-02
  5.64489455e-02  1.48598421e-02 -2.58279914e-02  6.19243789e-02
 -1.81039345e-02 -9.06850917e-02]
quality    [ 8.39707646e-01  3.33726863e-01  6.51489911e-02  6.20651288e-03
  7.53277804e-02 -9.20884772e-02 -3.39118793e-02  6.28765364e-02
 -6.50449906e-02 -6.89911078e-02 -3.13715105e-02 -2.30029275e-02
 -1.07331097e-03 -4.69921587e-02  5.71245318e-02  3.42040856e-02
  3.46166386e-02 -5.76845080e-03 -8.04913496e-02 -1.45721505e-02
 -2.73080342e-02 -5.80068566e-02  3.70717522e-02 -1.17470832e-04
 -1.97984564e-02  2.08633069e-02 -2.75592314e-02  2.31812243e-02
 -3.03571941e-02 -4.03160793e-02 -4.23191967e-02  1.71403199e-02
 -4.48013886e-04 -4.46376332e-02  3.28285873e-02  1.64537944e-02
 -4.58482749e-04 -1.66737066e-02 -4.46142521e-02 -2.12684496e-02
 -1.42469806e-02 -1.83481348e-02  6.79054299e-04  7.02462910e-03
  4.60081999e-02 -5.29428715e-02  2.49854360e-02 -1.41626374e-02
  1.79041344e-02  1.60239210e-02]
art    [ 7.79083277e-01  2.31372110e-01  8.97946571e-02  1.10059411e-01
  7.39397952e-02 -2.10144804e-01 -4.42197599e-02  7.42508734e-02
 -1.09861933e-01 -5.24233249e-02 -1.21046352e-01 -1.84515013e-02
 -3.99603649e-03  1.46022403e-03  2.39683767e-02  1.73703062e-02
  3.36136252e-02 -2.02631270e-02 -7.60401761e-03 -3.71620506e-02
 -3.02459137e-02  6.94610207e-03 -9.78145656e-03  7.71586881e-03
  1.69450947e-02  2.27724979e-02 -1.10194824e-01 -3.52683143e-02
  3.74337301e-02  2.19545548e-02 -3.81049570e-02  7.49395649e-03
  2.56229420e-02 -4.11954980e-02  4.96340747e-02 -2.98145586e-02
 -2.65848599e-02 -6.78441339e-03  4.94150784e-02  1.68661762e-02
 -2.21734053e-02  1.71452819e-02  1.27578806e-02 -3.53292174e-02
 -7.13038903e-03 -6.81052425e-02 -1.44483576e-02  9.39023578e-02
 -1.59968029e-04  4.20601429e-02]
evil    [ 0.69195252 -0.23265116  0.13379824 -0.11500654  0.06015821  0.0636103
 -0.06302562  0.07175334  0.01116551  0.03256226 -0.0456348   0.10165524
 -0.01604642 -0.12147804  0.02103643  0.15810875  0.02751412  0.04156752
 -0.02109637  0.02907959 -0.07682807 -0.00355512 -0.04596983 -0.02102879
 -0.04035564 -0.08727314  0.09578584 -0.16117966 -0.09918229 -0.00149708
  0.01244282  0.07607982  0.09925397 -0.06727202 -0.03183461  0.05894056
 -0.04774579 -0.09680048  0.02833669 -0.09188971  0.04922831 -0.01750948
 -0.03201703  0.05474483 -0.00859798 -0.01464442 -0.08784155  0.04054271
 -0.04569937  0.03294282]
drama    [ 0.71055205 -0.00411316  0.18462932 -0.07819882  0.0790113   0.03000541
  0.00519114  0.02480787 -0.04580789  0.11743151 -0.09502913  0.16381952
 -0.02402758 -0.00982489  0.02649339  0.05535997  0.0620279   0.04468507
  0.16692368  0.01623815  0.09452716 -0.02847965 -0.10480832  0.07537019
  0.01485687  0.01858825  0.04050649  0.08446653  0.09852452  0.04154445
 -0.10289452 -0.16688129  0.00519316  0.01466428 -0.05830948 -0.02811532
 -0.01380856  0.14738106 -0.03051101  0.00481394 -0.11023452 -0.09386683
 -0.04451042 -0.06475724  0.00265392 -0.01672821 -0.05863813 -0.04176264
 -0.11419182  0.04556361]
white    [ 0.38640481 -0.08441264  0.08709167  0.06567479  0.00137425 -0.05018702
 -0.08806311  0.00360636 -0.01597243  0.10003935 -0.03293011 -0.13232504
 -0.01234423 -0.08920776  0.04108536  0.07406724 -0.03631644 -0.07411517
 -0.03510863  0.07290474 -0.05407423 -0.00321975  0.07211652 -0.05617326
 -0.00728628  0.05416511  0.08809053 -0.16248421  0.04101691 -0.00810427
 -0.09000453  0.10582126  0.03971867 -0.09160682 -0.08766659  0.00492911
  0.10183684  0.12817944  0.06050261 -0.06764772  0.08212002  0.01362135
 -0.11384794 -0.04090598 -0.22987777 -0.08553261 -0.12888195 -0.12834834
  0.08093501  0.0828656 ]
son    [ 5.50797082e-01 -3.64987315e-01  6.69800511e-02  1.42717359e-01
 -2.75145480e-05  1.86248830e-02 -1.34350412e-01 -1.46123266e-01
 -6.00014366e-02  2.96340970e-02  9.40171686e-02  6.09067831e-02
 -6.50337897e-02 -1.28227932e-01 -2.29659210e-01  6.48766741e-02
 -7.22327642e-03  2.94249214e-03 -3.30761786e-03 -2.54792251e-02
  4.34321375e-02 -5.13887960e-02  1.16247601e-01  2.66469193e-02
 -6.35084837e-02 -2.58864408e-02 -9.48285851e-02  2.37378962e-02
 -5.52134877e-02  4.49203286e-02 -6.03024019e-03 -3.76669912e-02
  2.74576881e-02  3.79595561e-03  2.37736267e-02 -6.59539762e-02
  2.82433475e-02 -8.40476128e-02  5.63912617e-03  5.57446034e-02
 -3.11446830e-03 -3.85642782e-02  9.34192295e-02 -2.21301340e-02
 -2.32908839e-03 -4.00817461e-02  6.06213886e-02  3.65550383e-02
  7.03344698e-02 -3.75758227e-02]
several    [ 7.43669349e-01  1.56360074e-02 -8.58915325e-02  3.08144346e-01
  4.12832421e-02  1.94042418e-01  2.41021250e-01  7.47070137e-02
  4.39927177e-02  7.04236173e-02 -7.04352302e-02 -3.03810699e-02
  2.49401906e-01  7.54176208e-02 -1.68622439e-01  4.26513907e-02
 -1.17043288e-01  3.40546903e-02 -1.14229982e-02 -5.67944984e-02
 -5.13758500e-02 -1.45950752e-02 -9.60667491e-02 -1.22202546e-02
 -1.34152373e-01 -1.86517313e-02  6.58634918e-04  2.96474925e-02
 -4.52999240e-02 -6.71947462e-02  3.44461270e-02 -2.84795224e-02
  3.02423739e-02 -2.06407041e-02  7.00515001e-03  1.25287263e-02
 -8.38232592e-03  3.51943734e-03  2.04360392e-03 -3.09311631e-02
  1.63966200e-02  3.43775418e-02 -2.36718657e-02  4.55812504e-02
 -4.43352530e-02 -2.36484822e-02 -2.92192033e-02  2.94356391e-02
 -9.19500768e-03  2.52415168e-02]
buy    [ 0.72089376  0.03446419 -0.3063819  -0.04085551 -0.00136869 -0.0316659
 -0.06606447 -0.12049972  0.03107955 -0.07976592 -0.04186951  0.00798493
  0.03402318  0.03147746 -0.00285409 -0.04072465  0.05958471 -0.00796662
 -0.08235379 -0.01874814  0.14285884 -0.06773298 -0.02401974  0.03044099
 -0.00571757  0.16656543  0.04423039 -0.02811418 -0.10120501 -0.01568675
 -0.02148463  0.00137131 -0.05671147 -0.04845918  0.04094092 -0.11242235
 -0.02789511 -0.0087863   0.02443931 -0.04655052 -0.0227697   0.12771189
 -0.00885122 -0.0944433   0.08029885 -0.03093315 -0.02547856 -0.09239461
 -0.0208412   0.06462791]
direction    [ 6.73465505e-01  1.40647228e-01  2.81769217e-01 -1.38241916e-01
  1.08492618e-01  1.22152347e-01 -4.47080484e-04  7.97769394e-02
 -5.71946520e-02 -2.35463361e-01 -1.31366738e-01  1.29931181e-01
  3.12151132e-02 -7.91420932e-02  1.83036001e-03 -6.08877330e-02
  2.81735910e-03 -5.98607428e-02 -1.86570433e-01 -1.52352541e-03
 -9.39774431e-02 -1.33174561e-01  4.61140081e-02 -1.42566389e-02
 -5.01019592e-02  1.01332788e-02 -4.40483853e-02  5.76242257e-02
  1.05377174e-01 -2.13039983e-02 -6.01597402e-02 -6.00335619e-03
 -1.04969044e-02 -3.22607424e-02  1.75418249e-02 -1.70915429e-02
 -5.43816748e-02 -2.11698600e-02 -1.23241808e-02 -4.88999332e-03
 -2.16297964e-02 -6.08523396e-02  3.06878272e-02 -6.78638601e-02
 -4.33521639e-02 -1.29376499e-03 -4.26755232e-03 -2.75018051e-02
 -7.16339750e-03  3.29163205e-02]
worse    [ 7.44516291e-01  6.15804009e-02 -1.43866106e-01 -1.63452709e-01
 -2.05998116e-02  1.64626677e-03  8.66306653e-02  8.47287215e-02
  6.74739611e-03 -1.55538198e-01  9.23864818e-02 -8.65432706e-02
 -3.88166172e-02 -8.12859525e-02  2.37438765e-02  5.28067697e-02
 -8.28997555e-02 -6.04633186e-02 -9.74254013e-03 -5.09123910e-02
  1.38130414e-01  1.51228518e-01  7.04857577e-02 -1.49952716e-01
  3.75137914e-02 -1.25402667e-02  4.37230168e-02  7.39487895e-02
  7.26951354e-02  3.65236440e-02 -1.03371790e-02 -3.24136737e-02
 -8.87192231e-03  1.52678246e-01  2.05341597e-02 -2.94038142e-03
  3.75860777e-02 -1.66736264e-01  1.32960441e-01 -1.24868260e-01
 -2.27559930e-02 -6.15788035e-02 -1.10720618e-02 -7.74328842e-02
 -9.31235679e-03 -6.91062910e-02 -1.02278814e-01  5.91445900e-02
  5.25323648e-03  5.68456991e-04]
brother    [ 6.67869721e-01 -3.28940241e-01  5.39938895e-02  7.17707891e-02
  3.05917937e-02 -2.09784550e-02 -1.26237619e-01 -5.71358151e-02
 -6.72437727e-02  3.30372054e-02  1.56682468e-01  2.82665841e-02
 -1.87782045e-02 -9.42777140e-03 -1.40511457e-01  6.95516126e-02
  5.71656444e-03  6.35065852e-02 -2.24113992e-02 -4.66069561e-02
  7.77771791e-02 -4.25568156e-02  1.00513910e-01  1.86877419e-02
  2.64787570e-03 -7.48666569e-02 -3.40765444e-02  3.25596582e-02
 -4.45992685e-02  1.99696315e-02  5.04027866e-02  2.38195232e-02
  1.41220222e-02  2.45447766e-02  4.19237262e-02 -4.53928890e-02
  6.10640805e-02 -3.10303543e-02  1.44543287e-02  7.61630380e-02
 -5.77355321e-02  3.16706441e-05  1.63620632e-01 -7.69267224e-03
 -6.85674066e-02 -5.70051058e-03  8.30929308e-02 -7.89255303e-03
  4.62732183e-02 -4.78775978e-02]
stand    [ 0.87293706  0.02705813 -0.02883984 -0.00435562 -0.01550836 -0.00732212
  0.01511699 -0.01309746  0.23735409  0.02710054  0.00664744 -0.02708469
  0.03773309 -0.07025102  0.02071044 -0.0045133  -0.03800496 -0.05425705
 -0.01579004  0.03517909  0.01320873  0.02831049 -0.01686856  0.06394238
  0.06824759  0.02318314 -0.07791298 -0.03514686  0.00150221 -0.0475094
 -0.04444526 -0.00556943  0.09848099  0.08588798 -0.0157355   0.01089999
  0.0156709  -0.01915972  0.03834398  0.01199651  0.03628472 -0.01378479
 -0.01353692  0.04631567  0.02587387  0.00287328  0.02075941 -0.01892472
 -0.0088505   0.01681899]
stop    [ 8.15116630e-01 -1.66187622e-01 -2.38890823e-01 -1.58019566e-01
 -4.07781925e-02 -2.49992767e-02  1.08748422e-01 -3.34807774e-02
  7.97315168e-02 -4.79577739e-02  1.53737996e-03 -2.30250537e-02
  2.41355696e-02 -6.13995878e-02 -8.52340291e-02 -4.95474426e-02
  3.14185318e-02 -5.36335674e-03 -1.22771329e-02 -3.16817690e-02
  1.98560122e-02 -7.28650593e-02 -7.29642358e-03  2.80598800e-02
  1.00739691e-01  6.58376765e-02 -7.16201393e-02 -4.36330209e-02
 -2.24997898e-02 -5.54750883e-02 -7.18854263e-02 -2.31891158e-02
  7.86297077e-02 -1.94814631e-02  3.14147017e-02 -8.28769161e-03
  4.39362184e-03  7.80480704e-02  1.04666823e-01  3.30156522e-02
  1.26398311e-02  3.24371691e-02 -3.82561834e-02  6.41718009e-02
 -3.41672189e-02  4.80746434e-02  1.45447822e-02  3.74905234e-03
  3.90370593e-02 -6.88636608e-04]
mr    [ 0.82284762 -0.19614348  0.17573481  0.03302757  0.17972403 -0.06324264
 -0.06834052 -0.06681167 -0.02171262 -0.03732988 -0.04320644 -0.01954813
 -0.04832462  0.08166171 -0.04329125 -0.01615721 -0.05037556  0.06004416
  0.03792816 -0.06138543 -0.00601728  0.05714465 -0.00807214 -0.01659579
 -0.01186318 -0.01482808 -0.04075171 -0.02617725 -0.02992686 -0.01480865
 -0.04551023  0.03223569  0.01743604 -0.02291263  0.0150315   0.0124522
  0.02837597  0.02335759 -0.03457673  0.02036364 -0.001815   -0.03625988
 -0.01211096 -0.00241     0.03664332  0.01816738 -0.01795334  0.02448866
 -0.00577896  0.0372506 ]
favorite    [ 0.68546605  0.1743653  -0.07168932  0.16734216  0.0012474   0.04016015
 -0.14398545 -0.03995377  0.4508423   0.10715832  0.25813705  0.08640852
  0.10770064 -0.02791213  0.12956071  0.04059447 -0.10089446 -0.06662027
 -0.00597807 -0.02377088 -0.00900662  0.07587636 -0.04182906  0.04494807
 -0.0569039  -0.0263936  -0.07976118  0.0383391  -0.04095063 -0.01572531
 -0.01249508 -0.01412032 -0.01301017 -0.08908199  0.0116472   0.04121617
  0.02368859  0.01762803  0.04513922  0.05025226  0.01254205 -0.01944123
  0.01155607 -0.0303318   0.04398578  0.05865689 -0.01669414  0.0359833
 -0.01554596  0.0064091 ]
experience    [ 9.06344359e-01  4.20736997e-02 -5.23077729e-02  4.92544915e-02
  3.85492361e-04 -6.98673930e-02  6.56397240e-02 -6.75168417e-02
 -1.03418492e-02  6.38522710e-02 -7.42700448e-03  4.61188498e-02
  2.21623423e-02 -2.16993369e-02  2.61355340e-02  6.45405593e-02
  6.05975777e-02  5.49118951e-02  6.22727462e-03  1.98032287e-03
 -6.29692909e-02  5.92191643e-03  3.08183825e-02 -3.66619315e-02
  1.27314278e-02 -3.35849386e-02 -5.00464435e-02  1.24804034e-02
  7.12415274e-02  1.46863358e-02  2.63064411e-02  6.23619279e-03
 -2.53053875e-02 -5.34152429e-03 -4.38271564e-03 -7.09463870e-03
 -6.18362489e-02 -4.59657822e-02  3.65205968e-02 -1.36982938e-02
 -6.53726080e-02  2.96712249e-02  1.35660339e-02 -4.49415369e-02
 -2.94673934e-02  2.67803751e-02 -1.25777051e-02 -1.25961534e-02
 -2.11277708e-02  3.01768681e-02]
force    [ 7.71799422e-01 -2.81554732e-01  6.53553959e-02  1.70309878e-02
 -8.83029993e-02 -3.20187044e-02  2.65550871e-02  1.45981854e-02
 -1.72253016e-02  2.13265450e-02 -1.26147164e-02  2.40939556e-02
  3.85559342e-02 -1.82469210e-02 -1.04551989e-02 -4.18630495e-02
  5.27344954e-02  1.71565177e-02 -1.92336008e-03  4.86107391e-02
 -2.80285228e-02 -5.46333390e-02  4.53124600e-02 -1.93301312e-02
  1.28658833e-02 -5.74751688e-02 -4.83835182e-02  3.44790390e-02
 -4.64680206e-02 -1.69993367e-02 -2.64578376e-02 -4.94874240e-02
  7.43424048e-02 -1.00222734e-01 -5.73452131e-02  5.73838461e-02
 -5.74327620e-02  8.31188747e-02  5.29743754e-02 -4.71831711e-02
 -1.37906299e-02  6.63751037e-02 -2.45795415e-02 -3.80454667e-02
 -4.11089965e-02  5.47602198e-02 -1.13301462e-02 -3.87629091e-04
 -1.80241570e-02 -5.27131578e-02]
already    [ 8.19535704e-01 -5.35948310e-03 -1.74248184e-01 -1.03378844e-02
  4.79206219e-02 -3.29620581e-02  7.24463418e-02 -7.45825036e-02
 -2.12546793e-02  2.35396734e-02 -1.20573440e-02  6.12958628e-03
 -1.09527581e-02  1.66507237e-01 -8.44824699e-02  7.24730225e-03
 -5.03676110e-02 -1.16145966e-02 -9.50212767e-02 -8.87555585e-02
 -1.31940857e-01  1.20960917e-02 -3.81004291e-02 -7.58720296e-02
 -4.85142911e-02 -4.03574197e-02  5.94487853e-02 -6.58704204e-02
 -2.71272124e-02  5.08178057e-02 -3.85172356e-02 -1.57091502e-03
 -9.62035143e-02  4.99268689e-02  4.21013955e-02  7.47438784e-03
  8.83494940e-02 -6.32969678e-04 -2.35774058e-02  1.92992764e-02
 -1.18059777e-02 -2.90761074e-02  1.44332859e-02  5.10073645e-02
 -9.33746511e-03 -2.95426694e-02 -4.00497933e-02  4.85943432e-02
 -2.19644889e-02 -4.94548617e-03]
hold    [ 0.79358159 -0.04305652 -0.02628733  0.06338972 -0.08404692 -0.04480298
 -0.0234367   0.00971077  0.03346932 -0.1298681  -0.08244782 -0.04656109
  0.00779709 -0.00880839  0.03527401  0.07459185 -0.04994413 -0.06420831
  0.05998426  0.05898108  0.03672091  0.01684819 -0.0329541  -0.02751346
  0.11883312 -0.01496934 -0.0214511  -0.01692364 -0.06089578 -0.05179557
  0.04141619 -0.05753724 -0.01478757  0.06411282 -0.06823512 -0.05722221
  0.013061    0.00322322  0.05253064 -0.0291449  -0.05543916 -0.03406597
  0.06915078 -0.01497946  0.04025002  0.01410073 -0.00466452 -0.04084968
  0.07032898  0.02450283]
dark    [ 0.81462076  0.05120516  0.04602364  0.04586947 -0.07651305  0.00781014
 -0.04931623  0.10711522 -0.0344854   0.10464422 -0.00490496  0.03875187
  0.03064132  0.04165198  0.02874827  0.01466918  0.00365573  0.00194347
  0.04474586  0.02219579  0.02523811  0.03270416 -0.0445746   0.0939566
  0.02379059  0.00614414 -0.05785117 -0.03824765  0.00111959  0.006709
 -0.05220017 -0.0588077   0.02839649  0.0077176  -0.0391152  -0.00179317
  0.02640506  0.04126629 -0.04150672 -0.01816206 -0.01523751 -0.06296686
 -0.04809666  0.01079975 -0.02855986  0.05093793 -0.04267118 -0.05629394
 -0.05991591  0.02498027]
side    [ 0.74668107 -0.15283982  0.15714401  0.02785123 -0.08737951  0.01887947
  0.00841981  0.01531257  0.10817119  0.06152548  0.04839225  0.17029644
  0.00991371  0.09100567  0.09449735  0.04027991  0.02078301 -0.13332211
  0.00451164 -0.01480291 -0.05852947  0.04561939 -0.05641696 -0.00825219
  0.00084019 -0.0997368   0.03746821 -0.00822566 -0.00860888 -0.0937684
 -0.04215613  0.06145766  0.04590169 -0.04530289  0.02220485  0.03272072
  0.03265671 -0.02263229 -0.06755569  0.00098328 -0.00748241 -0.04329046
  0.03104815  0.04124038  0.0573802   0.00806119  0.00815246 -0.04204783
  0.02097362  0.04305041]
wait    [ 7.45204035e-01 -7.83067601e-02 -3.12173803e-01 -3.12789377e-02
  3.00879687e-02  5.12814993e-02  3.10990019e-02 -5.33820984e-02
 -1.14035482e-02 -1.16307132e-01 -2.60808781e-02 -2.70097516e-03
 -3.39837132e-02  2.11080152e-01 -8.47947577e-02  2.53163752e-02
  1.10256671e-02 -6.66581483e-02 -1.14815955e-01  3.73457150e-02
  3.15637914e-02  2.23512151e-02 -9.02185793e-02 -3.59466764e-02
  4.00258425e-02  5.01729508e-02  7.01262016e-02 -8.18401167e-02
  4.05464920e-02  7.23115539e-02 -1.81777234e-02 -3.18667441e-04
  8.58029613e-02  4.08635934e-02 -1.21803769e-02 -3.06833470e-02
  8.19876491e-02 -2.60275883e-02  3.16489717e-02  2.60491836e-02
 -1.68302296e-02  3.54401149e-02  8.41201757e-02 -4.21807728e-03
  9.25703409e-03 -3.26070750e-02 -2.69254642e-02 -1.18561278e-01
 -3.56791987e-02  1.71242700e-02]
number    [ 7.16029881e-01  8.79166866e-03 -7.40672048e-03  1.15678617e-01
  1.09460450e-01  1.83094511e-02 -1.24353108e-02  7.49060639e-02
  1.90910387e-01  1.30322787e-03  6.18129572e-02  5.56914382e-02
  6.47905774e-02 -2.16993261e-02  5.65304789e-02  2.80065376e-02
 -2.10667536e-02 -1.49328585e-02  9.75688471e-03 -1.08938494e-02
 -5.23243307e-02  4.93035705e-02 -7.68855090e-03  7.26202629e-03
 -8.74361195e-02  1.00796675e-01 -4.27052327e-03 -2.30480147e-02
  1.87275103e-02 -5.89385122e-02  7.21461139e-02 -3.74339554e-02
 -6.69837714e-02 -2.78433155e-02  5.12743918e-02  6.77481627e-02
  5.35060080e-02  5.63607203e-03  7.88714899e-03 -9.70004688e-03
 -5.40170808e-02 -2.07571448e-02  3.34932003e-04  4.65995933e-02
 -3.76562334e-02 -4.21164217e-02  8.80695400e-02 -2.26006810e-02
 -3.29678987e-02 -2.52201510e-02]
boring    [ 8.71400028e-01  2.23488561e-01 -1.00734422e-01 -4.38489005e-02
 -1.44587873e-01  9.00340558e-02 -2.71454918e-02  5.28496712e-02
 -1.46627456e-02 -4.18982086e-02  9.18904475e-02 -3.11134984e-02
 -3.00023315e-02 -3.16157488e-02  2.41183838e-02  4.01757578e-02
 -8.78188313e-02  1.30233729e-03 -1.78567229e-02 -2.29126766e-02
  5.39263546e-02  5.14542168e-03  3.37226464e-02 -4.90506905e-02
  4.87423937e-02 -3.55619831e-02 -4.23764484e-02  4.10610324e-02
  2.90894053e-02  1.84293936e-02  1.52850081e-02 -7.75276469e-04
  7.62387567e-03  1.34364788e-02  4.69547201e-02  4.41124916e-02
 -3.96823120e-02  1.01735358e-02  2.22298470e-02 -4.13743259e-03
  5.09139967e-03 -9.06809386e-03 -3.02381114e-02 -1.62762273e-02
 -3.24084440e-02  2.21435604e-02  5.84376133e-02 -5.11651770e-02
 -2.78191483e-02  2.33137468e-02]
hit    [ 0.81613644 -0.09183346 -0.11592156  0.0640096  -0.01718713 -0.01219931
 -0.13251872  0.06498568  0.01148741 -0.0121855   0.00614698 -0.07470357
  0.0292343  -0.0585032   0.11830388 -0.01986593 -0.03027309  0.03081394
  0.05382458  0.02575052  0.03035742  0.04146852 -0.01943943 -0.05483002
  0.02800683  0.02333927  0.02567491 -0.01693351  0.01368616 -0.0323615
  0.02361263 -0.02659748 -0.00871485  0.00402485  0.03622249 -0.04890732
  0.01166216 -0.04571204 -0.10033565  0.03011964  0.00976695 -0.04021538
 -0.01195026  0.00316315 -0.03435547 -0.00773375 -0.0157561  -0.07450718
  0.00888039  0.02457325]
learn    [ 8.44339652e-01 -1.54633899e-01 -2.68277167e-02  1.12909667e-02
 -1.13744800e-01 -5.20810163e-02  7.43567493e-02 -1.16254572e-01
  6.57511785e-02  3.78092808e-02 -7.19743860e-02  2.59999392e-02
  9.39254296e-03 -6.93451945e-02 -4.51981714e-02  3.73538693e-02
  4.47779748e-02  3.40887716e-02  4.97352411e-04  1.64550050e-02
 -6.54307460e-02  5.18932253e-02  1.79415890e-02 -4.28449084e-02
  1.02777969e-02  3.63641880e-03 -6.17333020e-02  2.92282505e-02
  1.87358150e-02 -2.23718096e-02  5.53844526e-02 -1.92469122e-02
 -1.04027753e-01 -8.12393257e-03 -3.71412143e-02  3.27451170e-02
 -8.39301816e-02  6.09253895e-03  3.90750938e-02  6.43806557e-02
 -1.84007526e-02  5.94474558e-02 -6.98344584e-03 -1.48590414e-03
  1.31539025e-02 -1.15834933e-02  7.03216709e-03 -1.12266975e-02
  3.10406121e-02 -1.84223747e-02]
3    [ 0.76109332  0.03123501 -0.20715793  0.1779954   0.1320494   0.27929577
  0.05545056 -0.03853643 -0.02583207 -0.05024298  0.07377952 -0.00994998
  0.04902804  0.02156924  0.07236405 -0.01270236  0.04400909 -0.03391976
  0.13016699 -0.01199021 -0.12501309 -0.03900078  0.16131621  0.0343995
 -0.06772997  0.14561006  0.02240448 -0.04722486 -0.07931821  0.01505744
 -0.07142892  0.01412044  0.0290852   0.05448927  0.01709678  0.04135206
 -0.0391411   0.04586706  0.04678485  0.00747735 -0.0065957  -0.00091421
 -0.01655289  0.01948865 -0.02924557 -0.01000796 -0.02360714 -0.0269942
 -0.00998184 -0.07298724]
throughout    [ 7.60560712e-01  4.82861898e-01 -5.18970387e-02  1.71718777e-01
 -1.19414281e-01 -6.83172698e-02 -1.01924130e-01 -3.25061065e-03
 -1.57535213e-01 -2.38535506e-02  3.57554422e-02 -9.22263150e-02
  4.58661186e-02  6.14336109e-03  1.70802903e-02  3.95548541e-02
  1.46532847e-02  7.45975348e-02 -1.73912136e-02  2.37603584e-03
  4.44880889e-03 -2.87504329e-02 -5.19080207e-03  9.67136704e-03
  1.54992607e-02 -9.34456937e-03 -5.62305164e-02 -3.44210591e-02
  2.61088652e-03 -3.70638764e-03  2.44186844e-02  5.75259469e-02
  2.76868901e-03 -2.20518597e-03  9.78166172e-03  8.83422012e-05
  4.11172760e-02 -1.62758378e-02 -2.57258750e-02 -1.28964458e-02
 -1.20542034e-03 -2.80685923e-03  1.30601740e-02  3.00592499e-02
 -5.44832416e-02  2.56861107e-02  4.41932705e-03 -1.68702583e-03
 -2.44002408e-02  2.55136600e-02]
win    [ 0.56930935 -0.00127889  0.01279478  0.08555527  0.0752782  -0.04683439
 -0.0829063  -0.0848317   0.07548408 -0.1212878  -0.03149027  0.04709909
 -0.0355501  -0.05329921 -0.00622213 -0.04131986  0.02921266  0.05244888
  0.03666381  0.09269409  0.00540958  0.03522    -0.04740422 -0.06724597
 -0.08058893  0.01040389 -0.02373576 -0.01938656  0.08249514 -0.02456668
 -0.01228416  0.0423741  -0.01352067  0.07985452 -0.03001178 -0.13897613
 -0.10291269  0.0167928  -0.04896501 -0.13210804  0.10537213  0.04956486
 -0.05223391  0.03333606 -0.01526163  0.0352258   0.09477248  0.0090285
  0.03120047  0.02335731]
matter    [ 0.70834763 -0.01329633 -0.01021761 -0.06189471 -0.00359077 -0.03298841
  0.14609082 -0.01713619 -0.0029158   0.04183352 -0.05497332  0.01789917
  0.00077941 -0.06285829 -0.03846952  0.02616852 -0.01527287  0.02865881
  0.0318507  -0.01943541 -0.02742873  0.04995119  0.06094715  0.06842617
 -0.02147748 -0.08763373  0.01736385  0.02828787  0.01238192 -0.0288518
  0.04034691 -0.01281564 -0.03306106 -0.00234544 -0.00308236  0.02025618
 -0.01424102 -0.03771554 -0.00488031 -0.00689598  0.00637227  0.01901878
 -0.02864873 -0.00743566 -0.02415374 -0.02396425  0.03917813 -0.02107232
  0.04205363 -0.01784978]
voice    [ 7.01621815e-01 -1.23220303e-01  3.07859804e-01 -1.47838352e-01
  2.09165727e-01  9.01550896e-02 -3.33313552e-03 -5.80831535e-02
  6.42049032e-02 -4.93169124e-02 -1.13350166e-01 -2.96039104e-02
  4.53173537e-02 -3.50255699e-02  2.48079584e-02 -2.38494821e-02
  4.97152666e-02 -8.12959792e-02 -4.18263382e-02 -2.48084632e-03
 -2.33501234e-02  8.88107656e-02  5.29320167e-02 -3.33272724e-02
  2.63518397e-02  6.48770377e-02 -4.64649942e-02  5.73863570e-02
  1.61670005e-03  2.10365449e-02  6.77647484e-02 -7.19474713e-03
  3.06675186e-02 -3.20648383e-02  7.95630417e-05  2.52714205e-02
  8.77113986e-02 -7.00487977e-03 -1.93275739e-02 -1.75663430e-02
  3.64189544e-02  5.53527893e-02  1.37815995e-02  1.48857164e-02
  3.20536104e-02  2.97623627e-02 -1.01399101e-01  9.34961606e-02
 -9.37629554e-02 -3.30271580e-02]
cut    [ 0.79135935 -0.02405344  0.04118403  0.11682163 -0.06054201 -0.00167588
  0.03549679  0.25345564  0.16993536 -0.00819793 -0.07263775 -0.15479515
 -0.0195531   0.08726304 -0.06497964 -0.12643325  0.04757472 -0.01370662
  0.04949604 -0.095618    0.05352643 -0.07663079 -0.04669473 -0.07360057
  0.01921245  0.01016232 -0.03413396 -0.02425431  0.01070153 -0.00227334
  0.02841953  0.00155249  0.00109083  0.02699334 -0.00863094  0.02257763
  0.05853849 -0.04627883 -0.0119732   0.02947436 -0.02668084  0.03265646
 -0.00083451 -0.05494816  0.0493735   0.01490209 -0.00822815  0.00915656
  0.02439363 -0.08207407]
oh    [ 0.73371729 -0.09869416 -0.06974013 -0.14633405 -0.00830769  0.09588273
 -0.10107707 -0.0209123   0.04349131 -0.04114387 -0.08601791  0.00417714
 -0.03281492 -0.01174544 -0.04480555 -0.00331907 -0.03675889 -0.01225577
 -0.05356401  0.01851411 -0.04364246  0.06290838 -0.00298664 -0.01655281
 -0.0033633   0.01598314  0.01375737 -0.05497079 -0.04616013 -0.00990432
  0.06952439  0.03463102 -0.03585089  0.04509532 -0.10398224  0.0069068
  0.01239961  0.16603224  0.02296899  0.00457223  0.03289512 -0.12120114
  0.12272531  0.00964326  0.06193439  0.04099348 -0.04167614  0.01828867
  0.11463561  0.00235284]
fine    [ 7.29815248e-01  1.71422999e-01  2.57875777e-01  1.00686056e-02
  1.67498872e-01 -3.89325727e-02 -2.65398839e-02 -6.94074234e-02
 -5.48213455e-03 -2.06603232e-01  2.90727584e-02 -1.36318513e-01
  1.01876589e-01 -3.95186267e-02 -8.17228299e-02 -1.39622659e-01
 -6.95963846e-03 -9.82243399e-02 -6.13035524e-04  1.10163045e-01
 -7.67754153e-02 -1.62162521e-02 -3.06900546e-02  9.12722858e-02
  7.85401333e-02 -2.09177690e-02  3.45695026e-02  1.14471492e-01
  1.11954342e-02  3.21911260e-02 -2.18016565e-02  5.58210503e-03
  1.64128331e-02 -4.84802347e-03 -7.16835211e-03 -3.61586590e-02
 -3.23399686e-02  2.53678983e-02 -5.55990869e-02 -1.93795673e-02
  4.85165530e-02  9.69723533e-03  3.32825122e-04 -4.17366437e-02
  7.85269530e-02  4.52182277e-03 -4.60249584e-02  4.61471661e-02
 -1.06444418e-01  1.32666689e-02]
final    [ 6.52090766e-01  2.51872716e-02  8.33453151e-02  1.78411089e-01
 -7.58811140e-02  9.92556479e-02 -2.36921160e-02  3.97391220e-01
  2.55786995e-01  8.22789400e-03  6.19048316e-02 -1.67362925e-01
 -9.53848860e-02  1.59878980e-01 -1.90225960e-01 -7.41595516e-02
  1.07247663e-01  4.03049237e-02  5.54214734e-02 -1.41616937e-01
 -1.38983020e-02 -9.36175987e-02 -5.84853932e-02 -6.75810992e-03
 -3.81020511e-02  5.40058447e-02 -2.38782993e-02  1.10158815e-02
  3.66012294e-02  3.99323272e-02  6.27225999e-02  5.29419542e-02
  4.14784022e-02  1.22897116e-03  1.59221653e-02  3.98913935e-02
 -3.84057954e-02  3.02788345e-03  1.65197837e-02  4.79265035e-03
  9.48049907e-05 -3.28097432e-02 -6.67827212e-03 -8.95398245e-02
  2.56380453e-02 -9.13722073e-03 -1.13598815e-03  1.72512923e-02
  4.59097055e-02  6.27516606e-03]
totally    [ 8.70172234e-01  1.63978314e-01  5.30781323e-02 -3.43494881e-03
 -1.51233887e-01  8.38381674e-02  5.98285822e-03  2.20999924e-03
 -5.62950085e-02 -6.76809410e-03  5.76723647e-02 -2.63101238e-02
 -6.33937700e-04  7.39823998e-02 -1.12488307e-02 -2.35959844e-02
 -8.61151304e-03  3.38115772e-02 -6.41581373e-02  4.75539828e-03
 -8.81319644e-03 -1.67331370e-02  4.25741187e-02 -2.69023643e-02
 -3.14772202e-02 -8.24490354e-03  2.01854060e-03  1.91501678e-02
  3.64630761e-03 -7.55500799e-04  2.20242725e-02 -7.37106673e-03
  1.24806792e-02 -1.16354351e-02  5.61341279e-02 -2.38458662e-02
  3.00223133e-02  4.92161563e-02 -3.68414530e-02 -6.75433116e-02
  4.43795971e-02  4.61511150e-03  2.80322010e-02 -2.85728694e-02
 -1.01274050e-02  1.78386365e-02  1.32264660e-02  2.53008320e-02
  1.82270561e-02 -9.14537159e-03]
relationship    [ 0.73684967 -0.19444084  0.24793755  0.0627428  -0.15907534  0.01197687
  0.09068188 -0.19729474 -0.07455059  0.1208899   0.08264889  0.00441798
 -0.03471573 -0.03799085 -0.02637825  0.12392949  0.08724468  0.07435838
 -0.03941855  0.0655304  -0.0071275  -0.04633312  0.06244997 -0.01294554
 -0.03327503  0.0179914  -0.02314441  0.00118412  0.02609387  0.00270204
 -0.00173765  0.02006446 -0.06305694  0.01098401  0.01202077 -0.09525719
  0.01992593  0.02373096  0.00808345  0.03910057 -0.02625417 -0.02884935
  0.04044586 -0.01607406  0.03176845 -0.03717602  0.06420743  0.01658662
  0.0425717  -0.00713796]
michael    [ 0.85106973 -0.0985106   0.15559755 -0.03013563  0.19390249  0.0256373
 -0.13639577 -0.12302577 -0.04810781 -0.01583346  0.01735171 -0.062113
  0.06384588  0.06176046 -0.09373487 -0.05197448 -0.01033667  0.09665939
 -0.01652073 -0.04317396  0.02531163  0.0347247  -0.0049127   0.00803888
 -0.0056277  -0.04540045 -0.00485188 -0.05153061 -0.02132254  0.00262068
 -0.03158751 -0.01911527  0.01224526 -0.04578917 -0.00930057  0.01797684
 -0.00127978 -0.04260016  0.04511457  0.04068852 -0.01481444 -0.0164741
 -0.00280798  0.00427556 -0.0361708   0.00227786 -0.02957712  0.00858232
  0.04360471 -0.01042654]
humor    [ 0.7260926   0.07314261  0.06766974 -0.14893335  0.00091881  0.03432992
  0.01526673  0.04543868 -0.05415006  0.05114993 -0.08127814  0.06187465
 -0.02701653 -0.01817042  0.00110982  0.13571491  0.09377481  0.04721626
  0.06576186 -0.058965    0.03731515  0.06706038 -0.01220139  0.02702654
  0.05919114  0.0043355  -0.01325657  0.05137814 -0.01782338  0.03895142
 -0.03600807 -0.01909129 -0.03061259 -0.02851534 -0.05329959 -0.01167327
  0.01030174  0.05801404 -0.0213656  -0.01612727  0.03333223  0.02982051
 -0.0515743   0.00248325 -0.09645256 -0.04196716 -0.02074086 -0.0631906
 -0.05495232  0.01339792]
low    [ 0.36201534  0.13877729 -0.05605809 -0.01558819  0.02650088 -0.02836967
 -0.02602544  0.05394503 -0.05539041 -0.01109687  0.01241589 -0.02884232
  0.03255914 -0.05069119  0.04190836  0.02580491  0.00166593 -0.00449524
 -0.02792874  0.00616408 -0.00551082  0.03042014  0.0152667   0.01743575
 -0.05462513 -0.01094449  0.06360055 -0.01004226 -0.04876967  0.01025505
 -0.08494914 -0.07805363 -0.02291846  0.0029191   0.02684246  0.01794238
 -0.04921134 -0.03567521  0.01770536  0.04980011 -0.03682734 -0.02404865
 -0.00902967  0.02433278  0.04239767 -0.07094926  0.02682969  0.03970738
  0.15448763 -0.03067559]
deal    [ 7.57276477e-01  1.03276262e-01  1.29470458e-01  4.21772145e-02
  5.87929197e-02 -7.07551853e-02  6.85947700e-03  7.65725872e-03
 -7.63626246e-02 -2.36207824e-02 -5.39556640e-02  1.19325279e-01
  4.35950289e-02 -5.11761667e-02 -1.11130185e-03  1.27110375e-01
  6.36298992e-02  6.72148918e-02  1.18545359e-01  2.31204447e-02
 -4.71705186e-02 -2.06404789e-02 -9.57890394e-02 -1.04110796e-02
 -7.07139038e-03  1.88869670e-02 -3.46096659e-02 -8.51472106e-02
 -2.05352905e-03  9.69909618e-03  8.31726116e-02  2.71942758e-02
 -2.54151425e-02 -4.15596156e-02  3.20942157e-02  4.32263903e-04
 -9.93072320e-03 -5.03490563e-02 -3.78956377e-02  9.75795893e-02
 -4.72546268e-03  8.05919746e-02  2.34142845e-02  6.92743321e-02
 -8.75611815e-02 -5.38314494e-02 -1.92377813e-03  5.55053840e-02
 -1.76520791e-02  2.12413093e-02]
wish    [ 7.31203346e-01 -7.69060076e-02 -2.04148971e-01 -1.28577043e-01
  4.71407629e-02 -1.07447237e-01  1.51806365e-01 -1.24073186e-01
  1.43092273e-01 -1.05781832e-01 -8.22495514e-02 -9.25066577e-02
 -7.86263436e-02 -2.66196549e-02 -6.08184668e-02 -1.15773330e-01
  4.39531969e-02 -4.50362807e-02  1.17044856e-01  1.44487218e-01
  1.44458868e-01 -1.15658293e-01  9.51917334e-03 -4.53766504e-02
 -1.53772700e-01 -4.42951680e-02 -2.86613160e-02 -6.49388502e-04
  1.07166720e-01  4.97869446e-02  9.44448397e-03  4.36211742e-02
  9.74125894e-02  2.23849456e-02  9.02545084e-02 -2.00433980e-03
  1.43000506e-01 -1.69705974e-02  2.96972152e-02  7.70874779e-02
  5.08888664e-03 -3.19238832e-03 -3.34410513e-02  8.68771902e-02
  4.76480421e-02 -2.82339085e-02 -2.73292018e-02 -1.11123258e-01
 -3.09959087e-02  1.85983526e-02]
history    [ 0.83083812  0.25251981 -0.00810407  0.19951662 -0.03592158 -0.17691759
 -0.01873678  0.00423269 -0.05794681  0.03338351 -0.0333492   0.00925754
  0.0183493  -0.00552008  0.0131966   0.01216586  0.01640532  0.06055742
 -0.01926035 -0.05322847 -0.04601688  0.03339634 -0.04697232 -0.02003683
 -0.00535599  0.03250865 -0.01722921  0.00542276  0.02958937 -0.00920236
 -0.04341997  0.03476822 -0.00331235  0.00858725  0.05293867  0.00410528
 -0.00214205  0.01530557 -0.00264684 -0.02295424 -0.02725744 -0.02981395
 -0.04013712  0.01103101  0.00897461  0.03947214  0.01710816  0.02402674
 -0.02392994 -0.01580272]
despite    [ 8.08638165e-01  9.21963469e-02  6.21001131e-02  8.28471124e-03
  3.87141855e-02  3.86413821e-02 -1.99906597e-03  2.36674447e-02
 -2.23056724e-02 -2.89476848e-02 -4.30523117e-02  6.25278176e-02
 -7.64184259e-03 -2.13957831e-02 -3.50639640e-02  8.73214842e-02
 -2.33381873e-02  1.07400361e-02 -3.99972054e-02  2.53503575e-02
 -6.25175075e-02  3.98287355e-02  1.90706282e-02  9.46846776e-03
 -2.62602148e-02 -6.33977923e-02  2.73288639e-02  2.15362328e-03
 -6.68772776e-02 -2.05395931e-02  2.53110296e-02 -4.09662065e-02
 -4.39896309e-02 -8.39370160e-03 -1.95818397e-02 -2.02247406e-02
 -8.59220037e-03  8.86852105e-03  8.30140796e-03 -2.85991108e-02
 -6.32395249e-04 -3.75942257e-03 -4.90291926e-02  9.35368902e-03
 -6.86566294e-03  2.66265938e-02  4.37833439e-02  1.57336532e-02
  7.12185865e-02 -1.64513409e-02]
heart    [ 8.24103259e-01 -8.61537155e-02 -1.10045171e-02 -4.35719357e-02
 -6.24244420e-02 -2.95806964e-02 -6.64730081e-04 -3.29802468e-02
 -6.79157747e-02 -1.54849696e-03  1.15073949e-02  4.35235237e-02
 -1.62397954e-02  2.04195976e-03 -1.57806474e-02  5.40452589e-02
  4.71928123e-02  5.33089836e-03  3.00383513e-02 -8.57089416e-03
 -7.36664249e-02  3.39553873e-02 -1.16128787e-02  3.57311354e-02
  4.64496485e-03  3.46183191e-02 -3.15710040e-02 -4.79084317e-02
  7.97599640e-02 -9.63293980e-03 -2.90779962e-02 -6.30992316e-03
 -2.96712880e-02 -3.64087808e-02 -2.67913511e-02 -5.36077336e-02
  1.55585718e-02 -1.55600376e-02 -4.01133599e-02 -8.17477230e-02
  5.01238234e-02 -5.50393089e-02 -2.60645771e-02  4.66207027e-02
  2.70871568e-02  6.30986817e-02 -3.74265504e-02 -1.57056003e-03
 -3.88871382e-04  3.33569557e-02]
type    [ 8.80050365e-01  3.15897256e-01 -8.46520571e-02 -1.53452062e-03
 -5.87750412e-02 -3.84200889e-02 -1.23590356e-01 -7.48493482e-02
 -1.00189223e-01  4.97500338e-02  7.97797092e-02 -8.55465416e-02
  1.66559078e-02 -4.42571255e-02  1.19473070e-02  1.64400639e-02
  1.76676279e-02  5.71774589e-02  1.53774016e-02  7.43856799e-04
  9.85296040e-03 -8.45675365e-03 -4.10109235e-02  1.27506848e-02
  4.49302455e-03 -4.72212897e-03  3.14592059e-02 -2.16671071e-02
 -7.80787619e-03  2.04411196e-02 -6.46013523e-03 -1.19907353e-03
  2.11991847e-02 -1.04843808e-02  1.39501874e-02 -1.77971013e-02
  3.38933723e-02  2.06449280e-02 -9.23392505e-03 -2.99409827e-03
  3.12317959e-02  1.46742833e-02  2.82292449e-02  1.34050697e-02
 -1.82656670e-02  1.18995528e-02 -1.04657664e-02 -3.25745720e-03
 -2.21239472e-02 -8.98141087e-03]
fail    [ 0.8619615   0.22606014 -0.05243995 -0.00242561 -0.08423891 -0.04535207
  0.04308548 -0.00844815 -0.02951441 -0.02323638  0.07772462  0.02905281
  0.01857053 -0.06075965 -0.00826108  0.00207768  0.04648735 -0.00722705
  0.02460015 -0.02862662  0.02865789  0.0654842   0.00635938 -0.03630841
 -0.00227938 -0.06213969 -0.03298804 -0.01173397 -0.03543984  0.02562884
  0.00217963 -0.04935801  0.02211856  0.06637645 -0.02171332 -0.02924337
  0.00122262 -0.00929092 -0.07976783 -0.01466522 -0.02591543  0.03127243
 -0.02142462 -0.0213097  -0.05663602 -0.06666356 -0.07828815  0.03535468
  0.06143815  0.04180951]
genre    [ 8.12616611e-01  2.70991398e-01 -3.67727798e-02  2.96480568e-02
  5.71608882e-02 -1.48433942e-01 -1.07096965e-01  2.47061966e-02
 -5.53747862e-02  8.45709906e-02 -1.65983197e-03  4.52085660e-02
 -3.98766114e-02  6.02869039e-05  4.70754508e-02  4.05566813e-02
 -4.33807459e-02  3.50813944e-02  5.58917320e-02 -2.37254129e-02
  5.63700209e-02  4.48069493e-02 -5.34391957e-02  1.57685593e-02
 -1.16527082e-02  3.27422118e-03  6.77399846e-02 -1.63236291e-02
  6.06575860e-02  8.92967631e-02 -8.08635720e-02 -1.48855104e-01
  3.38336984e-02  3.72219033e-02 -2.99802651e-02 -3.30337914e-02
 -2.58747453e-02 -8.87982382e-03 -1.18603955e-02  1.16517680e-02
  1.02218184e-03 -2.90924628e-02  6.48609666e-03  1.08099297e-03
  1.48252039e-02  8.24348099e-03  6.90741034e-04  2.72694343e-03
  5.17177102e-02 -4.96263696e-02]
spend    [ 0.50611319 -0.03367786 -0.18821061  0.1833873   0.01933621  0.16543858
  0.31694874 -0.01646419  0.09709621  0.02568974 -0.24841883  0.05483319
  0.47658652 -0.03490399 -0.13003862  0.11844256 -0.17732225  0.12133474
  0.11387993  0.01533116  0.01325419 -0.00697511  0.06279472  0.01950623
 -0.09902049 -0.0397621  -0.01613646  0.01714158 -0.00841704  0.02872678
 -0.04109837  0.06368414 -0.04405571 -0.05985468  0.01157348 -0.0227332
  0.0323886  -0.02645502  0.02653933  0.03705806  0.00489272  0.03405696
 -0.00776683 -0.01543675 -0.01197564 -0.00908063  0.00995867  0.01553201
  0.00323845 -0.02924337]
unfortunately    [ 9.38381190e-01  1.24416838e-01  1.62483074e-02 -2.60941314e-03
 -3.22310280e-02  2.34382278e-02 -7.35805814e-03 -6.15796246e-03
 -1.54249068e-02 -1.10693944e-01 -3.09488528e-02  3.49363666e-02
 -1.30818087e-02  3.38540263e-02  1.76423015e-02  4.74033539e-02
 -2.57987482e-02  2.08535137e-02 -3.21411750e-03 -1.45940723e-03
 -2.75755589e-02  3.61461193e-02 -2.87366889e-02 -1.05852035e-02
  3.00100356e-02  1.70548559e-02 -8.91057079e-03  6.95839282e-03
  1.01093323e-02  2.38774803e-02 -1.85670103e-02  1.63172220e-02
  5.20647991e-03 -4.38835828e-03 -9.69957637e-03 -2.74276438e-02
  1.86499195e-02 -2.00869187e-02  3.25928620e-02  3.13418744e-02
  9.89540866e-03  1.51941579e-02 -5.67465112e-04 -1.73833453e-03
  1.24466519e-03  3.00307688e-04 -1.21494845e-02 -6.01903548e-02
 -1.36494106e-02 -2.01454874e-02]
past    [ 0.78857718 -0.16185006 -0.1264426   0.20145436  0.06846769  0.12221224
  0.09709167  0.02918847 -0.13275787 -0.08773928 -0.01131116 -0.0604529
 -0.08305355 -0.0213182   0.00815741  0.07911916 -0.0392344  -0.07684338
  0.00921964 -0.03069625 -0.0166629   0.08585044 -0.16046189 -0.00760657
 -0.0704757  -0.06267193 -0.00461625  0.04332    -0.03587121 -0.05153891
  0.07747753  0.01495989  0.00760298  0.06650611  0.02693664 -0.110768
 -0.03054051  0.01445322  0.00564393  0.0102953  -0.08525957 -0.02907864
  0.05539599 -0.01777417 -0.04488668  0.05153937 -0.03683765 -0.02850253
 -0.01363355 -0.038534  ]
portray    [ 0.76036861  0.14179252  0.28656849  0.05864723 -0.11879981  0.07454112
  0.01937454 -0.27926373  0.00537498  0.04808623  0.00616607 -0.18639217
  0.0830397  -0.01865098  0.10366038  0.08563393  0.0657292   0.06247436
 -0.01517996  0.04692769 -0.00928677 -0.05069851 -0.08274093 -0.02431738
 -0.01746432 -0.00911163 -0.0302269  -0.06259745  0.01184977  0.00648859
  0.02689296  0.01026834  0.04221551  0.02803089 -0.07864633 -0.02461444
 -0.01939554  0.08223225  0.04585779  0.02224562  0.00906212  0.04623586
  0.00443813  0.00307819  0.03699282 -0.01215253 -0.03564501  0.02185214
  0.01346525 -0.03726358]
manage    [ 0.75219958 -0.07480421  0.04963768  0.00594336 -0.01524758 -0.09951208
  0.17462873  0.140086   -0.11600209 -0.19515451  0.1345781  -0.08567482
 -0.02838309 -0.03085235  0.04699723  0.10476108 -0.07057775 -0.0446134
  0.05869165  0.02230442  0.05548499  0.07315701 -0.0187564  -0.05180487
  0.11420523 -0.01464743 -0.02036808  0.0120726  -0.02787912  0.00855678
  0.05803989 -0.03014492  0.01816805  0.07762735 -0.0394131  -0.03287805
 -0.02347896 -0.04819769  0.00940439 -0.06963628  0.04711333 -0.03240323
  0.00135366  0.01394141 -0.01892767 -0.00136149 -0.07126798 -0.01231749
  0.01294529  0.01007815]
town    [ 4.14179669e-01 -2.79974905e-01 -4.54927326e-04  7.77836500e-02
 -5.87208034e-02 -6.46128802e-02 -7.19093676e-02  4.59129280e-02
 -7.54185847e-02 -3.65551582e-02 -2.04896322e-02  7.60366225e-02
  4.34039986e-02 -6.04728508e-02  4.54183804e-02 -6.26617745e-04
  4.14261721e-02 -3.91721867e-04 -9.60965349e-02  4.02584410e-02
  1.27366497e-02  4.64781104e-02 -3.03361298e-02  5.27756850e-02
 -4.07864617e-02  3.83246745e-02  8.64727952e-02  2.44017930e-02
 -1.97795207e-02  1.86968317e-02  2.09240634e-03  2.03712111e-02
 -2.33051555e-02  5.74714260e-02 -3.55352701e-02  1.38002846e-01
  3.80702998e-02 -6.77500304e-02 -4.62968272e-03  7.36703930e-02
  4.73801192e-02  2.90213549e-04  9.33827116e-03 -3.40230266e-02
 -4.62660617e-02  2.13844971e-02  7.68780832e-02  1.41068361e-02
 -9.55807764e-02  4.53902407e-02]
1    [ 0.62447256  0.06523284 -0.18400072  0.06336964  0.12450769  0.17024415
 -0.01913863 -0.05047966 -0.04293156 -0.1226547   0.0725024  -0.03631644
 -0.02137192  0.09050554  0.13265823 -0.0379337   0.11484443 -0.04559798
  0.22669043 -0.04091824 -0.17090577 -0.05983674  0.2692794   0.03647401
 -0.08563867  0.19192332  0.00916415 -0.03075035 -0.12488458  0.03771642
 -0.11362452  0.03280732  0.04626056  0.11195192  0.03860436  0.07458833
 -0.06484882  0.02423799  0.05245744 -0.0270359  -0.02507279 -0.01704739
 -0.01333658 -0.01157136 -0.01597159 -0.03692444 -0.01204059 -0.05705262
 -0.01508726 -0.11863172]
present    [ 0.80499377  0.13538409  0.16470966  0.14764903 -0.156944   -0.01737633
  0.06583379 -0.05691485 -0.03544407  0.02453944 -0.09110083  0.04147102
  0.02129523  0.02960678  0.02613346 -0.0149003  -0.00592578 -0.02931787
  0.04132176  0.00128353  0.01707684 -0.00801023 -0.04519814 -0.00738186
  0.01020173  0.00985242 -0.03349455 -0.04039087 -0.05163796 -0.00128583
  0.04236978  0.04419963  0.0098146   0.10040331 -0.05200934  0.00087196
 -0.0601235   0.01036259  0.02465223 -0.0019413  -0.01086006  0.00535369
  0.03752235  0.00312302  0.04109823  0.04041104 -0.06256613 -0.04609891
  0.0829236  -0.03261503]
behind    [ 0.70803119 -0.08679624  0.02820287  0.0509542  -0.1591186   0.02283785
 -0.04188606  0.09684328 -0.02624009 -0.027704    0.01723811  0.00175967
 -0.01025912  0.0519328  -0.00644099 -0.09088731  0.04984339 -0.07356793
  0.03853268 -0.04754469 -0.07861327 -0.05192559 -0.10444591 -0.01575762
 -0.00697333  0.02680278 -0.01780689 -0.02854793 -0.01870926 -0.00569384
  0.03839788  0.07534855  0.0185938   0.0091902  -0.12156046  0.02688185
  0.071456   -0.06861142  0.0110545   0.02028468 -0.04741422 -0.05966839
 -0.04082597  0.01854917 -0.02349857  0.12117386 -0.0299643   0.04450266
 -0.02755884  0.01701341]
able    [ 8.15894362e-01 -1.68418132e-01 -1.64408671e-01 -8.54597176e-02
  3.67610992e-02 -8.73891381e-02  1.06596174e-01 -1.16075012e-01
  2.16906245e-02 -1.00818896e-01  9.07721171e-03 -4.99368585e-02
 -2.19046780e-02  1.62468382e-01 -3.57671222e-02  5.62237205e-03
  4.81703581e-02 -1.04758525e-01  3.77873845e-03  9.20807865e-02
  7.75532225e-02 -5.57852652e-02 -1.39300860e-02 -3.62052297e-02
 -6.82929729e-02 -8.85577091e-02  3.28668513e-02  6.98895986e-02
  5.20022034e-02  2.07078176e-02  3.26072260e-02 -5.92997302e-02
 -3.23468814e-02 -7.23122890e-02 -1.84082348e-02  2.52840122e-02
 -8.16591226e-03  3.26256959e-02 -8.85397568e-02 -4.73339062e-02
 -1.24299343e-03  1.18508969e-02  2.18136389e-02 -2.78313132e-02
 -5.16050049e-02  2.96960310e-04 -3.60469370e-02  2.79993133e-02
 -3.05884317e-02 -4.63582330e-03]
realize    [ 8.98104508e-01 -2.04737579e-02 -1.66167590e-01 -6.02041644e-02
 -8.41150613e-02  8.23806441e-03  1.36430902e-01 -5.58183009e-02
 -1.57147172e-03  2.02793721e-02  3.51222892e-02 -7.90770881e-03
  7.42204017e-02 -9.06454055e-02 -9.43625359e-02 -3.25821457e-04
  4.05957867e-02  8.50612143e-02 -6.07659316e-03 -9.49074665e-03
  3.00628213e-03  5.04199694e-02  1.07819970e-02  1.90406500e-02
  2.90847377e-02  7.50847657e-02  4.70980466e-02 -4.58012668e-02
  5.87942677e-02 -3.42108462e-03  3.84213519e-02  2.96664278e-02
  2.34560487e-02 -5.54337332e-02 -6.75560928e-02  1.70198339e-02
 -3.57702172e-02 -3.22031634e-02  2.02354964e-02  2.28457585e-02
 -1.89322592e-03  2.07096098e-02  1.82360141e-02  4.54175296e-03
 -1.39252258e-02 -1.95945025e-02  1.50493354e-03  6.86919068e-03
  1.19946239e-02 -5.77615586e-03]
daughter    [ 0.64376654 -0.43776001  0.01774761  0.13134368  0.01298738  0.05977905
 -0.10268619 -0.14992189 -0.0975903  -0.02357771  0.03718999  0.01811787
 -0.09300353 -0.05042739 -0.24020729  0.10604979 -0.02654927  0.0053059
 -0.02268009 -0.02562116  0.05874198  0.00929787  0.1024893   0.04667375
 -0.02977754  0.00266076 -0.11140767  0.04335657 -0.03731293 -0.00443468
 -0.00751396 -0.03199448  0.00345242  0.01977619  0.02399868 -0.06339825
  0.08096466 -0.03224814  0.02011653  0.04870708  0.0086356  -0.06257453
  0.04660708  0.03284227  0.01002339 -0.0025973   0.04002927  0.01765146
  0.0412998  -0.03365636]
stay    [ 0.64684424 -0.06867144 -0.13068036  0.03634085 -0.13017052 -0.00496986
 -0.04180917 -0.03766629  0.08525482 -0.0701689  -0.06423701  0.02061619
 -0.01032244 -0.06137764  0.00828543 -0.09729856  0.04840941  0.03781026
  0.02286544  0.1072666   0.01933293 -0.09150403 -0.06745362 -0.01232588
  0.05592616 -0.04911867 -0.0954827  -0.06517748 -0.10646123 -0.01544386
 -0.09464476 -0.1229741   0.00525318  0.00883389 -0.10903711 -0.01492537
  0.13796263 -0.06313774 -0.12893175 -0.07008257  0.05794871  0.00361261
  0.1700748  -0.02867801 -0.0231338  -0.07033009  0.14466341  0.10820807
 -0.04962951 -0.1598517 ]
event    [ 7.47138427e-01 -2.34579350e-02  1.87640292e-02  1.27177420e-01
 -9.62697919e-02 -4.19810286e-02  1.15179136e-01 -1.53322192e-02
 -4.99579976e-02  7.42567127e-02 -1.88129835e-03  1.10271204e-01
  2.42564655e-02  2.28923610e-02  7.88962412e-02 -2.06158111e-02
  8.96260797e-02  5.97260410e-02 -2.54860280e-02 -6.19031366e-02
 -4.46890327e-02  3.36929984e-02  6.13034759e-03  6.52727962e-02
 -3.33651528e-02 -8.67195786e-02  6.85686705e-02 -1.09982650e-02
  6.94593131e-02 -5.11838550e-02  1.31793401e-01  6.34384705e-05
  5.33282633e-02  2.43812917e-02 -3.16375577e-02  6.42922006e-03
  1.57056344e-02 -2.40883890e-02  3.34732445e-02 -1.77784450e-02
 -6.38614160e-02 -3.83085059e-02 -1.16947797e-02 -8.22848176e-03
  3.87428598e-03 -7.32862929e-03  2.93739307e-02 -2.87544529e-02
 -9.23313408e-02  3.85869133e-02]
today    [ 0.81194099  0.11671975 -0.14587181 -0.00979747  0.04402338 -0.11927544
  0.04004571 -0.07022022 -0.04337825  0.04937591 -0.10387806 -0.07382854
 -0.00497569  0.02276669 -0.05155735  0.02734151  0.06333335 -0.07667471
  0.01788477  0.05709266  0.10130238  0.04342095  0.02487183 -0.01778145
 -0.01876996 -0.01509579  0.04876049  0.07802748 -0.01324134 -0.00921873
  0.02298254 -0.04068234 -0.00217282  0.06309171 -0.00934341  0.04374006
 -0.03084879 -0.03965083  0.00205151 -0.11908205 -0.0159432  -0.03273931
  0.01368221 -0.00671188  0.01953889 -0.07482292 -0.03527272  0.04321871
 -0.0193657   0.01016172]
credit    [ 6.05946299e-01  1.65450027e-02 -1.12020093e-02  2.94860281e-02
  2.62210801e-02  4.21384507e-02 -2.27958877e-03  6.75975029e-02
  3.78990840e-03 -2.62261463e-01  5.51046684e-02 -1.43032146e-02
 -9.30170008e-02  1.60394768e-01  1.49782729e-02 -1.07369134e-01
  2.79025393e-02  1.67760195e-01  1.44130610e-01  1.07643927e-01
 -1.94878297e-01  1.40944068e-01  2.00006276e-01  5.71324013e-02
 -1.87637307e-02  1.26553091e-01  2.87336455e-03 -4.98903656e-02
  1.38370896e-02 -7.61592842e-02 -5.33995368e-02 -4.73932598e-02
 -2.90699756e-04 -5.10661253e-02 -1.63365122e-02  3.09221710e-02
  5.33445407e-02 -2.18517423e-03  4.84697146e-02  1.40008921e-02
 -5.10522771e-03  1.98608050e-02 -4.23176647e-02  2.29455291e-03
  7.59036818e-02  1.95922308e-03  2.79933486e-02 -2.35613302e-02
 -3.09065029e-03 -3.54146003e-03]
hero    [ 0.86281916 -0.15080485  0.10744074  0.03664877 -0.03727601  0.00901435
 -0.06014896  0.02586132 -0.02628321  0.02138817  0.04297866 -0.00164689
 -0.05419264  0.02780653 -0.02223755  0.03241959  0.01402552  0.10324836
  0.02734423 -0.00160217 -0.01184659  0.00134988  0.01931364 -0.02175063
 -0.01189508 -0.00573001  0.0516894  -0.05648765  0.01664197  0.04298316
 -0.04092369  0.01058965  0.06222133 -0.02561421  0.03201305 -0.05480164
  0.02103956  0.00725662  0.02331971 -0.01790042 -0.04347311  0.0270446
 -0.03408122  0.00567921  0.0170204   0.02558179  0.02550988  0.01737256
 -0.00581102  0.00325969]
city    [ 4.13582305e-01 -1.86640142e-01  5.82259533e-02  8.61763400e-02
  1.61029682e-02 -1.10778061e-01 -1.77474678e-02  5.34358257e-02
 -8.26783459e-02  6.30624391e-02 -7.06955808e-02  6.74933511e-02
  7.44732524e-02  1.34951672e-03  5.60267863e-02 -3.84272818e-04
  1.24523804e-01 -6.42896799e-03 -4.71178089e-02  6.49842497e-02
  2.03964882e-02  4.31092308e-02 -2.46496372e-02 -3.54637329e-02
 -2.91932015e-02  3.39983462e-02  8.99612805e-02 -8.03680073e-02
 -4.65250452e-02  1.35091964e-02  4.47946610e-02 -1.65104598e-01
 -1.95484311e-02  1.42229958e-01  2.36790608e-01  8.87751944e-02
 -5.52410497e-02 -5.80942445e-02  3.51085605e-03  2.65494885e-01
  3.87163387e-01  1.48159077e-02  7.13615655e-02 -2.06505647e-01
 -4.63632330e-02  2.45392199e-01 -5.21460231e-02 -5.53916769e-02
  8.21957117e-03  1.07539405e-01]
theme    [ 7.84004503e-01  1.89690809e-01  9.48963308e-02  6.69473423e-02
 -6.69798775e-02 -1.93690175e-03 -8.41730603e-02 -1.22379206e-02
 -4.28557767e-02  3.73293822e-02  2.38330841e-02  3.73001430e-02
  3.98476338e-04 -2.14576805e-02  6.75835674e-02  4.12620757e-02
 -2.14117537e-02  1.82837458e-02  5.62186355e-02 -1.05008611e-02
  5.19747225e-02  4.62980295e-02  3.48063999e-02 -1.37073776e-02
  1.06495646e-02  1.07243966e-01 -4.49021537e-02 -1.15938887e-02
  3.03474696e-02 -2.94382894e-02  1.38194605e-01 -2.31826359e-02
 -6.41796688e-02 -3.45136418e-02  5.97003102e-02  5.22538185e-02
  1.14450668e-01  1.72111283e-02 -2.82196249e-02 -5.04504520e-02
  2.31540059e-03 -4.05342707e-02  6.55711303e-02  9.49175100e-02
  1.34536425e-02  9.39098165e-03  2.89077246e-02 -2.87822641e-02
 -2.68119609e-02 -1.68249393e-02]
walk    [ 0.67294067 -0.17122874 -0.13951095  0.03557618 -0.12871942  0.05681248
 -0.05637721  0.01504945  0.05780832  0.0514718  -0.05473244 -0.10502171
  0.04946747 -0.041863    0.10733181 -0.09191345  0.03152827  0.01426313
 -0.05973487  0.11979118 -0.08288789 -0.11686771 -0.05002507 -0.02799165
  0.10967793  0.00431935 -0.02180815 -0.11106279 -0.03973077  0.00795338
 -0.08934304 -0.09924095  0.01667965  0.04865262 -0.11885203  0.04929552
  0.14860433 -0.09336118 -0.08091876 -0.0852965   0.04089343 -0.02262651
  0.11204783 -0.044515   -0.01111283 -0.09295789  0.11436626  0.08436257
 -0.1261494  -0.09521065]
close    [ 6.33966072e-01 -1.41056462e-01 -5.40226506e-02 -1.22550768e-02
 -6.96834848e-02 -2.01656550e-02 -2.80665705e-02  1.94320818e-02
 -2.82624430e-02 -1.34054615e-01 -3.44988819e-02  1.90349167e-02
 -5.84842023e-02  6.71678238e-02  2.03219398e-02  1.81345237e-02
 -1.37588520e-02 -4.16238336e-02 -8.15875420e-02 -1.51097238e-02
  1.60102201e-01  2.83284260e-01  1.64836974e-02 -1.08414503e-01
  5.46229491e-04  1.60462219e-01  4.94238094e-02  1.99112927e-01
  1.95686888e-02  2.30121211e-01  4.77901408e-02  8.10278725e-02
  2.84629052e-01  1.88147345e-02 -1.58688499e-01  7.10185394e-02
 -4.78750301e-02 -1.45108730e-01 -4.60167597e-02  1.46515405e-02
 -1.16186979e-02 -9.04217857e-03 -2.88126109e-03 -1.35721431e-02
 -5.07364190e-02 -1.00214097e-01 -1.82101368e-03  7.66298079e-02
  7.47223305e-02  5.17770043e-02]
sometimes    [ 8.06952460e-01 -6.61855394e-02  4.57005062e-02 -1.60981502e-01
 -1.85890808e-02  5.34998704e-02  5.19924626e-02  6.21764920e-02
 -6.02287861e-02  9.01727100e-03 -9.83546453e-02 -1.44636825e-02
  6.27250762e-03 -1.63125116e-02  1.47078137e-02  6.77742984e-02
 -5.99242888e-02  3.87559464e-03 -2.19278488e-02 -2.17588655e-02
  4.25306634e-03  5.11034117e-02  5.21291029e-05  7.81980799e-03
  4.45028825e-02  1.19146117e-02 -5.05126313e-02  7.82820788e-02
  1.31400981e-02  1.34668304e-02  4.78518263e-02  1.30129094e-03
  4.69126307e-02  4.65109252e-02 -2.40454077e-02  7.84399672e-02
 -4.12878371e-02  1.20878067e-02  3.86254451e-02 -1.07837234e-01
 -1.20599970e-02  1.38606136e-02 -1.64933103e-02 -4.85880565e-02
  8.32989978e-03 -5.18576563e-03 -2.29282322e-02  1.66740663e-02
 -6.12341954e-03 -4.13019377e-03]
pay    [ 6.09858680e-01 -9.58399461e-02 -1.95922969e-01 -9.30603776e-02
  1.71268716e-02 -5.44720158e-02  5.86630264e-02 -5.31374599e-02
  3.64165708e-03 -1.23205505e-01 -3.67734362e-02 -8.17227512e-02
  1.65222786e-03  1.54084319e-01 -6.04321869e-02  8.15730217e-02
 -4.51397591e-02 -1.11023854e-01  4.91265788e-02  4.18032335e-02
  2.63655095e-02 -2.68574654e-02 -2.36958661e-02 -7.19640299e-02
 -7.60822931e-03 -1.70532841e-02  8.13743496e-02 -2.07653085e-02
  4.27240027e-02  1.16798417e-02 -3.80306720e-02 -5.77250911e-02
 -5.53653588e-02 -7.19489470e-03 -2.00930161e-02 -2.02687041e-02
 -1.50768835e-02 -4.67339902e-02  5.29738940e-03  4.58346075e-03
 -6.06443370e-02  2.73003158e-02  8.62730794e-02 -5.50760026e-02
 -3.65432817e-02 -5.30643681e-02  5.27339255e-04 -1.62525826e-02
  6.08365313e-02  4.97655089e-02]
break    [ 0.80064409 -0.27456688 -0.06127073  0.03742307 -0.0503542   0.03141273
  0.02737559  0.07170403  0.04188636 -0.14244958  0.03509365 -0.02276638
 -0.01903955 -0.02542124  0.11961995 -0.04155461  0.0288408   0.00756654
  0.09751642 -0.02815503 -0.05719708  0.01175315  0.06108661  0.04745381
 -0.01839152  0.04563345 -0.06669191 -0.048985   -0.00457197  0.01689539
 -0.01640372 -0.11060414  0.03062068  0.03748203  0.01580564  0.01370275
  0.00328727 -0.04968463 -0.0492285  -0.00425748  0.01097205  0.01214168
 -0.0071263   0.00943024  0.02561474 -0.01197013  0.00282439  0.01705013
  0.00716304  0.00787775]
support    [ 0.4138066   0.04000855  0.35160173 -0.0188277   0.17437308  0.07655496
 -0.0400159  -0.22684539  0.04821189 -0.16471288  0.05353214 -0.19177236
  0.19125699  0.00679053 -0.02125925 -0.08974132  0.08391063 -0.03159596
 -0.00804614  0.13095895 -0.11852221 -0.04399527 -0.14938821  0.22805387
  0.20973363 -0.03286788  0.25151269  0.20015455 -0.06897611  0.17712406
  0.07043472 -0.05691727 -0.01894858  0.00663049  0.03912661 -0.09958531
  0.07561557 -0.06382066  0.06769607 -0.00166499  0.03905987 -0.00357157
 -0.11865395  0.08670161 -0.05983336  0.0009234   0.02627265 -0.04692002
  0.10239954 -0.03240408]
feeling    [ 7.78470620e-01 -1.32174563e-01 -8.52797851e-02 -4.34126814e-02
 -5.91584650e-02  4.10417319e-03 -1.50849097e-02  5.11779777e-02
 -8.38058680e-02 -2.18366415e-01  7.00198218e-02 -1.00585153e-01
 -2.85510960e-02  9.60091072e-02  1.56211842e-01  1.78899190e-01
 -7.87113559e-02 -1.63220305e-03  1.53724394e-01 -4.35542155e-03
 -6.10036580e-02  2.25101012e-03 -2.73094073e-02 -8.27156588e-02
  6.47744495e-02  7.74222420e-03 -7.86364281e-02  8.08752591e-02
  6.61288044e-02  1.08845146e-02  3.20395895e-02  6.42552902e-03
  3.27841888e-03 -4.24079759e-02 -1.40669039e-02 -2.35815435e-02
  1.57359911e-02 -2.80723539e-02  6.01995675e-02 -2.90908456e-02
 -5.92177197e-02 -7.70604849e-04  3.55095026e-03  3.90063068e-03
 -1.48175045e-02  1.40856252e-01  4.69956007e-03  3.19889814e-02
 -2.28475024e-02  2.94733941e-02]
question    [ 5.97793487e-01 -7.90905279e-02 -7.15011897e-03 -6.28740359e-05
 -4.94602236e-02 -9.01065228e-02  5.81497176e-02  3.64778453e-03
  8.84738727e-02 -2.82451992e-02 -8.46384813e-04 -1.83962708e-03
 -8.90472938e-02 -2.51393096e-02  1.04774317e-02 -1.15999829e-02
  2.60803932e-03  4.90638533e-02  1.93676271e-02  1.05870400e-03
 -4.13671595e-02  2.76864761e-02  1.38580783e-02 -2.42065300e-02
 -6.01751945e-03 -1.52524894e-02 -2.15298769e-02  4.01861187e-02
 -1.02926624e-02  6.31944057e-02  7.34215019e-02  6.90240510e-04
 -4.30344447e-02  2.64429978e-02 -2.89263249e-02 -1.37843570e-02
  1.99508496e-03 -7.36545012e-02 -2.43452831e-02  2.24780538e-04
 -5.13183417e-02 -2.23511312e-02 -3.90066416e-02  2.55795906e-02
 -2.03609910e-02  3.15631812e-02 -4.60152913e-02  3.91972891e-02
 -4.15368236e-02  6.07620564e-02]
le    [ 0.81023246  0.04215188 -0.00202694  0.01089513  0.02700541  0.05646753
  0.2381963  -0.01782255  0.02351781 -0.01012069 -0.08538213 -0.02181603
 -0.04070112 -0.05285068 -0.00466647  0.00136728 -0.03057878  0.05308534
  0.09396125 -0.03731775  0.05441743  0.07660075  0.09739965  0.00162551
  0.03308192 -0.04844304  0.04323884  0.02901442  0.00346287  0.00783886
 -0.0721935   0.04885179 -0.13312222 -0.01099577 -0.05659535  0.04987215
  0.09104977 -0.05776     0.13630804  0.03659903  0.04739252 -0.01921042
  0.00082034 -0.0565309   0.01996043 -0.03823579 -0.02518505 -0.01631602
 -0.01448048 -0.10096979]
forget    [ 0.83244923  0.03720668 -0.11605206 -0.03976203 -0.03906934 -0.02824117
  0.09699135 -0.08677723  0.12547262  0.02659102 -0.00976207  0.02089372
 -0.00716801 -0.07410962 -0.06039349 -0.04833026 -0.01401489  0.00634138
  0.00242993 -0.02509701  0.00594092  0.01232123 -0.01378017 -0.01718362
  0.04706455  0.06840343 -0.00863594 -0.01774265 -0.01380373 -0.04731739
  0.00166493 -0.01846948  0.01828538 -0.05038343 -0.02336684 -0.03275791
 -0.03776441 -0.00884226 -0.05024149 -0.02264235 -0.04172624 -0.02913407
  0.02474773 -0.02084768 -0.01261784  0.08664155 -0.0198166  -0.01066415
  0.04335046  0.04055748]
rent    [ 7.45031775e-01  2.06844929e-01 -4.00755028e-01 -1.00144905e-01
 -4.90616441e-02  6.29901265e-02 -1.71791247e-01 -1.22855543e-01
 -2.15472245e-02 -1.62809466e-02  8.00062032e-02  2.31234638e-02
  1.21628603e-01 -2.69125997e-02 -3.49621353e-03 -1.30133942e-02
  7.89116502e-02  4.08420384e-02 -5.43831668e-02 -4.32836290e-02
  9.33939389e-02 -3.71358196e-02 -4.24117468e-02  5.40059997e-02
 -4.78941388e-02  8.76475634e-02  3.00704047e-02 -3.09790504e-02
 -5.21597839e-02  8.54694092e-03 -4.17683458e-03 -2.41458852e-03
 -4.39973241e-02 -4.49507276e-02 -6.07568069e-04 -6.32256846e-02
  9.99556150e-03 -6.15658662e-03  4.61730777e-02 -4.38127291e-02
 -1.19040167e-02  6.59252228e-02  1.70873417e-02 -8.09240106e-02
  2.03271115e-02 -2.53070332e-02 -3.49892464e-02  8.93071955e-03
 -1.22691383e-02  5.36355088e-02]
horrible    [ 0.75302186  0.28752208 -0.09999976 -0.17112511 -0.04239646  0.15879323
 -0.09675236 -0.00755415 -0.03785771 -0.05508893  0.0931615  -0.0244113
  0.10227709 -0.1056976  -0.04808947 -0.06789754  0.05518639 -0.06309915
 -0.13556992 -0.02927899 -0.05659807 -0.0015259   0.07400364 -0.07800797
 -0.02937956 -0.04622975 -0.04418687  0.07021175  0.05351814  0.0098535
 -0.0350236  -0.04442958  0.01597396 -0.02472698  0.03745178 -0.03659181
 -0.01832401  0.00902426 -0.01067922 -0.01417161 -0.01807036  0.00246396
  0.08978907 -0.03298077  0.00509283  0.01108936 -0.0280786  -0.00913707
 -0.07069292  0.02579202]
light    [ 8.47941456e-01 -1.05451421e-02  4.36081218e-02  5.55787649e-02
  2.98415530e-02 -3.20897723e-04  6.63564219e-03  1.41344711e-01
 -5.11020468e-02  5.48635597e-02 -7.58738387e-02  4.26520629e-02
  1.67486880e-02  9.44571518e-02 -2.47620531e-02 -4.31065361e-02
  3.42927542e-02 -7.10707543e-02 -3.47293980e-02  3.36600192e-02
  2.11162206e-02  1.03391021e-01 -7.01495182e-02  4.04966530e-02
 -1.40471155e-02  5.91465832e-02 -4.44454224e-02  3.86236132e-02
  3.05291769e-02  2.52784838e-02 -8.07954501e-02 -2.88655431e-02
  6.54289973e-02 -3.29817939e-03 -3.50707509e-02 -2.64422289e-02
  3.81656348e-02  5.66001960e-02 -3.93087493e-02 -4.47945157e-04
 -1.91161170e-02 -1.78070661e-02  2.80794584e-03 -3.55687679e-03
 -7.54938391e-02  1.58012445e-02 -8.40769670e-02 -6.50245665e-03
  9.78153511e-03  1.33049251e-02]
open    [ 0.74369624  0.13252728 -0.05977916  0.17155746 -0.11975374 -0.10870884
 -0.0748096   0.08702345 -0.04044848 -0.04405913 -0.05583304 -0.0647488
 -0.02307923  0.07733453 -0.04558692 -0.01804006  0.01107913  0.0714874
 -0.04142361  0.00677188 -0.01017134 -0.03448854 -0.0309375   0.00255699
  0.03977962  0.03132965 -0.08358611 -0.02232591 -0.00296681 -0.02274536
 -0.04187264  0.03625633  0.01861714 -0.00846596 -0.01054416  0.01160955
  0.05404104 -0.05037159 -0.0293696  -0.02036664 -0.02509108 -0.01222481
 -0.0227499   0.05196828 -0.05438744  0.10819391 -0.059278    0.02034875
  0.00288013  0.06264737]
soon    [ 0.71058065 -0.27004611 -0.10346256  0.07604156 -0.1227115  -0.04348975
 -0.04156151  0.02854157 -0.08892623 -0.18479681  0.0514697   0.08965737
 -0.02045601  0.11669125 -0.03958636  0.04031036  0.02500312  0.0567423
 -0.13134065  0.05763608  0.07107835  0.0151587  -0.0072707   0.01730166
 -0.05250089  0.02505659  0.01910897  0.07946146 -0.06297652  0.125522
  0.0330164   0.02979863 -0.00948874 -0.05705363  0.04857454 -0.0160071
 -0.0113245   0.0703575  -0.01097409  0.00923777  0.04759261 -0.04202661
 -0.11692469  0.02566778  0.05013552 -0.04628178  0.05257425 -0.10268694
 -0.11977948 -0.08492071]
stuff    [ 7.82508042e-01 -1.70916289e-01 -5.03878326e-02 -3.26301331e-01
  1.63996034e-01  6.94261872e-02  9.38675321e-03  9.75224263e-02
 -1.01651013e-01  1.82436822e-01 -1.34539929e-01  2.04886913e-04
 -4.84236102e-02 -1.07937701e-02  3.48734056e-02  3.11449206e-02
 -6.06708482e-03  8.53458251e-02  9.99142030e-02  4.31708342e-02
 -1.63120962e-02 -3.23530437e-02 -6.60309763e-02  3.61681455e-02
 -2.23798599e-03  1.97276150e-03  4.46032291e-02  6.49406061e-02
  2.54155660e-02 -5.27807804e-03  1.65047409e-02  4.82283581e-02
 -2.62308427e-02  1.58554987e-02 -7.78063122e-03 -1.43396546e-03
 -3.28107319e-03 -4.07543375e-02 -2.56581019e-02  4.32046647e-02
  3.05267696e-02  1.60692011e-02 -2.90174702e-02 -5.52885890e-03
  1.08915699e-02 -4.05323494e-02  8.02714559e-03  5.31162217e-03
 -4.33541688e-02  1.51351003e-02]
overall    [ 8.42768796e-01  4.05319375e-01 -7.84238385e-03 -6.50397672e-02
  3.14920982e-03  7.22718241e-02 -1.31776181e-01  2.87932392e-02
 -7.68432705e-02 -8.26785484e-02 -2.11808119e-02  5.15973163e-02
 -6.71359706e-03 -2.40475548e-02 -3.63002595e-04  6.82434156e-02
  1.97767802e-02  1.03908839e-02  2.85636581e-02  3.10839391e-02
 -2.05520558e-02 -5.59273342e-02  7.73810605e-03  6.22874401e-02
 -5.49818368e-02 -2.68802931e-02 -2.10057489e-02 -3.97770770e-02
 -3.37411930e-02 -2.85823364e-03  1.09971160e-02  5.99839895e-02
 -2.16770725e-03 -1.86158886e-02  1.09515264e-02  2.17335365e-03
  8.37839604e-03 -3.22570095e-02  3.42972361e-03  3.41777850e-03
  1.87574984e-02 -2.58402574e-02  1.09454375e-02  1.63944564e-02
  6.38441982e-03 -6.42201991e-03  1.46561962e-02  2.25053916e-02
  1.34221634e-02  3.82136437e-03]
chance    [ 0.62185355 -0.18498878 -0.20555812 -0.06841219  0.10098239  0.03159359
 -0.01024297  0.00538931 -0.11444871 -0.32265719  0.15278018 -0.07894317
 -0.04663711  0.27945965  0.18745767  0.1471891  -0.00922103 -0.12975896
  0.2127397  -0.08082926 -0.11996636  0.01383018  0.06710934 -0.00550787
 -0.01720823  0.01376541 -0.00416626  0.00434977  0.09768074 -0.02087789
 -0.03726146 -0.05758232  0.04722029  0.02030445  0.02713966  0.01862788
  0.01324241 -0.0416698   0.01123562 -0.00494825  0.01691978  0.00142305
  0.04327574 -0.04607398  0.03633451 -0.00784337  0.01342727 -0.03172886
 -0.00250937  0.03218517]
score    [ 0.58328369  0.11937462  0.10342864 -0.02204846  0.16771466  0.02653655
 -0.05625919  0.07434717  0.05844797 -0.08852672 -0.07085923  0.01209995
 -0.01576091 -0.03513262  0.09561434  0.01776385  0.06325663 -0.07279581
  0.05520049  0.03775773  0.01470934  0.05132981  0.13472916  0.03817135
 -0.05562473  0.20882528 -0.11003436 -0.07641643  0.03030792 -0.03405137
  0.07546609 -0.07189113 -0.0756684  -0.02346919  0.09715532  0.11741688
  0.03597095 -0.03897904 -0.05591227 -0.04269934 -0.03202877 -0.0456647
  0.01658937  0.06690651 -0.06941831 -0.05517956  0.02235474 -0.06397018
  0.0014627  -0.01978897]
throw    [ 0.77488782 -0.15683659 -0.0010745  -0.03228525 -0.12518529  0.08597711
 -0.01641869  0.10312967  0.07754755 -0.03908118 -0.06470764 -0.08202366
  0.00240187 -0.06417177  0.03027737 -0.02876224  0.0027285   0.0192529
  0.1162496   0.02201791  0.01589343 -0.11522686 -0.09191464 -0.04063595
  0.05252139 -0.00873668 -0.03712927 -0.017809   -0.09152952  0.01180316
 -0.00870678 -0.08633227 -0.04104899  0.03265224 -0.05768941 -0.02188174
  0.12234871 -0.0775123  -0.13236052 -0.04972206 -0.0012641   0.01901105
  0.07928463 -0.06031692  0.02062023 -0.05389808  0.06975749  0.05487982
 -0.01723193 -0.10238133]
talent    [ 0.7165443  -0.03498609  0.17004993 -0.11531157  0.19070122 -0.02620887
  0.04768427 -0.04276849  0.01405919 -0.06999894 -0.04035794 -0.00514677
  0.12539825  0.02073164  0.01013767 -0.04506015  0.12277738 -0.04443023
  0.04913329 -0.03991659 -0.07800582  0.0874179  -0.00272881 -0.1110161
  0.08066278 -0.07669076  0.01080948  0.13886743  0.10310697 -0.0702956
 -0.12162438  0.03425415 -0.02511903 -0.06247886  0.03188147 -0.03545699
  0.08109357  0.02810914 -0.05791974  0.08656724  0.02383887 -0.00871838
  0.03057452 -0.06320977 -0.0232296  -0.05943341  0.02620875 -0.04602066
 -0.07445099  0.0533826 ]
brilliant    [ 0.84981794  0.24328678  0.18180445  0.06038214  0.06200776 -0.01626348
 -0.05269832 -0.05783367 -0.01112697 -0.08417065  0.0705486  -0.06726159
  0.04263203  0.03667095 -0.06871439 -0.08405511 -0.00863292 -0.06347802
 -0.02147353  0.02055264 -0.07974563  0.01080222 -0.01522594 -0.01473894
  0.06188285 -0.00249056 -0.06181874  0.03957005  0.02510371  0.00918611
 -0.00339411 -0.00954415  0.03427847  0.02904685 -0.0264933  -0.03657247
 -0.01937817  0.02201617 -0.04189947  0.00881605  0.04877221 -0.01907641
  0.03270208 -0.0063117   0.04208366  0.00206392 -0.06080387  0.0045264
 -0.06217304 -0.01459181]
element    [ 8.09718151e-01  2.82405254e-01  1.78969571e-01  9.14370225e-02
 -8.25441152e-02 -1.49060529e-01  1.23138985e-01  8.19122996e-02
 -8.52462112e-02  2.96087140e-02  5.19657856e-02  1.31939315e-01
 -1.28509647e-01 -4.50407286e-03  4.02148613e-02  1.74592618e-02
 -5.77616045e-02 -4.87632583e-03  9.51679845e-03 -2.78073904e-03
  2.97884856e-02 -3.73930367e-02  8.12013202e-03  2.87570320e-02
  1.07833478e-02 -2.05543929e-03  5.80055863e-02  8.15291855e-03
 -3.64978024e-02  8.55787137e-03 -1.95473347e-02 -5.32537138e-02
  1.45886495e-02  4.31005995e-03 -6.61743266e-03 -1.66410880e-02
  6.04629652e-02 -1.23393708e-02 -1.75387027e-02 -3.19025105e-04
  2.98749385e-02  2.18218179e-02  3.45078443e-02  6.23939995e-04
 -2.65459362e-02 -8.51441022e-03  2.03433919e-02 -5.25865086e-03
  7.97673358e-03 -2.47282632e-03]
obviously    [ 0.91231682  0.1107438   0.02310699 -0.00545906  0.01401164 -0.11677064
  0.06694654  0.02767379 -0.03727361 -0.01792651  0.02699233 -0.06965873
  0.02922557 -0.08345137 -0.01823381 -0.00489455 -0.01201267  0.01717389
 -0.04674014 -0.05339003 -0.0176373  -0.02848982 -0.0097898  -0.03002442
 -0.00695051 -0.01292827  0.022824   -0.03587687  0.00154514 -0.02619711
 -0.03361982 -0.00701159 -0.02402627 -0.01984342 -0.02143483 -0.00908037
 -0.02334298  0.01601315  0.01011295  0.05194086  0.00670534  0.01274134
 -0.02312072  0.04286743  0.00765548 -0.03113597  0.02371593  0.03747172
  0.04521442 -0.02764486]
blood    [ 0.67308418 -0.08168938 -0.02032919 -0.03726672 -0.01857222 -0.00592257
 -0.06235834  0.17425434  0.04792914  0.06238527 -0.04550545 -0.0383702
 -0.04933893  0.0045425   0.03732097  0.03057487  0.07542497 -0.04557601
  0.01892432 -0.06496366  0.0414332   0.05367409  0.09649736 -0.00711013
  0.01733989 -0.06656684  0.14664991  0.03196268 -0.04392479  0.06460658
 -0.08872415  0.02634159 -0.07908543 -0.0427937  -0.0784035  -0.06459762
 -0.0455901  -0.05122933  0.01967732  0.04865275  0.01192738  0.00612033
  0.04283105  0.13271923  0.03412768  0.0919643   0.01562298 -0.02848557
 -0.05309304  0.02245761]
except    [ 0.86227554  0.07335441  0.02030551 -0.04815198 -0.0595487   0.09228791
 -0.03989127 -0.04162506  0.16698255  0.0342581   0.07182083  0.02250311
  0.01676475 -0.01243216  0.05668981  0.04527923  0.00573932 -0.01551463
 -0.052984   -0.02506987 -0.04285393  0.02046568 -0.02022847  0.0121427
 -0.02226668 -0.01884361  0.00111667  0.00140846 -0.00487583 -0.00845947
 -0.03466931  0.00342198 -0.10459229 -0.05306277  0.03939698  0.00891017
  0.0183289  -0.01229125  0.05172627  0.07069852  0.00381572  0.0180519
  0.03476971 -0.02405615 -0.00427874  0.03122528 -0.01993322  0.01814104
  0.04018568 -0.03460932]
body    [ 6.18837003e-01 -3.18609341e-01  5.89576142e-02  2.13622305e-02
 -1.72715813e-02 -5.07706059e-02 -3.19590676e-02  6.56140252e-02
 -9.13875540e-03  1.16128040e-02 -2.68318280e-02 -2.16735331e-02
  1.09060330e-02  2.27112650e-02  1.49753896e-02  3.81312759e-02
  1.14428564e-01 -1.25381160e-01 -3.05942133e-02  9.68193261e-03
 -4.62526904e-03  2.05150005e-02  7.89269973e-02  1.45787563e-02
 -5.26415301e-04 -9.66432964e-02  2.98874615e-02 -4.77798127e-02
 -5.76816134e-02  8.43420767e-03 -2.74623973e-03 -1.21940511e-02
  9.78417456e-03  2.45761225e-03 -2.15230705e-02 -6.44801339e-03
  4.74585779e-02  4.11208339e-03 -1.46434052e-02 -3.97265373e-02
  1.06424461e-01 -6.74183793e-02 -2.25590417e-02  5.51796230e-02
 -1.44712726e-02  2.54955667e-02 -6.16033860e-02  9.95162417e-03
 -1.35829715e-01  2.85171006e-02]
power    [ 7.91675449e-01 -1.79725930e-01  4.13943438e-02  4.77397682e-02
 -1.67501508e-03 -9.42253613e-02  2.17605951e-02  2.77589793e-02
 -1.14961195e-01 -6.17689062e-02 -6.06519815e-02 -2.22152431e-02
 -1.25348266e-02 -2.28214646e-02  6.09053515e-02 -3.13031099e-02
  8.89326107e-02 -2.87712197e-02  1.31051094e-01 -8.08630641e-02
 -4.29503850e-02  5.68839905e-02  6.23554406e-02 -4.00845832e-02
 -2.17335441e-02  2.95930170e-02  4.60324881e-03  5.67709239e-03
  5.80596319e-02  1.11322754e-02 -1.07040926e-04  2.99423122e-02
  3.51121009e-02 -8.42594166e-02  2.40711571e-02 -8.91980156e-03
 -6.82848893e-03  1.77604367e-02  6.36629756e-04 -7.43958547e-03
  5.88372946e-02  7.45985571e-02  4.37485772e-02  1.16198232e-01
 -1.85043731e-02 -1.57453120e-02 -3.14951155e-02  4.27540295e-03
  2.92136892e-02  3.26526768e-03]
order    [ 0.7779984  -0.29704678 -0.05918053  0.01591895 -0.03834038 -0.096628
  0.09592632  0.10596133 -0.14874301 -0.15511536  0.16280889  0.00804984
  0.04739832  0.01812348  0.06718778  0.07690136  0.00828781 -0.04584577
  0.05440985 -0.02909979  0.01277917 -0.04661191 -0.00561234 -0.0263611
  0.01035333 -0.00848797  0.03150212  0.00168709  0.01766081  0.00936608
  0.05268211 -0.06637402 -0.03440014 -0.02509512  0.01540004 -0.03566795
 -0.02332933  0.01390769  0.06533368 -0.0407455   0.02334464  0.0024664
  0.02003091 -0.01129696  0.02643519  0.03504684 -0.0359916  -0.04068971
  0.01197392  0.01911778]
god    [ 0.71959743 -0.14934517 -0.14281702 -0.16753113 -0.02325553  0.01793935
 -0.06640459 -0.09737623 -0.0764856   0.03838992  0.01985934 -0.00721756
  0.00670861 -0.05557079 -0.06573147 -0.02862219  0.04157269  0.02635826
  0.02381659 -0.09478108 -0.15038975  0.05078693  0.01882015 -0.00627181
 -0.01175903  0.01071739 -0.07840309 -0.04531757 -0.00224221  0.04088552
  0.04039318  0.04413878 -0.01136525 -0.07130905  0.05105495 -0.03661428
  0.05956624  0.04819294 -0.01391037 -0.05269181  0.0275283  -0.05244471
  0.01604583  0.00116168  0.09782902  0.03268715 -0.06997277  0.03823607
  0.02939648 -0.00393175]
decent    [ 0.83762847  0.19738545  0.11559213 -0.10789139  0.03212339  0.10868822
 -0.00451385  0.04070887  0.01377905 -0.13014339  0.09323194 -0.05526438
  0.03864995 -0.08547504 -0.05718585 -0.08091407 -0.01995847 -0.1395643
  0.029548    0.04857689  0.01229707 -0.01740235  0.03417208  0.05562356
  0.00851565 -0.02068348  0.0331224   0.04749674 -0.02159817  0.04212531
 -0.07491138  0.0038402   0.04812402  0.03375713  0.00326353 -0.00201265
 -0.02560936 -0.04351717  0.05980895  0.00923001  0.01094211 -0.00497197
  0.00541564  0.00764873  0.09845258 -0.03957914 -0.02693177  0.02166568
 -0.06743799  0.02688169]
figure    [ 0.78113835 -0.19233768 -0.08144177 -0.08777021 -0.08971225 -0.0129678
  0.04195649 -0.0846137   0.0866983  -0.07101605 -0.09328893  0.03506001
 -0.05304146 -0.06833398 -0.00387404 -0.13626514  0.01385164  0.03155988
  0.00231007 -0.01838211  0.08086787 -0.021716   -0.04758269  0.08938836
 -0.04182708 -0.01689953 -0.02943867 -0.06588318 -0.02262796  0.03930064
 -0.13152719 -0.0016018  -0.00432842  0.06101683  0.03684037 -0.01285169
 -0.06268354  0.1070691   0.07004595  0.0383885  -0.04815902  0.06208312
 -0.04428742  0.0355394  -0.03549852 -0.03330627  0.02126281 -0.02073156
  0.0523086   0.00234384]
group    [ 7.30218678e-01 -2.34058422e-01  2.61948267e-02  7.65945371e-02
 -9.77140708e-02 -1.08306350e-02 -4.43301955e-02 -5.25333528e-02
 -4.31584839e-02  4.21707279e-02  3.40155163e-02 -4.45032423e-02
  1.82171674e-02 -1.20068767e-01  5.97828907e-02  1.68475677e-02
 -3.72674545e-02 -9.06149687e-02 -9.71207385e-03  2.88741810e-02
 -1.19621525e-01 -7.23335059e-02 -8.46124208e-02 -2.82710099e-02
 -6.86798746e-03  8.68031584e-02  1.23679071e-01  7.35267396e-02
  4.09174199e-02 -9.18396015e-02  3.68914440e-02 -4.11494428e-03
 -1.67013409e-02 -4.54843879e-03  4.25539584e-05  1.63383623e-01
 -1.93011134e-02  5.44065162e-02  3.15569635e-02  3.39982357e-02
 -5.76220160e-02  7.16810793e-02 -3.91851862e-02  4.31066618e-02
  2.03146686e-03 -5.30666201e-02  8.40073659e-02  7.70989315e-02
 -4.06796703e-02  8.82919603e-02]
musical    [ 0.56985503  0.03695486  0.05480193 -0.0328132   0.16342621 -0.00771596
 -0.0324962   0.05713896  0.07324777  0.04207321  0.02435734  0.09305366
  0.02476017 -0.02680861  0.04043263 -0.02002792  0.01546289  0.00648836
  0.06879904 -0.02131201  0.02360529  0.05970463 -0.02860575  0.0245458
 -0.01456443  0.15599048 -0.03100373 -0.01706312  0.09675042 -0.01539485
  0.07229471 -0.12501503 -0.0775823   0.03262659  0.01856042  0.01163365
  0.02812187  0.04310374 -0.02157543 -0.06340882 -0.04905072 -0.05871148
 -0.00425017  0.04626456 -0.03997359 -0.05182516  0.06136922 -0.07078217
 -0.04142383 -0.05352233]
late    [ 0.58945848  0.0328764  -0.08934669  0.15565717  0.06750619 -0.03312846
 -0.0563248   0.02005402 -0.02304304  0.0496631   0.05204316  0.07891129
  0.07802043  0.02573406 -0.00291901  0.00070457  0.06056664  0.04981255
 -0.0577759   0.05668842  0.05161532  0.05083708 -0.07860846 -0.05976275
  0.08465617  0.03671442 -0.06799475  0.05768318 -0.01599683 -0.02991917
 -0.06377738  0.03542612  0.04917233 -0.09524336 -0.05934102  0.07851849
 -0.05293403 -0.08466037  0.04014964  0.0538836   0.0329907  -0.09030266
  0.00313249  0.00523387  0.01802937  0.01664655  0.06087702  0.01687719
 -0.01222111 -0.0340442 ]
level    [ 0.78753346  0.07522137  0.11254005  0.02202751  0.03125658 -0.08079456
  0.01809192  0.00476706  0.0576515  -0.03432521 -0.0509295   0.07382644
 -0.01088445 -0.02708479  0.13049307  0.02817912  0.07348635 -0.07617341
 -0.0700405  -0.01066687  0.02576454  0.03862777  0.05734232  0.01354871
  0.03952341 -0.01717748 -0.0063628   0.08884716 -0.00650814 -0.0211355
  0.01997353 -0.09766042 -0.02456762  0.10684099  0.03280768 -0.03212327
  0.00970894  0.01526357 -0.10918236  0.02966298  0.06218618  0.04187017
 -0.01140148 -0.11434013 -0.03754664 -0.02370329 -0.10770165  0.09164945
  0.06739417  0.0896488 ]
deserve    [ 7.97730800e-01  2.17551717e-01 -1.19725383e-01 -7.60181709e-03
  4.13000355e-02  2.07486531e-02 -1.09215285e-01 -4.59175954e-02
  2.94858263e-02 -1.29589049e-01  1.98975653e-02 -6.10852083e-02
 -2.23946116e-02 -1.99853431e-03  7.76616510e-02  6.98648150e-02
 -3.43380508e-02 -9.08788917e-03  1.16018009e-01  6.10125950e-04
 -2.02592048e-02  9.36200153e-02  1.84037307e-02 -2.31120923e-02
 -2.98152362e-03  2.45869003e-02  2.76684206e-02 -1.40122479e-02
 -1.26685131e-02 -1.93475813e-02  1.64050664e-02  3.20263049e-02
 -6.16347331e-02  6.07926122e-02 -5.80980104e-02 -1.88470573e-02
  7.44059078e-04  1.15916797e-02  7.51391150e-02  2.71953555e-03
 -1.56471956e-04 -7.11625517e-02  6.30814687e-02 -4.17757478e-02
  2.87904416e-03  3.34045445e-02  2.64712140e-02  5.73137957e-04
  5.95953754e-02 -3.36348886e-02]
etc    [ 0.51279092 -0.01042082  0.02393864 -0.06128422 -0.02472038  0.04707834
 -0.02537242  0.05164246 -0.02204415 -0.02017201 -0.00765437 -0.0338833
  0.0321182  -0.03748721  0.033155   -0.02078337  0.02580008 -0.01820234
 -0.01308019 -0.0063331  -0.01732299  0.01726148 -0.01063943 -0.04689769
 -0.03679615  0.01049001 -0.00367843 -0.00295123  0.0320225  -0.02226566
  0.02558241 -0.01564688 -0.03635741 -0.00991298 -0.00534135  0.00492111
  0.01235619  0.00214886  0.00297643  0.03239648 -0.03295431 -0.02408622
  0.0131503   0.0319165  -0.02426343 -0.01565061  0.01602891  0.01845803
 -0.01648261  0.00937509]
return    [ 0.69872749 -0.18739096 -0.0499639   0.18955908 -0.01499576 -0.04761253
  0.03970454 -0.04302945 -0.03145497 -0.02441646 -0.01614282  0.06558917
  0.07680887 -0.01522814 -0.09009084 -0.02512221  0.08382504  0.02355784
 -0.04935865  0.03969074 -0.01968289 -0.04793706  0.02317923 -0.06365802
 -0.0269185  -0.0125736   0.00293612 -0.04431088 -0.11534775  0.01830662
  0.00961382 -0.08158465  0.03505897  0.03458517 -0.00165491 -0.0454869
 -0.02432651 -0.11014444 -0.03154848 -0.02431408 -0.01632529 -0.06839987
  0.01552696  0.00753785  0.01761628  0.00707465  0.00669313 -0.05725709
 -0.06093118  0.03298467]
situation    [ 0.76531671 -0.21774919  0.20431645 -0.10070069 -0.12890164  0.05420193
  0.17315026 -0.10240079  0.0441188   0.07108396  0.02918213 -0.04809585
 -0.05724155  0.04763147  0.18840546  0.06801079  0.07492316  0.06379392
 -0.01350423  0.04049902  0.01386036 -0.00761166 -0.02956774  0.01667828
 -0.06914088 -0.06474917 -0.05523502  0.0662506   0.01359026  0.03159754
  0.03159292 -0.07010663 -0.00664406  0.02743406 -0.01229546 -0.0203557
 -0.02676876  0.11400897 -0.04972378 -0.01407042 -0.00759851  0.00895172
 -0.05044212 -0.05027751  0.00425513 -0.02367471 -0.01484356 -0.04048096
 -0.04720221 -0.0017595 ]
catch    [ 0.79384803 -0.16171084 -0.17913251  0.07373024 -0.10086345  0.02266794
 -0.0747936   0.05927111  0.00656131 -0.20370893  0.04293366 -0.04974395
  0.06683193  0.02679829  0.11836905  0.12599994 -0.1491133  -0.045668
  0.07474414  0.00760071  0.0564696  -0.00173385 -0.03777144 -0.0785841
  0.07199856 -0.04670895 -0.01196244 -0.01931158  0.03158705 -0.00648682
  0.03026606 -0.0086959  -0.03103149 -0.0190938   0.03844268 -0.04947157
 -0.08533526  0.02091502 -0.0343944   0.0473288  -0.03757533  0.01251698
 -0.01115545  0.02698812 -0.02666434  0.03118339 -0.02002274 -0.02931063
  0.02189973  0.00523228]
complete    [ 8.18790572e-01  1.07319031e-01 -6.91092525e-02  3.54507789e-02
 -4.16210237e-02  5.54401755e-02  1.28105674e-01  2.24540605e-02
 -1.38953943e-02  2.97476865e-02  1.70143156e-02 -1.70660421e-02
  2.09437763e-01  4.52206105e-03 -5.79922601e-03 -3.64752998e-02
 -3.62347112e-02  9.66600508e-02  3.06082756e-02 -1.79507221e-02
  2.54137767e-02 -2.38115912e-02  7.45810129e-02 -4.03993621e-02
 -5.34206027e-02 -4.36154333e-03 -6.81844552e-03  2.86502546e-02
  3.31566064e-03  2.50241992e-02 -2.23615313e-02 -8.96770427e-04
  3.89546110e-02 -8.46547280e-02  4.87604983e-02 -9.57638826e-02
  3.38479940e-02  3.78484619e-03 -2.09964310e-02  2.94156022e-04
 -2.77419221e-02  1.61546439e-02 -8.34161922e-03 -5.93804296e-02
 -3.35719655e-03  2.59745605e-03  4.55405926e-02  1.96583129e-02
  2.27707269e-02  6.80491865e-02]
novel    [ 0.70711273  0.10769354  0.08915121  0.04308747  0.07132747 -0.08651256
  0.04087659 -0.04836616 -0.0437573   0.08932924 -0.04850907  0.15304767
 -0.04654269  0.07490184  0.00521119 -0.08771577 -0.10011296  0.04018699
 -0.0148853  -0.06873557 -0.00956584 -0.06584063  0.05790259 -0.12982789
 -0.03397208  0.06152458  0.05986711 -0.03676662  0.00510805  0.02169247
  0.13765003 -0.04536457 -0.0710618  -0.05279144 -0.16741945 -0.0972424
  0.00939641 -0.03608367  0.02820385  0.06532316  0.01376293 -0.01812547
 -0.14621178  0.00166997  0.04213185  0.01825791  0.08824743  0.0129898
 -0.06022844 -0.00580461]
zombie    [ 8.45150114e-01  6.05887282e-02 -1.75314746e-01 -7.21139011e-02
  1.81806201e-04 -6.83038885e-03 -1.34980257e-01  8.66434182e-02
 -5.87441493e-02  1.34041275e-01  9.78556855e-02 -6.93815762e-02
  5.38228376e-03 -1.69102217e-02  4.37307480e-02  5.11093369e-03
 -8.45048499e-03  7.01761442e-04 -2.60184340e-02 -2.78986687e-02
 -5.62506439e-03  1.37878178e-03 -1.37663928e-02  1.24913450e-02
  3.18542091e-04 -1.12075736e-02  8.36764979e-02 -6.93805684e-02
 -4.70635681e-03  5.97911282e-02 -7.19931360e-03 -2.88012681e-03
  4.43219291e-02  6.20115706e-03 -1.69804352e-02 -2.21627887e-02
 -1.65592655e-03 -3.25297365e-02  2.85045812e-02  2.06774021e-02
  2.31634186e-02 -4.30758758e-02  4.88884528e-02  4.22991726e-02
 -2.32809393e-02  7.54956800e-03 -3.17559347e-03  1.67238437e-02
 -1.07763645e-02 -1.86431911e-02]
highly    [ 0.42242042  0.18679088 -0.08398039  0.04385195  0.00684545 -0.07335601
 -0.07134643 -0.04984886  0.00884347 -0.00282382  0.00499782 -0.00468975
 -0.04114319  0.08702708 -0.03147881  0.0248322  -0.00052213 -0.02478241
  0.01495958  0.06323855  0.02742689 -0.08013977 -0.01219465  0.01545802
 -0.06739027 -0.01738328 -0.00555438  0.01755303  0.02547674  0.03193886
 -0.02801688 -0.04787036  0.0196711  -0.05303874  0.03998246  0.02585566
 -0.00301352  0.02746033 -0.00535124 -0.00223925  0.0199777  -0.02791718
  0.02574516 -0.01061938 -0.0113412  -0.01708811 -0.00793442  0.06518908
  0.01460427  0.02443001]
police    [ 0.67556929 -0.27802495  0.04505071  0.02633551 -0.1537748   0.01026031
 -0.06497745  0.02986125 -0.07962777 -0.05916757 -0.00978191  0.12468211
 -0.02731839  0.03799567  0.00090308 -0.13557308 -0.06483028 -0.10039576
  0.09906761 -0.06866653  0.06626491 -0.07641866 -0.05971295 -0.03299937
  0.01121059 -0.04791185  0.03914147 -0.00399353 -0.07326605  0.00937079
 -0.04330926 -0.00613414  0.06616678 -0.05574621  0.11229302 -0.0048923
 -0.0271758   0.04907027 -0.0322541  -0.03737098  0.01861946 -0.03744933
 -0.03346452 -0.00533129 -0.02326826 -0.03799623  0.02416946  0.01381784
 -0.06746402 -0.01127586]
dance    [ 0.62049589 -0.09873582  0.09729899  0.05159502 -0.00345977  0.09710269
 -0.12220067  0.14115467  0.1742708   0.08997332 -0.0011916  -0.0572629
  0.04254717  0.03683105 -0.05132518 -0.02970981  0.07563421 -0.06245829
  0.01846417 -0.03742346  0.0182132   0.02592926 -0.01845447  0.02123824
  0.02521495  0.26243148 -0.11132046  0.0018579   0.11937015 -0.0567232
  0.16764024 -0.06934157 -0.07771929  0.02236474  0.06287293  0.12926172
  0.08780577  0.04848769 -0.00787461 -0.04668376 -0.03137041 -0.05624922
  0.01029073  0.09186734  0.00964042 -0.03598091  0.05857779 -0.07535356
 -0.03167493 -0.05656908]
particularly    [ 0.81975995  0.08590069  0.23770207 -0.01801524  0.06496622  0.092139
 -0.09756019  0.13698876  0.2021838   0.04499637 -0.09112428 -0.02801692
 -0.05104238  0.03406352 -0.08671918  0.09852555 -0.01103239  0.08916908
 -0.03211682 -0.03295872 -0.0471966  -0.07844905 -0.03851252  0.08007019
  0.05072577  0.06792777 -0.02020925  0.04618977 -0.0187938  -0.01894947
  0.03184718  0.01966551  0.04826885 -0.04860179  0.02409749 -0.01624859
 -0.02055081  0.00605729  0.01248861 -0.03313313  0.04257594 -0.04382006
 -0.00378256 -0.05447612  0.06732472 -0.00874692 -0.05360958  0.02584297
  0.01084095 -0.01671504]
lady    [ 0.62328509 -0.27889655  0.09921965  0.06566237  0.1181376   0.02761098
 -0.08253636 -0.05169104 -0.00510105  0.08255459  0.09223536  0.00349739
 -0.08969292 -0.05122641 -0.1317421   0.08495696 -0.01425114  0.01844763
 -0.0383972   0.02902201  0.03729877 -0.03272659  0.1310846   0.04114375
  0.02067891  0.06587176  0.08620189 -0.08601533  0.01723156  0.04967656
 -0.0659941   0.10412648  0.0510518   0.09729325  0.03977323 -0.05403917
  0.1352077   0.09569138 -0.14058513  0.03036033 -0.04856534  0.00153868
 -0.02426722 -0.00343218  0.0572837   0.01673061  0.04354415 -0.02384809
  0.03856528  0.07427974]
extremely    [ 0.8099395   0.2113461   0.14531797 -0.06584458  0.00647724  0.09917637
 -0.02175814  0.02396889 -0.0444967  -0.08661128  0.02964171 -0.00788471
 -0.00289496 -0.03046978 -0.03248334  0.06082288 -0.04431896  0.0012355
 -0.08816541  0.09222873  0.03536025 -0.05290708  0.01384008  0.00775151
 -0.03012222 -0.03105046  0.04194806 -0.00754651 -0.0802507  -0.02013775
  0.07406968 -0.00989314 -0.00539239  0.02785739 -0.06978912  0.0314152
 -0.00823639  0.16654627  0.05649087 -0.04385002  0.02658529 -0.12050966
  0.09351068  0.00525637  0.03968323  0.04899622  0.02501088 -0.03546161
  0.0916711   0.00749999]
twist    [ 4.94460944e-01 -2.01875373e-02  1.18301078e-01 -7.80736048e-02
 -2.01456409e-01  1.37483685e-01  7.00418542e-02  1.31065248e-01
  1.54106421e-03 -1.08021772e-01  2.80263200e-02  2.41481630e-01
 -2.02637921e-01  8.94767638e-02 -4.84044610e-02 -1.16186263e-01
 -1.16913383e-01  1.60592073e-01  1.22350765e-02  2.37411172e-01
 -1.08323508e-01  1.18729015e-01  4.77562529e-02 -2.95111903e-02
 -4.68035935e-03 -2.71067828e-04  1.98599898e-01  1.74768607e-02
 -2.64555526e-02 -9.13068665e-02 -4.00738327e-02 -1.34787416e-01
  5.57016744e-02 -4.81411536e-02  5.41362518e-02 -2.16760004e-02
  8.96641611e-02  9.95016490e-03  2.07154267e-02  4.89435897e-02
  3.70470016e-02  9.59888638e-02  4.28042606e-02  1.14596227e-02
 -1.78590224e-02 -3.50324899e-02  1.67276667e-02  7.17323404e-02
  1.04903693e-02  3.80477313e-02]
strong    [ 0.76650454  0.12585082  0.33486065  0.05043345 -0.01295393  0.00348398
  0.0566024  -0.10853721  0.00516929 -0.11558593  0.04575535 -0.10503506
 -0.01131922  0.02055078 -0.02527026 -0.0081477  -0.01208256 -0.05329982
 -0.01321799  0.04128538 -0.05142973 -0.03311792  0.00990637  0.12456925
  0.09842748  0.04141073  0.07160189  0.05987349 -0.05162562  0.03424753
 -0.08472096  0.00889702  0.00883828 -0.0209964  -0.02523265 -0.06972695
 -0.02026774 -0.06191793 -0.03980837 -0.06647615  0.06021415 -0.0257804
 -0.02830358  0.04923614  0.02223228  0.00428677 -0.01256731 -0.01828936
 -0.00469846  0.0540731 ]
slow    [ 0.72692183  0.22109044 -0.05215505 -0.00649808 -0.16777487  0.13933328
 -0.02123832  0.08827312 -0.08372144 -0.01876269 -0.00693532  0.02474681
  0.05796893  0.01071622 -0.03835897 -0.02637524 -0.05174928  0.05918478
  0.01972573 -0.01276033  0.08420834  0.00700402  0.0737461   0.05376751
  0.04207964 -0.02424617 -0.02287975  0.04093827  0.03951245 -0.00269873
  0.00130794  0.02390035 -0.05618723  0.01602179 -0.00340911  0.02374905
  0.00405501 -0.00711868 -0.01566561  0.03031894  0.01285585 -0.03305282
 -0.01055806 -0.00319664 -0.05912587  0.00308805  0.05080403 -0.01518221
 -0.0622755   0.02354934]
beginning    [ 8.15456560e-01  2.53521907e-01 -8.91427479e-02  7.24755914e-02
 -1.42298406e-01  7.31204927e-04 -8.89894686e-02  1.02552186e-01
 -3.06180752e-02 -5.09185794e-02  4.05378232e-02 -3.47014501e-02
 -7.93916694e-02  1.30037044e-01 -8.39785106e-02 -2.97400855e-02
  1.81739803e-02  2.14613476e-01 -1.90031171e-02  1.57192051e-01
 -1.04255543e-01  5.64992147e-02  3.62080008e-02 -2.98144826e-02
  3.49363444e-02  9.20826190e-04  1.35206747e-03 -4.46307378e-02
  2.44633697e-02 -8.88556255e-02  4.21780618e-03  5.78457657e-03
  4.11590891e-02 -3.99624673e-03  4.69373729e-02 -1.49123612e-02
  5.26717998e-02  1.03602590e-02  4.11419120e-02  2.54830372e-02
 -1.59906006e-02  3.72421226e-02 -1.90614287e-02  1.68509445e-02
  1.93942854e-02 -1.14071320e-02 -7.93073251e-03  1.26927279e-02
 -1.22224297e-02  2.31774177e-02]
dream    [ 0.70921616 -0.28930297 -0.02419637 -0.00896387 -0.04182164 -0.03981442
 -0.00300862  0.06034777  0.00352258  0.05490735  0.04362512  0.0600097
 -0.00570836 -0.05354707 -0.03633147 -0.02615724  0.05383891  0.03369429
  0.01031028  0.0405858  -0.04594631  0.05419415 -0.01877294 -0.03123714
 -0.0636921   0.09844256 -0.01818573  0.07828167  0.05957234  0.07281522
  0.07031804  0.01667027  0.06746148 -0.00386824  0.00918982  0.07936866
 -0.01519512 -0.00520785  0.03822981  0.03600376  0.02783006 -0.0314462
 -0.01210093  0.03396184  0.0569773  -0.04825146 -0.00293135 -0.06865842
 -0.01665422 -0.00812095]
career    [ 8.13329198e-01  5.52130861e-02  6.88624895e-02  8.58218906e-02
  8.16608479e-02 -8.06654009e-02  3.00680621e-02 -2.04145265e-02
 -8.08347242e-03 -1.74044198e-01 -4.48933407e-04 -2.62031297e-02
  1.06315502e-02 -6.81313319e-02 -6.76673354e-02 -8.81933617e-02
 -2.24076954e-02  1.48849271e-01 -1.82447167e-02  1.19823692e-01
 -2.45374426e-02  1.37623188e-02  1.41631226e-02  6.46707221e-02
 -4.76541582e-02 -1.71651056e-02 -1.82493245e-02  1.30166466e-02
  1.03034577e-01 -6.22143983e-02 -4.89301326e-02  2.13315751e-02
 -1.80329650e-02  8.27408668e-03 -2.84279291e-02 -3.10711339e-02
 -6.12555459e-02 -1.91008395e-03 -3.57951055e-02 -6.93838783e-02
  2.29219923e-02 -2.38851332e-02 -2.23198278e-02 -3.18887341e-02
  2.92566451e-02 -1.35430887e-04  9.69523965e-03 -2.14711145e-02
 -4.25037865e-02  1.76906037e-02]
please    [ 0.66363818 -0.03043896 -0.27056915 -0.19025441  0.00653277 -0.05143278
  0.07328284 -0.14074167  0.04509581 -0.00342564 -0.06415955 -0.02718217
 -0.00527376  0.05301354 -0.08874921 -0.01483883  0.00187267 -0.01994992
 -0.10604342 -0.20443083 -0.09207886 -0.00760152 -0.01845467  0.06245874
  0.14483825  0.19249145  0.02806218 -0.06144481 -0.02205591 -0.05125645
 -0.06050427 -0.051216    0.13337277 -0.11567222  0.01593767 -0.10243
  0.01527299 -0.02719916  0.00823188 -0.03297525 -0.00442611  0.00362543
  0.05089652 -0.05269511  0.03460686  0.05436611  0.04855817 -0.02816877
  0.00530397  0.00585809]
james    [ 0.77006565 -0.13460329  0.22153648 -0.0091457   0.23787188  0.04168975
 -0.18614815 -0.16559516 -0.03543233 -0.01376816  0.04211666  0.02324572
  0.06276723  0.11363227 -0.02736806 -0.15184042 -0.04842822  0.06738481
  0.09920723 -0.05177719  0.06645122  0.06362888  0.00239023 -0.05272987
  0.0137926  -0.01196222  0.03864793 -0.04144584  0.00192173  0.0239087
  0.02586169  0.00769019 -0.0237817  -0.05872803 -0.03155274 -0.0095929
 -0.00701944 -0.02611723  0.00661784  0.00360822  0.02425094  0.04962555
 -0.00895151  0.00655865 -0.03196396  0.01507392  0.00525273 -0.00843009
  0.01454929 -0.01731777]
obvious    [ 8.83166640e-01  6.65001660e-02  7.57340784e-02  1.61993304e-02
 -9.19220819e-02 -9.30645936e-02  1.11062595e-01  9.21734382e-02
  3.15127943e-02 -2.51011766e-03  3.43327113e-02 -2.03559526e-02
 -4.58538465e-02 -3.54734991e-02 -3.03558821e-02 -3.35394892e-02
 -8.58482349e-02  9.26120005e-03 -6.93897053e-02 -1.88573557e-02
 -2.25855066e-02  5.28436391e-02  5.39908030e-02 -2.53130004e-03
  9.77314057e-03  3.24659109e-03  1.31868987e-02  1.89139012e-02
 -1.41929076e-02 -1.44698099e-02 -3.20156732e-02 -1.06902696e-03
 -4.63606806e-02 -1.54319921e-02  3.81594482e-02  2.23092015e-02
 -5.83569231e-02  3.35819210e-02 -6.30455219e-03  6.30228688e-04
  6.47846971e-03  7.18239482e-03 -1.75344927e-02  2.48054058e-02
 -5.60435754e-03 -3.70057122e-02  3.88114961e-02  2.14459565e-02
  1.27685587e-02 -1.02376618e-02]
husband    [ 0.62162177 -0.46776603  0.02596951  0.10364064 -0.04818428 -0.00426405
 -0.12505295 -0.0688347  -0.06623273 -0.02109854  0.04534562  0.04467315
 -0.04737519 -0.04689489 -0.16401826  0.0389325   0.06181711  0.04551884
 -0.06803623 -0.01876382  0.04912431 -0.05664532  0.08334101 -0.00951861
 -0.01994237 -0.06828018 -0.09723972  0.05752193 -0.07358261  0.06618814
  0.00540011 -0.03008431 -0.00299948  0.0009062  -0.00589655 -0.0258931
 -0.02128265 -0.03466082  0.01052742  0.02035866  0.04874937 -0.0679821
  0.03619407  0.0274234  -0.0340485  -0.00912776 -0.00309267  0.03399533
 -0.02043729 -0.06228483]
violence    [ 6.81228562e-01  2.32698442e-02  8.55630293e-02 -9.44017615e-04
 -6.88039994e-02 -4.80254061e-02 -4.66912299e-04  2.01810812e-01
  5.68851913e-02  6.92506802e-02 -1.09343999e-01 -1.16268746e-01
 -8.84416284e-02  8.54467763e-03 -5.68257729e-02  8.38196480e-02
  1.02791465e-01  7.96669885e-03  6.64351908e-02 -1.59799848e-01
  2.60786808e-02  2.15780744e-02  8.48403101e-02 -2.36480670e-02
  1.19401330e-02 -5.41647607e-02  1.55207415e-01  1.21419613e-01
 -2.52984196e-02 -8.31570119e-03 -1.31327372e-01 -4.80339369e-04
 -8.56375261e-02 -3.23520463e-02 -7.99073697e-02 -7.67367425e-03
  2.09251639e-02 -6.61078747e-03  1.17507069e-02  3.36207022e-03
  2.19949160e-02  4.62599509e-02  7.51954904e-02  9.72933274e-02
  2.12584389e-02  9.78868024e-02  4.95327866e-02 -2.31118332e-02
 -3.30175121e-02  7.87068844e-02]
touch    [ 8.57594111e-01  1.22178482e-01  2.75061384e-02 -8.49279305e-03
 -9.85469797e-02  2.38033924e-02 -1.50135333e-02 -9.66670618e-03
  1.96162712e-03  5.54606420e-02  3.77218798e-02  4.71210276e-02
  2.61815179e-02 -2.94336484e-02 -1.76264709e-02  3.53443804e-02
  1.69192464e-02 -2.65203262e-02  9.33341761e-02  2.27264892e-02
 -2.30534551e-02  6.38275909e-02 -4.79508053e-03  3.60690722e-02
  3.85853300e-02 -1.78956205e-03 -9.06870150e-02 -1.55926672e-02
  2.85583183e-02  2.31276974e-02  6.00348072e-02  1.36545727e-02
  1.51071607e-02  9.51031140e-03 -1.67378102e-02 -2.52734484e-02
 -8.47818343e-03 -3.59225036e-02 -7.58047284e-02 -4.73102303e-02
  1.07348874e-03  4.75580004e-03  2.16790273e-03 -2.97671194e-02
 -2.53251111e-02 -3.02612921e-03 -5.18722971e-02 -8.09980100e-04
  3.59730529e-03  4.36732517e-02]
speak    [ 7.55424490e-01 -1.27662914e-02  8.20090029e-02 -5.06022036e-02
 -7.97346816e-02  7.35390891e-02  4.45715499e-02 -1.20246171e-01
  8.35675299e-02  5.81079946e-02 -1.31229452e-01 -1.43489999e-01
  1.07990693e-02 -5.27538192e-02  6.80987123e-02 -4.43129980e-02
 -3.15851584e-02  1.77628744e-02 -4.94575101e-02 -8.04116433e-02
 -2.62254627e-02  4.29833352e-02  2.93236278e-02 -7.64602822e-02
  1.15099652e-02  7.08566728e-02  4.36579592e-02  4.41926008e-02
  7.28299649e-03 -1.05701440e-02  1.63122135e-02 -4.94762921e-02
  4.27470613e-02  2.42528621e-02 -1.19085777e-02  4.88851923e-02
  4.03951080e-02  1.86148343e-02 -5.09520707e-02 -6.41657970e-02
 -6.96287092e-04  1.11669730e-01 -4.62154687e-03  1.60847805e-02
  3.00413053e-02  8.43768704e-02 -4.69773191e-02  9.01100780e-02
 -5.76340132e-02 -6.66379607e-02]
cause    [ 8.65591783e-01 -1.31394465e-01 -6.08772377e-02 -5.94573754e-02
 -9.15939126e-02  6.66112561e-03 -2.48456290e-02  1.01405017e-02
  7.36678569e-02  6.99452622e-03 -5.08420267e-03  2.81609780e-02
  2.30715393e-03 -7.96900071e-02  3.91904603e-02  2.42072190e-02
  3.29848055e-02  1.47022260e-02  1.55637160e-04 -5.67868674e-02
 -8.04543385e-02  5.23350463e-02  1.63727174e-02  3.74668120e-02
 -8.27607872e-02 -2.58016347e-02  1.81177294e-03  2.13472694e-02
  1.46649440e-02  2.78362973e-02 -1.38501079e-02  2.81558765e-03
 -8.26851733e-02 -3.68840902e-02 -1.41363190e-03 -1.13223284e-02
  3.97050978e-03 -3.57045521e-03  1.80985669e-02  5.15616637e-04
 -7.26920832e-03  1.71053503e-02 -1.83086180e-02  5.14286484e-02
  1.96764326e-02  4.85650743e-03 -1.36721748e-02 -5.99518977e-03
  7.28922610e-03 -2.95379416e-02]
country    [ 0.78495841 -0.26032265 -0.00959027  0.10754639  0.00385776 -0.12747549
 -0.02479025  0.01006483  0.00632235  0.07375507 -0.10394281  0.07382073
  0.06638222 -0.07640836  0.06751179 -0.01302181  0.06966542 -0.02767002
 -0.03782662  0.02723429 -0.07799664  0.02976608 -0.02147284  0.02719999
 -0.04976007  0.08885155  0.0468788   0.00812812  0.05556426  0.03244353
  0.0575003  -0.00173343 -0.01333986  0.04347746  0.00920817  0.10067537
  0.04982129  0.02488095 -0.00954387 -0.0183961  -0.02447121 -0.00392146
  0.06599594  0.02662303 -0.02911231  0.00877808  0.04156824 -0.01473824
 -0.02736525 -0.00278067]
pick    [ 8.90305037e-01  3.25935424e-03 -1.55981887e-01  7.06412527e-02
 -3.45603094e-02  5.21630764e-03 -1.06766860e-01  1.35786330e-03
  1.65132115e-01 -7.68640076e-02  3.24759954e-02  2.65958655e-02
  2.52375563e-02 -4.78478481e-02  6.49505615e-02  1.73830499e-02
 -1.05410828e-01 -1.80843172e-02 -2.16180298e-02  2.29818122e-02
  4.26704418e-02 -3.09853765e-04 -9.93521966e-03  2.43014298e-02
  4.46134841e-02 -4.43800284e-03  1.03733998e-02 -2.43243678e-02
 -6.20580429e-04 -5.37374494e-02  1.60767675e-02  4.87582858e-03
 -2.35795875e-02 -1.33165447e-02  1.02680103e-02  1.97329988e-02
  1.34980616e-02 -1.29580720e-02  1.99997029e-02  7.37612030e-02
 -1.33925804e-02  2.66214572e-02 -1.69990854e-02 -2.67297390e-04
  5.14331542e-02 -3.76403811e-03 -9.60766011e-04 -1.95206383e-02
 -3.07241688e-02  3.89428169e-02]
theater    [ 7.35019331e-01  7.76848120e-02 -3.42367393e-01 -2.06438135e-02
 -2.60852869e-02  2.46441962e-02 -1.17637054e-01 -7.74057590e-02
 -8.06303090e-02 -2.74893613e-02  1.18298769e-01  7.02757331e-03
  1.30036888e-01  7.20672977e-02 -2.49546193e-02 -3.89388777e-02
  1.32513450e-01  3.61864018e-03 -7.01656132e-02 -1.65653572e-03
  2.83230910e-02 -4.80118882e-04 -9.22291304e-02 -4.28304270e-02
 -4.41777672e-02  3.80383738e-02  7.02291904e-02  1.32078430e-02
  2.07203919e-02  1.29334180e-02 -4.62241317e-03  1.92828968e-02
 -1.60681860e-02  2.01366600e-02 -9.17821931e-02  4.38293533e-02
  6.82611974e-02 -2.12200971e-02  8.70096122e-03 -1.58926602e-02
 -5.43024182e-02 -7.49033145e-03  1.76236703e-02  8.82319208e-03
 -5.59869888e-02  1.15875947e-02 -3.57928240e-02  3.00346946e-02
 -5.53393236e-02  6.04841803e-02]
documentary    [ 8.32673692e-01  4.26688053e-02 -2.89510141e-02 -1.36354615e-02
  2.37669240e-01 -1.94097837e-01  1.36006233e-01  7.33760827e-02
 -4.66234752e-02  1.36945884e-01  1.04238690e-02  4.66208182e-02
 -5.20331401e-02  1.12942119e-01 -6.91452233e-03  4.01419950e-02
 -4.65915496e-03 -4.49280228e-02 -3.16289174e-02  5.78192442e-02
 -7.25107626e-02 -6.48378764e-02 -4.09496477e-03 -3.07762338e-02
  3.54022559e-02  6.07405553e-03 -5.50756406e-02 -2.05148270e-03
  9.69301131e-03 -3.11211693e-02 -1.27668878e-02  3.20231993e-02
  3.84428068e-02 -1.30922302e-03  8.76306456e-03  6.08291290e-04
 -4.17533013e-02  3.43737433e-03  6.58910306e-02 -3.71027428e-02
  1.96414078e-02  1.63395284e-02  2.13895789e-02  7.19671679e-03
 -2.47721586e-02  1.63825352e-02  9.98147942e-02 -2.14856866e-02
 -6.10034041e-03  1.25326541e-02]
opinion    [ 0.87937373  0.20342784 -0.12019045 -0.04549475  0.08431705  0.01531199
 -0.08737671 -0.08037556  0.10273142  0.02152698  0.09412212  0.07910937
  0.0424315  -0.0528293   0.05218899  0.0012118   0.0345499  -0.00193087
  0.06040837  0.01183921 -0.05492082  0.02740088 -0.01189894  0.01066074
 -0.05015826  0.01581607 -0.00383024 -0.0103416   0.01489904 -0.00847058
  0.03334919  0.02824949 -0.04850819  0.01204706 -0.07939066 -0.03834227
 -0.00292649  0.02482217  0.0408463  -0.01971592  0.05167064 -0.00521739
  0.01826039  0.01065119 -0.01728422  0.00089903  0.05853628  0.03591534
  0.0182148   0.01547967]
alone    [ 6.34486340e-01 -5.88987633e-02 -1.14964129e-01  1.51917100e-02
  2.40358426e-02 -6.10749051e-02  1.15946146e-01  3.31191063e-02
  1.59396312e-02  8.27378822e-03  9.23429620e-02  1.11918660e-02
  3.73419447e-02 -8.98350868e-03 -7.11892678e-02 -2.57569538e-02
  5.65196395e-02 -1.28046307e-02 -4.71902867e-02  7.46413753e-02
 -3.57723008e-02 -1.11818248e-01  2.05597885e-02  5.28169001e-02
 -5.86011500e-03  5.23424917e-02 -8.58161045e-02  6.31152986e-03
 -1.00014131e-01 -5.18928822e-04 -4.14192026e-02 -1.83521939e-02
  2.60609840e-02 -4.61093511e-02 -1.19801771e-01  5.17291646e-02
  6.51833732e-02 -6.38826797e-02  4.08699408e-02 -4.45459189e-02
 -4.17400435e-02 -7.78434950e-02  1.29775817e-03  8.46139445e-02
 -3.15780310e-02  1.95137867e-01  1.77608446e-02  5.14922406e-02
 -8.02141668e-03  7.27562165e-02]
ago    [ 0.2459173  -0.06965859 -0.21041041  0.41740037  0.27533116  0.34560363
  0.19648555 -0.07049689 -0.11455577  0.03312172 -0.11239577 -0.04585153
 -0.22858859 -0.13015612 -0.08773496  0.01015888 -0.00403972 -0.073994
 -0.0759962  -0.03314949 -0.00162872  0.13466754 -0.25150663  0.03296106
 -0.17149946 -0.04134963 -0.02951678  0.14725625 -0.11621093 -0.18784248
  0.07466023 -0.08494114  0.05525678  0.00693523  0.0462799  -0.19239536
  0.03840853  0.00869217 -0.011404    0.00174764 -0.05885067 -0.01318475
  0.02987785  0.04585316 -0.11901245  0.06440974 -0.06307715  0.00182333
 -0.06908573 -0.00174543]
effort    [ 0.69401396 -0.07527987  0.04149958 -0.10731435  0.24184011 -0.12835755
  0.34793612  0.15699594  0.00071419 -0.01194072  0.12329003  0.02705729
  0.06582181 -0.12193686 -0.01123973  0.01901517 -0.02435423  0.05508178
  0.04742938 -0.02210777  0.0026846  -0.01584263  0.00347007  0.02822187
 -0.04262429  0.00313973  0.03874071  0.00456172  0.00923152 -0.01373013
 -0.04456592  0.04504283 -0.0946208   0.00714049 -0.05906747 -0.08217174
 -0.00206432 -0.02041383  0.0023687   0.02994733  0.04113511  0.02375743
 -0.0342849  -0.03359404  0.01176494  0.00247751  0.05892724  0.02774827
  0.04958175 -0.03760521]
king    [ 7.88214011e-01 -6.98784010e-02  7.46688633e-02 -2.51446057e-02
  8.77534382e-02  2.83299207e-04 -6.81873627e-02 -3.70892473e-02
 -5.92951244e-02  1.09627170e-01 -1.74540840e-03  1.64271629e-01
 -4.14134274e-02  6.17298779e-02 -3.27254030e-02 -1.52944585e-01
 -1.45908137e-01 -2.39404079e-02  6.84868755e-02 -6.45967287e-02
 -7.93223390e-03 -2.65957420e-02  4.72945007e-02 -8.62092726e-02
 -5.20367062e-02  7.96037103e-02  3.97432673e-02 -4.33898498e-02
 -3.01013676e-02  2.80103550e-02  5.63748953e-02 -6.18112364e-02
  5.39226497e-03 -6.25813074e-03 -4.94969592e-02 -4.35361876e-02
 -1.71004883e-02 -5.02969681e-02  7.18261575e-03  2.32360608e-02
  7.23318212e-02  1.12888029e-02 -8.46107211e-02  4.31495560e-03
  2.21788814e-02  6.72449848e-02  4.45307738e-02  1.57231741e-02
  8.57582158e-03 -1.82292818e-02]
grow    [ 8.02819626e-01 -1.67832517e-01 -2.33501173e-02  1.05091943e-01
 -3.61412222e-02  6.78900826e-02  3.30967841e-02 -1.91643791e-01
 -5.00811031e-02  1.74686859e-01 -5.67274733e-02  4.05450517e-03
  3.85769243e-02  4.20391033e-02 -9.48708858e-02  1.55318893e-01
  4.27266680e-02 -1.58963512e-02 -1.33672411e-02  8.59194904e-02
 -2.42903102e-03 -6.21078726e-02  4.31753458e-02 -4.65262890e-02
  7.07007157e-02  5.46332828e-02 -9.55115113e-02  1.32355761e-01
  1.63708462e-02 -1.07205717e-01 -2.09168023e-02 -4.19214414e-02
 -4.45685324e-02 -2.83778582e-02  5.70624564e-04  5.29782173e-02
 -6.86426542e-02 -7.94803011e-03  2.68138589e-02  2.53064325e-02
  1.43540566e-02  9.90969631e-03 -5.43257766e-02  4.96804900e-02
  1.15396901e-02  2.19691667e-02  2.18058403e-02  2.73920995e-02
  1.24333780e-02  1.92253910e-02]
bore    [ 0.87001162  0.05087381 -0.14870494 -0.05204303 -0.11212206  0.09624734
 -0.02212224  0.04981162 -0.04569949 -0.12769976  0.05160616 -0.09531877
 -0.02025467  0.05978286  0.00810765  0.0787631  -0.11051078 -0.02252515
 -0.00496247  0.02470973  0.05694471  0.01997475  0.03621998 -0.03253368
  0.06135719 -0.03651526  0.01463596  0.02223802  0.0431065   0.0124342
  0.03370794 -0.01102578 -0.03648953 -0.00708358  0.01749276  0.03098104
 -0.06914003  0.00459836  0.00607575 -0.02135226 -0.04124857 -0.01546784
 -0.02982171 -0.03495259 -0.01974164  0.08644099  0.05082484  0.03027909
 -0.01261885  0.0133305 ]
simple    [ 6.83632934e-01  9.85945290e-02  1.82062098e-01 -3.95689739e-02
 -2.71494643e-01  1.51323133e-01  4.57914120e-02 -5.19708003e-02
 -1.43115895e-01  6.33006835e-02  3.76395890e-02  3.09204916e-01
 -8.86289114e-02 -1.41591020e-03 -3.45004672e-02 -1.57228006e-01
 -1.94223722e-01 -2.27013351e-01  1.18214350e-01 -3.67669084e-02
 -9.52903467e-03 -8.23471457e-02 -5.52104490e-02  1.87382503e-02
  1.44421959e-02  1.98377722e-02  3.20456972e-02  2.24823052e-03
 -3.34251037e-03 -1.92955622e-02  1.17215909e-02  3.15583060e-02
  1.72623883e-02  2.66642530e-03  5.18668100e-02  4.17410722e-02
  2.70908676e-02 -4.66913101e-02  3.28811366e-02 -3.55787313e-02
  1.91727782e-04  1.16130136e-02  1.80610466e-02  8.28419484e-03
  1.95864365e-02 -2.30863612e-02 -1.98714005e-02  1.03164806e-02
  4.34952420e-02  1.79950767e-02]
result    [ 0.82170299  0.06400508  0.01092899  0.04376128 -0.10130463 -0.00326438
 -0.00364485  0.09744474  0.03056694 -0.10655545 -0.06555766  0.03192482
 -0.13002222  0.06682263 -0.07810129 -0.03932023 -0.03496908  0.19416276
 -0.00585696  0.2264008  -0.10807131  0.11203339  0.06803891 -0.01450696
 -0.04672287 -0.03235591  0.05172162  0.01673423  0.0484735  -0.08880954
 -0.02653754 -0.04283722  0.06357985 -0.06115443  0.04786556 -0.02261003
  0.03370383  0.01691173  0.03373384  0.00174635 -0.03281123  0.04519835
 -0.03001337 -0.02655625  0.03078477  0.00973751  0.00610594  0.00434032
  0.01805488 -0.01021381]
reality    [ 0.70791232 -0.11028912  0.00746896  0.01270273 -0.03531987 -0.08686051
  0.06962475 -0.05519148 -0.07136236  0.08856934 -0.02746571  0.06233303
  0.07149953  0.06990603  0.07350745 -0.03658848  0.26532976 -0.03226499
  0.12370678 -0.03091596 -0.08012397  0.07046469 -0.05146983 -0.13853471
  0.10936503 -0.12282003 -0.02404078  0.14307422  0.0027916  -0.17400095
 -0.08709276  0.10394848  0.03818306 -0.04378433  0.09689186  0.00411288
 -0.00107806  0.05577046 -0.07824186 -0.01130155  0.03333013 -0.09800416
 -0.04167405 -0.044722    0.08049641 -0.02863767  0.08097668 -0.09681567
  0.00819012 -0.03466641]
sequel    [ 0.81620258 -0.04175089 -0.10327633 -0.19630738  0.2078907  -0.08233941
  0.19628557  0.06141101 -0.00091072  0.06917187  0.0979079   0.04936794
 -0.08848457 -0.04410891  0.00895003  0.00110471 -0.01155332  0.05702031
 -0.04003832  0.05624028  0.06557713 -0.0723418   0.02264817 -0.0772304
  0.01549535  0.03737233  0.07323071 -0.05583157 -0.01581926  0.03294519
  0.04309646 -0.01083774  0.04767059  0.08880283 -0.01033526 -0.07259488
 -0.05494802 -0.02052575  0.00549259  0.00750729 -0.04706037 -0.01285837
  0.03576939  0.02956156 -0.01833947 -0.02321357 -0.02316137  0.01527414
 -0.00403706 -0.0166702 ]
david    [ 8.11068332e-01 -1.06978143e-01  2.12460114e-01  3.54385429e-02
  1.75930326e-01 -2.77376371e-02 -1.55782495e-01 -1.10800073e-01
 -4.58331868e-02 -5.00506628e-04 -1.71670802e-02 -2.26846488e-02
  1.02860697e-02  8.50468663e-02 -1.20586447e-02 -8.19406520e-02
 -8.71274480e-02  1.37629164e-01  4.84657638e-02 -7.43422919e-02
 -3.54332831e-02  1.35080907e-03  3.92415448e-03 -1.68496215e-02
  2.79326008e-02 -2.77809542e-02 -7.07938563e-02 -4.86894319e-03
 -5.71168540e-03  1.09062787e-02 -1.69442750e-02 -1.30222012e-02
 -3.70774266e-02 -5.69320582e-02  4.53381381e-03  1.10568546e-02
 -5.62869734e-02 -4.58895304e-02  1.83232511e-02 -2.62809964e-03
 -2.31949530e-02 -1.92691688e-02 -2.13126958e-02  2.30639431e-03
 -1.11324281e-02 -2.55350498e-02 -6.02034598e-02 -1.80960461e-02
 -1.88106736e-03  7.82856454e-03]
female    [ 5.18737866e-01 -1.61145291e-01  3.02956872e-01  5.10800366e-02
 -3.17641902e-02  8.73716447e-02  9.09970162e-03 -1.55618302e-01
  1.36351563e-01  4.19562185e-02  1.27824341e-01 -1.31513538e-01
 -3.16673446e-03  5.44891415e-02  7.00788790e-02  8.37935413e-02
  3.02752860e-02  8.21740267e-02 -4.26720484e-02 -5.00484896e-02
  1.01375744e-01 -3.54400308e-02  7.31355247e-03  6.15426892e-02
 -4.65537049e-02 -5.79210750e-03  1.48572390e-01 -1.39776550e-02
 -2.05739565e-02  7.57308389e-02 -9.72173720e-02  1.63557556e-02
  1.24191504e-04  4.27526595e-02  3.81477830e-02 -4.99762038e-02
  7.42289774e-02  8.04854895e-02 -5.14351425e-02 -1.14368177e-02
 -1.00935702e-01  2.76451500e-02 -2.19013633e-02  2.56148042e-02
  4.56884333e-02  5.89753665e-02  6.90773210e-02 -1.97926999e-02
 -7.23317773e-03  8.63753575e-02]
exactly    [ 0.84505359 -0.02926449 -0.11380516 -0.15197022 -0.02137233 -0.00508687
 -0.0357712  -0.06043742 -0.05437379  0.09375754 -0.08663301 -0.03566106
 -0.03373588  0.01505865  0.04982163 -0.09636668 -0.05987764  0.07298151
 -0.05048612 -0.09130636 -0.0260613   0.0474233  -0.04050321  0.07147602
  0.01837985 -0.00560331  0.02278266 -0.05976847 -0.00373448  0.01585862
  0.02250485  0.10883431 -0.00348603 -0.00836587  0.0712846  -0.06251676
  0.02154439  0.03432967 -0.05332321  0.03442676 -0.00772052 -0.04706375
 -0.00236689 -0.01736736  0.0303167   0.05819509 -0.01018254  0.05808725
 -0.01232593 -0.02924076]
room    [ 6.83571014e-01 -3.38933999e-01 -8.86175827e-03  4.26492717e-02
 -3.95075945e-02 -5.92278745e-02 -2.48087705e-02  1.64400956e-01
  4.22660930e-02 -2.59278220e-02  4.95153726e-02  5.29575384e-02
  9.12613419e-03  4.07137782e-05  2.78938987e-02 -5.79384650e-02
  9.06623331e-02 -4.81556901e-02 -7.18331094e-02  5.99176578e-02
  3.54924067e-02 -2.84263332e-02 -7.32130704e-03  7.71074264e-02
 -1.15645212e-03  6.09581431e-02 -7.12898154e-03  2.61980859e-02
 -4.42566931e-02  4.01903446e-03 -5.34875768e-02  2.46227275e-02
 -4.13362251e-02  4.50928815e-03 -1.82479032e-01  5.36980767e-02
  8.08088882e-02 -6.30946802e-02  1.17325381e-02  1.70758699e-02
 -3.91425670e-02 -4.79789998e-02 -1.48728987e-02 -1.13181498e-02
 -2.67529229e-02  1.34624717e-01  2.51255557e-02  5.02181959e-02
 -4.78072265e-02  4.61436791e-02]
allow    [ 0.83156374 -0.06855323 -0.02751141  0.00711034 -0.10202568 -0.09445259
  0.11831397 -0.1368998  -0.01692092 -0.11587826 -0.08621075 -0.08108281
 -0.01234506  0.02668882 -0.0208623  -0.04506124  0.05254237 -0.01741947
  0.04377628  0.02658769  0.033596   -0.04113923 -0.02229149 -0.04200505
 -0.0898136  -0.01893229  0.04448091  0.03820245  0.08369458 -0.06712137
 -0.05928701  0.02516772 -0.00101645 -0.03729859  0.00275964  0.03912735
 -0.01665421 -0.04526575 -0.12055802 -0.00660983 -0.03406867 -0.01370421
  0.01428642 -0.0122524  -0.03245944  0.02390855 -0.04518758 -0.03828631
  0.01470371 -0.02624778]
whose    [ 0.61138389 -0.17924238  0.31142649  0.24264498 -0.1215463  -0.04924009
 -0.02987415 -0.27569916 -0.00616662  0.06248206  0.10025449 -0.07532481
  0.00428033 -0.15448765 -0.05838824  0.09158682  0.01308336 -0.02838677
 -0.10379849  0.01308712 -0.10886933 -0.06177285  0.01915004 -0.03783533
 -0.02325166  0.02894248 -0.03569384 -0.04679619  0.05637082  0.02623607
 -0.05497118 -0.00369468  0.00798328 -0.06419866 -0.04310329 -0.00931285
 -0.06708568 -0.06198003  0.08573252 -0.02659183 -0.03569377  0.02228348
 -0.02735359 -0.08351624  0.08547894 -0.03665574 -0.00479096  0.04068523
 -0.02486381  0.00489961]
hell    [ 8.35654526e-01 -1.55661349e-01 -1.97264775e-01 -1.27711139e-01
 -3.08560944e-02  1.59350153e-02 -8.36212972e-02  4.23485445e-02
  5.88892142e-02 -3.44512212e-02  5.05508892e-02  7.80873670e-03
  1.41340554e-02 -1.03003766e-01  7.28818587e-02 -8.82619951e-02
 -4.05011544e-02  8.59272425e-02 -3.20545085e-02 -4.40122514e-02
  3.70976053e-03 -8.15760299e-03 -9.52392278e-02  5.90999475e-02
 -3.02238205e-02  1.61754911e-02 -5.73548587e-05  5.76881295e-02
 -1.69414358e-02  5.02734577e-02 -3.97567978e-02  4.18716595e-02
 -1.00443444e-01  9.66554800e-04  2.74926668e-02  1.24168465e-02
 -1.27391189e-02  1.32172808e-02  5.29074569e-02 -4.42727301e-02
 -1.81294329e-03 -4.06966221e-02 -4.28485623e-03 -2.37858440e-02
  4.49228121e-02  5.19765125e-03 -6.69181203e-02  9.83208885e-02
 -3.28078806e-02  1.30020346e-02]
none    [ 8.15946242e-01  8.88787549e-02  2.41324214e-01 -3.93184915e-02
 -1.02676660e-01  9.96053131e-02  1.37659648e-01 -1.43352164e-01
 -2.71267751e-02  9.08683047e-04  6.40826245e-02 -1.16386044e-01
 -8.11453134e-03  6.86742631e-02  1.18277964e-01  4.94038808e-02
  3.54528028e-02  4.52321818e-02 -1.03628762e-01  1.79348014e-02
  4.02486367e-02  3.38116517e-02 -5.64633011e-02 -3.71776245e-02
  9.92319756e-04 -2.17651501e-02 -2.42098708e-02  9.17342460e-03
 -5.09710361e-03  1.75620628e-02 -2.68127939e-02 -2.17939212e-02
  2.07256610e-02  4.07202845e-02 -9.98877830e-03  2.28131368e-02
 -1.57690686e-04 -2.59774831e-02  2.20679746e-02  2.37985367e-02
 -1.37494421e-02 -3.29523561e-03 -5.10233848e-02  3.68965279e-02
  1.99251605e-02 -3.11728800e-02  2.60256351e-04  2.22255806e-02
 -1.77178515e-02  2.05781080e-02]
explain    [ 7.83776591e-01 -4.74454489e-02 -5.05126048e-02 -1.06356911e-01
 -1.81374496e-01  1.48842108e-02  8.45026635e-02 -8.53564537e-02
  6.96024927e-02 -7.43267705e-02 -1.66894405e-01  2.77725542e-03
 -8.32460843e-02 -4.59211820e-02 -6.91125131e-02 -1.32918617e-01
  9.45033370e-03  1.45017656e-03  4.67302702e-02 -5.03910473e-02
  2.45217047e-02  2.41471469e-02 -2.55146779e-02 -2.36442087e-02
  2.10222923e-03  3.14761718e-02 -3.35806526e-03 -4.25324387e-02
 -4.47141838e-02  1.95391880e-02 -2.20311573e-02 -6.48164706e-03
 -1.94112803e-02  3.67000533e-02  1.17409720e-02 -3.97084625e-02
 -9.87185582e-02  4.47584850e-02 -4.02426590e-02  4.09694116e-02
 -2.12544909e-02  2.45849836e-03  7.69422921e-03  2.53371261e-02
 -6.89129300e-02 -9.08524741e-03  2.60343379e-02 -2.99990556e-04
  6.82099147e-02  1.88104048e-02]
rating    [ 0.64162168  0.14584054 -0.23928287  0.00113779  0.08846435  0.10652864
 -0.08400684 -0.02854147 -0.05592953 -0.23806419  0.12167639 -0.05756952
 -0.0277941   0.04865527  0.18912995  0.05780819  0.0867766  -0.06849367
  0.24494487 -0.04964284 -0.1405815  -0.00697451  0.20162513  0.03800293
 -0.14414468  0.14375561  0.01936495 -0.03524041 -0.07980871  0.02181114
 -0.07639035 -0.00753086 -0.00205305  0.04706117  0.02310687  0.08833404
 -0.01898997 -0.01200454 -0.02009023 -0.0012829  -0.00135922 -0.04773667
 -0.01600818 -0.02930451  0.04245946 -0.04739018 -0.00715104 -0.00364151
  0.04764871 -0.01547393]
provide    [ 0.77921779  0.25917836  0.2379551   0.08583124  0.00350153 -0.070766
  0.02023926 -0.00732104 -0.00179125 -0.08162974 -0.16151965  0.03053485
 -0.05379086 -0.01771941 -0.02386187  0.1061748   0.04999811  0.06217175
  0.04486665  0.08686787  0.01950951  0.00332592 -0.02157227  0.04995964
  0.0466412   0.02120544 -0.01536684 -0.04597705 -0.02104674 -0.03651682
 -0.02525886  0.0128088  -0.03159766 -0.02734089 -0.0299171  -0.01206876
 -0.02298268 -0.0503524  -0.03998746  0.01960455 -0.00849942  0.03944396
 -0.02516074  0.02798735 -0.01629985  0.04517702 -0.02606197 -0.03002908
 -0.02677182 -0.01493986]
serious    [ 0.87278448  0.16065045 -0.01255246 -0.00613135 -0.03785896 -0.07313674
  0.0276477   0.05082287 -0.06999884 -0.03266853  0.10952444 -0.0806565
  0.02129856 -0.05475088 -0.00437566 -0.01571687 -0.04232834  0.04094245
  0.06304291 -0.09443016  0.05179512  0.01715651  0.00285061  0.09016054
 -0.00566067 -0.07963577 -0.01800877  0.0039698   0.02415292 -0.00340212
 -0.0260984  -0.06225775  0.05546389  0.03409401 -0.0339428  -0.00930433
 -0.05322531  0.06501865 -0.02849643 -0.00095842 -0.04293946  0.00542298
  0.00258831 -0.02205219 -0.01520685  0.00161225 -0.00829794 -0.03243411
 -0.01315764  0.03793788]
usually    [ 0.9046068   0.13604385 -0.07814014 -0.09705989  0.0447089   0.0269585
 -0.09548843 -0.05357904  0.01736892  0.08182699 -0.03607986 -0.02086794
  0.00347468 -0.00092349  0.01256775  0.05225185 -0.03509024  0.08726711
 -0.01439641 -0.09072257 -0.0574702   0.02072484 -0.05795873  0.0507191
  0.03539219  0.05400973  0.03353505 -0.02483965 -0.01447596 -0.0111715
 -0.05685862  0.02908714  0.00938945 -0.06626616 -0.00691475  0.01095265
 -0.00852374 -0.00940039  0.01434737 -0.01894782  0.03013496  0.03121298
  0.01564514 -0.02222632 -0.01138409 -0.02224909 -0.00315796 -0.01484915
 -0.05297297 -0.03818161]
cinematography    [ 0.62635433  0.17700835  0.3171685  -0.13981368  0.23198701  0.09834603
 -0.06718708  0.15161755 -0.07398175 -0.1480791  -0.19423339  0.09926575
  0.04357476 -0.0630296  -0.02347884  0.05166097  0.06459412 -0.10673887
 -0.08616039  0.08639371 -0.02198758 -0.00745908  0.02428146  0.00905939
 -0.04684954  0.08138975 -0.1117169  -0.12846466  0.09411121 -0.0254174
  0.03907271  0.04516842 -0.01718748 -0.07386306  0.05264112 -0.04566331
 -0.01494493 -0.06644396 -0.01137213 -0.03446033 -0.01471424 -0.03119612
 -0.01267055  0.01085685 -0.12351065 -0.04975125  0.00994716  0.01129332
 -0.00981581  0.00693842]
season    [ 0.46253948 -0.21758385 -0.04341628  0.10661002  0.17408667  0.11707434
  0.05986896  0.04143026  0.19051999  0.01544723  0.12416687  0.2289058
 -0.07725732  0.10046043  0.17181002 -0.05768672  0.11405017  0.07496019
 -0.00247424  0.1042453   0.02261181 -0.06649134  0.19836088 -0.14690354
  0.26014127  0.04117937  0.11464943  0.03115135 -0.01915322 -0.07730906
  0.0294634   0.14125838 -0.01665983  0.10930763  0.07830114 -0.11780742
 -0.19830661  0.07398483 -0.05324006  0.10332676 -0.04002056 -0.0645713
 -0.00556969  0.08562274 -0.03512461 -0.02790835 -0.08250454  0.00435373
 -0.04340798 -0.04737809]
crap    [ 0.6975263  -0.01307953 -0.17987238 -0.18763201  0.08358715  0.04372754
  0.02341786  0.0386123  -0.08567696  0.12913428 -0.00308305 -0.02852141
  0.05445655  0.03499283  0.05900147 -0.060887   -0.04943395  0.00435513
  0.04972383  0.02446043 -0.01342497 -0.07475287  0.01096477 -0.00115997
  0.0380537   0.04968152 -0.0545806   0.0951916   0.03107652  0.01658567
 -0.03323046 -0.0756858   0.06874981 -0.02325612 -0.01318376 -0.01875898
  0.00184364  0.02051606  0.10814088 -0.03234002 -0.0120035   0.0035244
  0.0430696  -0.04639699 -0.00103283 -0.00379593  0.03679843  0.04854917
  0.0338601   0.03536237]
value    [ 3.87145041e-01  8.62158274e-02  3.71346706e-02 -2.77344268e-02
  3.77646610e-02 -1.79012347e-02 -1.27354385e-02  7.62574614e-03
 -3.88047787e-02 -5.78873252e-02 -4.82217550e-02  2.97292561e-02
  6.06869480e-02 -4.67092146e-02  2.30535038e-02  2.99342661e-02
  9.23875752e-02 -2.52913480e-02 -4.24641454e-02  3.69646131e-03
  7.65618123e-03  2.74725984e-02  6.83493922e-03  2.58351394e-02
 -2.95300962e-02  3.76871172e-02  1.63765550e-04  3.60682332e-02
  5.47048818e-03 -3.90067724e-02  2.28308966e-02 -4.98693559e-02
 -3.04801557e-02 -8.93707344e-02  8.72436865e-02  2.93807890e-02
  7.12794173e-03 -4.90218168e-03  2.48396976e-02  9.84338043e-03
 -1.25344652e-01 -7.40588662e-02 -7.16180747e-02 -5.26186979e-02
 -4.63272862e-02 -1.28099520e-01  1.29677944e-01  1.08418199e-01
  1.09306976e-01 -1.55211159e-02]
across    [ 0.29688956 -0.1190982  -0.04180709  0.04087958 -0.03376775 -0.02381035
 -0.04845552  0.0328527  -0.08614386 -0.09137287 -0.01173215  0.08628011
  0.01648421  0.07288971  0.05850451 -0.00499695  0.02533145  0.0201487
 -0.15246801  0.03954472  0.11808579  0.23712384 -0.08216647 -0.05233621
 -0.11791946  0.23027109  0.03726804  0.25198727  0.00798446  0.32890893
  0.07827685  0.22730042  0.37221361 -0.09944635 -0.26841505  0.09797368
 -0.00457558 -0.01735754 -0.13264694  0.19667081  0.04933047  0.03696933
  0.06949964  0.01105474 -0.03614041 -0.06048089  0.06047761 -0.03625
  0.09388677 -0.04369164]
rock    [ 0.64143124 -0.06208426 -0.01054131  0.00189622  0.09234875  0.05358283
 -0.13668373  0.04835626 -0.04110839  0.07475017 -0.01466372 -0.03029728
  0.07091134  0.01679354  0.0323724  -0.04652181 -0.01576959  0.01848573
  0.0624612   0.01792166 -0.01226259  0.08967662  0.01966312 -0.02527857
  0.0069699   0.11104651 -0.01754046 -0.01463826  0.01959066 -0.04367041
  0.05354211 -0.05484125 -0.03980655 -0.00906592  0.08383429  0.07433048
  0.05897188 -0.03435791 -0.06473423 -0.05860232 -0.05539241 -0.02878416
 -0.01253786  0.09156235 -0.01334201  0.03376911  0.0346493  -0.11064412
  0.07106355 -0.00322665]
sad    [ 0.84252424  0.11932576 -0.0696352  -0.10728557 -0.09708988  0.05753461
  0.07118429 -0.03717357 -0.05865419  0.08368872  0.05498942  0.07344398
  0.04389118  0.07083974 -0.14850692  0.00549842 -0.02706018 -0.00703363
  0.00313752  0.06027354 -0.1013149   0.07873336 -0.04646882  0.01327881
  0.02844818 -0.04195481 -0.02204457 -0.03716421  0.02649876 -0.02664852
  0.0332568   0.0132105   0.02623826  0.08180016  0.01698246  0.05347572
 -0.0386197   0.01843725 -0.04891408 -0.01810395  0.00879932  0.04272844
 -0.0089677   0.03650904 -0.05464528 -0.05664084 -0.01468667 -0.04214543
  0.00457521  0.03052963]
offer    [ 0.84208992  0.18069789  0.03614257  0.07229019 -0.06474491 -0.07382033
 -0.00533309 -0.03213224 -0.03476828 -0.06521955 -0.07958099 -0.00130408
  0.01586577 -0.03453981 -0.01588569  0.03129181  0.05541162  0.02698337
  0.02695478  0.01261269  0.0499086   0.05661227  0.02672137  0.02117687
  0.0307726  -0.06268177 -0.01943216  0.01112316 -0.00417043 -0.01423614
  0.00994462 -0.02581989 -0.09583993  0.03368458  0.01898413 -0.04123788
 -0.02198512 -0.06371222  0.02358123  0.07701903  0.08292447  0.0424426
 -0.01535075 -0.04741836 -0.00093074  0.07017644 -0.02770567 -0.09998601
  0.00500712 -0.04068895]
ok    [ 8.78675980e-01  1.53162480e-01 -9.20752944e-02 -1.57633880e-01
  6.52765528e-03  1.66704968e-01 -1.02631720e-01 -1.23003418e-02
 -1.76916798e-02 -3.34695150e-02 -2.04475046e-03  2.67352430e-02
  2.03389162e-02 -2.02546569e-02  9.91857474e-03 -1.02098246e-05
 -5.19380344e-02 -5.86719614e-02 -4.26491681e-02  8.54720669e-03
 -1.50287502e-02 -3.10113571e-02  3.00375710e-02  2.59915490e-02
  2.69187593e-02 -2.77967096e-02  1.46115536e-02 -6.40105456e-03
 -3.35202913e-03 -1.41360867e-02  3.19204173e-02  4.26200295e-02
 -4.63325591e-02 -1.11605259e-02  4.38312478e-03 -1.89962301e-03
 -3.74084034e-02  3.94449258e-02  8.49880944e-03  4.17351037e-02
 -2.27681744e-02 -1.89544601e-02  4.75847222e-02 -1.73189388e-03
  3.32074141e-02  4.33573811e-02 -1.51396415e-02  3.95990129e-02
 -3.33780801e-02 -1.80216995e-02]
check    [ 8.49517777e-01  4.02280978e-02 -1.98493931e-01 -2.47909698e-02
  3.63187276e-02  5.34724416e-03 -1.00837419e-01 -2.97350068e-02
  1.11811341e-01  1.84842484e-04  4.42017878e-04  3.32251072e-02
  2.55747714e-02  7.55855642e-02  2.20004583e-02  2.03929897e-02
 -5.14987812e-02 -2.32562309e-02 -5.45371764e-02 -1.57802114e-02
  1.44734594e-02 -1.03836523e-02 -5.04444910e-02  5.16295544e-02
 -2.32095402e-02  3.19083952e-02 -7.79384914e-03 -3.86540657e-02
 -6.87881021e-02  1.74107723e-02 -1.48610562e-02 -3.01333825e-02
 -9.17131018e-02 -1.03643194e-02 -1.57481450e-02  1.42332111e-03
 -4.90826825e-02  1.14522831e-02  3.85014991e-03  2.17146199e-02
  1.55708209e-02 -1.74594973e-02  1.72635598e-02 -1.15932760e-02
  2.26888065e-02 -3.09778947e-02 -2.30757800e-02  3.60708283e-03
  2.04716539e-02  3.39778451e-02]
somewhat    [ 8.43696396e-01  1.68168880e-01  1.48194396e-01 -2.14541199e-02
 -9.39839894e-02  5.54815883e-02  9.93685351e-02  6.41832071e-02
 -7.16371977e-02  1.04169144e-03  6.71522509e-02  5.65235603e-02
 -6.77413456e-02  2.25403653e-02 -3.76832647e-02 -1.92026954e-02
 -8.51455025e-02  4.40258824e-02 -5.20414189e-02  8.23019254e-02
  2.43968395e-02  6.13788947e-02  7.25738290e-02  3.41093656e-02
 -1.83771746e-02 -2.61917384e-02  4.58855697e-02  3.79887602e-03
 -9.26285968e-02 -4.89016530e-02 -5.99499705e-04  2.25583932e-02
  3.37272585e-02  1.49089374e-02  1.74180474e-02  1.30715536e-02
 -3.15931173e-02  3.46410818e-04  4.43784569e-03 -6.61627700e-02
  3.25784459e-02 -5.20844050e-02 -1.76512421e-02 -1.27810401e-03
  4.50534166e-02 -3.31172492e-02  9.28014858e-03  2.30412261e-02
 -2.29887636e-02 -1.35659286e-03]
possible    [ 0.81275265 -0.01805832 -0.05880563 -0.09262898  0.01217602 -0.09308866
  0.17529183 -0.02276124  0.0182255   0.01316422  0.07934027  0.03396308
 -0.03481557 -0.06052091  0.00627527 -0.05290927  0.0892265  -0.03572553
  0.07980624 -0.00455008 -0.03727663  0.06465742  0.03864744 -0.02870249
 -0.03028119 -0.03361326 -0.0214702   0.01926932 -0.00394367  0.03004514
  0.0097797   0.01131663 -0.03192085  0.15110253 -0.04850874 -0.04189174
  0.07413647  0.01950917 -0.00228342 -0.02166112  0.03318118  0.06147474
  0.0070671  -0.05660376 -0.02968676 -0.08743903 -0.04130625  0.01025992
  0.070304   -0.08251193]
gore    [ 0.68956603  0.11033745  0.05610459 -0.11062312 -0.02009331  0.03693687
 -0.06175427  0.25914335  0.06141075  0.04501128 -0.15067321 -0.09879784
 -0.08734185  0.01073292 -0.08751389  0.10870792  0.08962477 -0.00255479
  0.06048415 -0.1130196   0.07668948  0.0166503   0.03968471  0.03161019
 -0.00953995 -0.03644127  0.13248106  0.05033829 -0.04954987  0.03943968
 -0.10426285 -0.00177864 -0.06816259  0.00168484 -0.06681328 -0.07157885
 -0.05692824 -0.10611541  0.04019732  0.02935958 -0.01420313  0.05103935
  0.06257511  0.14356429  0.10607026  0.05744987  0.02869394  0.01379534
  0.00218456  0.03143341]
usual    [ 8.44051672e-01  7.01554993e-02  2.39860675e-01 -2.40325760e-02
  3.02479248e-02  4.80021700e-02 -5.88098620e-02  4.03151195e-03
 -7.39942784e-02 -8.58042162e-02 -7.57228238e-02  3.94028624e-02
  2.18290300e-02 -1.13028766e-02  1.42563697e-02 -2.75109764e-02
 -3.32753586e-03  6.19022345e-02  2.54786634e-02  5.39077514e-03
  5.08607541e-02  1.77391917e-02 -6.17207107e-02  3.88005022e-02
 -3.60622292e-03  1.43482406e-03 -1.97253669e-03  4.13992951e-02
 -6.33234781e-04  4.67994446e-03 -1.05638903e-01  1.31426835e-02
 -2.37489532e-02 -1.20324110e-03 -2.80925178e-03  3.49169541e-02
 -3.97104349e-02 -2.29407966e-02 -3.93868979e-03 -7.18605975e-02
  8.45003605e-03  1.49926095e-02  1.45099030e-02 -1.42018681e-02
 -2.26403428e-02 -2.80548667e-02 -2.33391086e-02 -1.06429626e-02
 -2.59926441e-02 -3.75702530e-02]
scary    [ 7.99948437e-01  2.74271752e-01 -2.26518905e-01 -1.70465457e-01
 -1.09210257e-01  1.62676483e-01 -1.39810827e-01  2.92356705e-03
 -6.41050608e-03  8.40702059e-02  9.57612298e-02 -3.10991566e-02
  7.57896160e-02 -8.65084950e-02 -4.63358129e-02  3.08100484e-02
  5.94884153e-02  9.20283122e-04  4.72465779e-02 -2.57106022e-02
  8.26570373e-02  9.59235159e-02 -5.22724144e-03  5.91662089e-02
  3.96141895e-03 -2.94101349e-03 -1.19081093e-03 -5.04924276e-02
 -4.01410315e-02  1.42763360e-02  6.12481451e-02  9.62928678e-03
  4.93755268e-02  3.93565402e-02 -2.59596263e-02 -8.12554665e-04
 -2.93238009e-02 -1.64196964e-02  9.12395858e-03  2.60282814e-03
 -5.33250090e-03  5.49213369e-03 -2.72674940e-02 -2.90140194e-02
 -2.03409175e-02  2.29112588e-04 -5.36970639e-03  2.59067125e-02
 -3.50658422e-02  2.05266285e-02]
anyway    [ 0.92926512  0.01075926 -0.16126244 -0.1014714   0.03699    -0.00228832
 -0.07914121 -0.03072037 -0.01521541 -0.02445819 -0.0752233  -0.00629987
 -0.04217216  0.07164206 -0.01624551  0.01243475 -0.04582518  0.02507625
 -0.01016388  0.04123994 -0.02730643 -0.03454567 -0.0304934   0.05530827
  0.02227682  0.0052237   0.00401544  0.00204296  0.00579004 -0.02073389
 -0.01642105  0.01095814 -0.02680354 -0.00156931  0.01243876  0.01352714
 -0.01303767  0.0289569   0.01689458  0.02184584  0.01791983  0.00933767
  0.01268026  0.00113881  0.00855427  0.02210321  0.0020112   0.02881606
 -0.00965268  0.0188387 ]
message    [ 0.842178    0.19604001 -0.0726156   0.01818232 -0.04862032 -0.10062286
 -0.11287691 -0.01785058 -0.0870953  -0.14382019 -0.02202345 -0.01437935
 -0.059954   -0.00558143  0.04139997  0.11080978  0.01193069  0.01634967
  0.0931885  -0.03460949 -0.06449744 -0.01115979  0.01626644  0.0175795
  0.02186442 -0.02757245 -0.04282562 -0.03516266 -0.02233544  0.00956023
  0.0726506   0.01045799  0.02830141 -0.03371056 -0.02196518  0.00444928
  0.01186882 -0.01410115 -0.00152962 -0.00694053 -0.01498685  0.00310219
  0.02154433  0.00384033 -0.00828254  0.039224    0.01461683  0.00805114
  0.0066965   0.03882905]
local    [ 6.31095489e-01 -1.66781822e-01 -7.15281127e-02  1.29334831e-01
 -1.51512373e-02 -6.50317524e-02 -1.43490116e-01  3.35596544e-02
 -3.04174680e-02  3.06792418e-03  3.24189031e-02  2.99188421e-02
  7.05641016e-02 -1.38510821e-02  5.99411403e-02 -3.58863326e-02
  2.75130557e-02 -1.02101246e-02 -1.26132450e-01 -5.24548636e-02
  8.86736825e-02 -4.97777868e-02 -1.90380856e-02  4.03341863e-02
  9.40583854e-03  5.59514541e-02 -2.91120893e-02  3.77644657e-02
 -1.30637954e-01 -9.97503208e-02 -1.74376639e-02 -6.65908655e-02
 -6.41073506e-02 -8.75411069e-02  3.37376005e-04  1.56834238e-02
  3.41972506e-02  4.10078185e-02  7.13917701e-02 -3.49219330e-02
 -1.18108831e-02  9.28988959e-02 -5.83432442e-02 -5.82197033e-02
  1.25224797e-01 -1.44620789e-01 -4.87644417e-02 -9.69278585e-02
 -3.10630700e-02  7.90048398e-02]
huge    [ 0.60016856  0.02931894 -0.07715546  0.03943706  0.06119198 -0.07072699
 -0.06032141  0.00573697 -0.02711169  0.03894295  0.05413762 -0.0315647
  0.04252949  0.04346114 -0.00628247 -0.04164521 -0.04896147  0.07158835
  0.02578124 -0.02963089  0.01753049  0.0568282  -0.01413731 -0.01897896
 -0.04190644  0.01008568  0.1148221  -0.00928191 -0.01766749  0.07853788
 -0.0283409  -0.13806894 -0.0054336  -0.07495055 -0.01627076 -0.0295858
 -0.06624707 -0.04728557 -0.02951628 -0.0014612   0.00179036 -0.07136053
 -0.04686259  0.09810311 -0.02499851 -0.00611143 -0.00420834 -0.06128249
  0.15533579 -0.05408944]
seriously    [ 0.48980472 -0.02449006 -0.07790558 -0.01404225 -0.05178675 -0.05435603
 -0.00123907 -0.01508336 -0.04425439 -0.07397658 -0.02105722  0.08263165
  0.05851243  0.00803005  0.14527131 -0.06038481  0.05917865  0.08892263
 -0.07283612 -0.25657719  0.05650364 -0.11521288  0.13134139  0.37139916
 -0.0495206  -0.17147886  0.06809439 -0.00634889  0.28914102 -0.28595862
  0.16123456 -0.1907008   0.23923949  0.01734889 -0.12400027  0.0151409
  0.0107261  -0.02928442  0.03467156  0.02563099  0.07332963  0.02025299
 -0.01113529  0.0381283   0.03753058 -0.04810679  0.00306936 -0.05144015
  0.04005825 -0.00703684]
sister    [ 0.6294049  -0.35500383  0.02439872  0.04881767  0.02307908  0.06509309
 -0.18173601 -0.11509229 -0.03446305  0.06940934  0.12468054  0.0282035
 -0.0565475  -0.05011114 -0.13057148  0.05005824 -0.01506195  0.02368192
  0.01769868 -0.05297871  0.08986169 -0.03977065  0.1009802   0.05549073
 -0.03271559 -0.03552357 -0.09442553  0.09729596 -0.06987694 -0.01416613
  0.04364298  0.02701349 -0.01069889 -0.00531593  0.03223312 -0.02168394
  0.04941344 -0.03928276  0.06721959  0.07374197 -0.02917771  0.03170697
  0.12770583 -0.03870417 -0.07406817  0.00373597  0.08571251  0.0135647
  0.00779826 -0.01896063]
comic    [ 0.57560096  0.02604202  0.11223627 -0.03542432  0.09983262  0.03232249
 -0.02623114 -0.0252522  -0.01971605  0.11210396  0.00360644  0.0207172
  0.01788596  0.10015188  0.00375115 -0.09227099 -0.01921858  0.01056836
  0.0941138  -0.06006032  0.02559814 -0.01371312 -0.02378018 -0.08032198
 -0.00766023  0.03684591  0.02572654 -0.02166087 -0.03191431 -0.0143042
  0.09119087 -0.02180627 -0.04253027 -0.03749538 -0.15541811 -0.1322231
 -0.0200714  -0.01493461  0.01122052 -0.03214273  0.08039314  0.15056636
 -0.18651434  0.01407041  0.05025701  0.03035284  0.08202321  0.07397012
 -0.06597448  0.04311361]
cool    [ 7.96301896e-01  5.88778536e-03 -5.60684054e-02 -2.05600565e-01
 -4.89770198e-02  1.70189218e-01 -7.08390441e-02  6.78395607e-02
 -4.47473330e-03  7.54263713e-02  3.47701063e-02 -1.40021395e-01
 -5.85586706e-04  7.54814918e-02 -2.56396572e-02  1.19531209e-02
  1.39498975e-02 -1.02575209e-01  2.70000999e-02  6.20666351e-02
  9.21637002e-02  1.12815582e-01  1.01810349e-02  8.87304848e-02
  8.39240574e-04 -3.15673749e-02 -2.00403703e-02 -9.20188187e-02
 -2.02364601e-02 -3.38180782e-02  2.03842933e-02  1.94722497e-02
  2.49232279e-02  6.68328098e-02  2.78324086e-02  2.20419217e-02
 -1.00323703e-01 -2.72244596e-02 -4.62828325e-02  8.92437558e-02
 -3.67825930e-02  4.78032421e-02 -9.26133943e-03  4.08685905e-02
  1.26594635e-03 -1.66640399e-02  8.21913290e-02  1.82979645e-02
 -3.00538603e-02  1.65947248e-02]
hilarious    [ 0.85081296  0.16197805  0.01394733  0.00614539 -0.0432553   0.06296588
  0.01238896  0.12622822  0.14328242  0.07890389  0.15189972 -0.0574762
  0.05148633  0.0327174  -0.10461193  0.00837161  0.01652816 -0.00132254
  0.02091996 -0.05211084  0.03376223  0.00847504 -0.05571089  0.01534315
 -0.02520792  0.02029528 -0.09981332  0.05018858 -0.02222119  0.02659083
  0.03696305 -0.0414248   0.02879289  0.03719078  0.00246681  0.00161615
 -0.01356008  0.0763736  -0.0460813  -0.03302084  0.05532541 -0.01442974
 -0.03350172 -0.01136968 -0.00196404 -0.03970154 -0.05264826 -0.03850914
 -0.05432895 -0.01662792]
focus    [ 8.21911649e-01  2.34686203e-01  1.96635489e-01  1.53685411e-01
 -2.24530472e-01  3.11512803e-02  1.10250233e-01 -7.77392100e-02
 -4.02258016e-02  4.20706592e-02  8.80742242e-03  4.75896853e-02
 -2.64167429e-02  1.72948896e-02  3.88680994e-02  2.95411983e-02
 -5.22697457e-02 -3.93925640e-04  4.89783891e-02 -1.00175187e-03
  4.25691417e-02 -8.84753432e-02  1.48185310e-03  1.33211736e-03
 -1.38941229e-02  4.46906518e-03  2.36226309e-02 -7.05777385e-03
 -2.01799360e-02  1.08573964e-02 -4.48887333e-02  3.55815292e-02
 -2.84086369e-02 -2.76981807e-02  3.07300948e-03 -9.22264449e-03
  3.76514878e-02 -1.47472674e-02 -1.51384345e-02  4.30984408e-02
 -2.20042898e-02 -2.29061009e-03  2.73502600e-02  3.43961685e-03
 -1.27165250e-02  1.48143765e-02  2.23397737e-02  1.01753162e-02
  8.64637343e-03 -2.46222853e-02]
english    [ 0.66872744  0.06895496  0.07028129  0.03435375  0.10957763 -0.10881468
 -0.02246991 -0.04699792 -0.02741305 -0.00628259 -0.10788621 -0.07648828
  0.0203454  -0.01176845 -0.03732597  0.03272526 -0.02969716 -0.03607602
 -0.11821398 -0.06260285 -0.00450838 -0.00899507  0.06281622 -0.07887993
  0.00397659  0.06979116  0.07709768  0.04072504 -0.02188033 -0.00151114
  0.04938781 -0.0744001   0.03388768  0.01857483 -0.01519522  0.12360851
  0.08003224  0.06858367 -0.02215276 -0.10148882  0.00559602  0.12411804
 -0.04239589  0.01270316  0.10328033  0.10807346 -0.03971667  0.08351388
 -0.0719629  -0.1400237 ]
major    [ 0.79856933  0.15294481  0.13897717  0.17595765 -0.01216831 -0.09203262
  0.01782257 -0.0476224   0.07246614  0.00528647  0.1206929  -0.02562689
  0.00081271  0.02654201  0.11419427 -0.0333441  -0.06103335  0.06086336
 -0.05215694 -0.03790141  0.02308187 -0.00446542  0.05069729 -0.01491439
  0.01275858 -0.02439696  0.06693671 -0.01183784 -0.03974108  0.00966065
  0.01241823 -0.00845606 -0.023061    0.00279245  0.05236326  0.0119691
 -0.04052985 -0.01095365 -0.01978499 -0.04379995 -0.06318278 -0.00447704
  0.05678138  0.02108546 -0.03853661 -0.02496656  0.0083198  -0.04067853
  0.02430595 -0.00935991]
mostly    [ 0.8681557   0.16448138  0.19029612  0.02418828 -0.0261087   0.06013703
 -0.02858278  0.04853559 -0.08008581  0.00421812  0.0112671  -0.03401696
  0.04002481 -0.01334771 -0.01702618  0.01785377  0.00683318 -0.02571054
 -0.08275464 -0.02930978 -0.02090464 -0.01195669  0.00877464 -0.00984617
  0.01958082 -0.03152313  0.0133555   0.05730407 -0.00615134  0.00336858
 -0.01009897 -0.00801605 -0.00719727 -0.00311838 -0.00324462  0.06269415
  0.04138946  0.01692626 -0.01312569 -0.0232365  -0.00201883 -0.02227243
 -0.02963012 -0.02009408 -0.00214182  0.01696643 -0.01107589 -0.00348467
 -0.0215318   0.00516551]
ridiculous    [ 0.81070571  0.1230942   0.05349725 -0.09801704 -0.1927373   0.17889424
  0.01762769  0.13817469  0.01968763 -0.00993233  0.09592476  0.00853974
 -0.06631674  0.02924759 -0.06370166 -0.11276068 -0.05371869 -0.02598298
 -0.0205524   0.04837746  0.03102254  0.08461     0.06417864 -0.02916803
 -0.07086358 -0.06506076  0.07349109  0.04696255 -0.01420522 -0.07277951
 -0.01159641 -0.05307413  0.04214862  0.00642363  0.05066348  0.01409433
 -0.00405027 -0.00581833  0.00908447 -0.02173353  0.00549249  0.04760913
 -0.02995193 -0.01836282 -0.00987406 -0.01134594  0.02137197  0.05054438
  0.0129604  -0.00378248]
robert    [ 0.67261284 -0.11532272  0.2480435  -0.02371036  0.26328994  0.03617107
 -0.15642337 -0.13666464 -0.0204075  -0.0288544   0.08841761 -0.08342511
  0.03808416  0.03989293 -0.09703616 -0.17467884 -0.04835153  0.15772939
  0.04013432 -0.0572523   0.02120656  0.04741623  0.01384522 -0.03544698
  0.00345146 -0.02527028 -0.01274351 -0.05479326  0.00239925 -0.03252123
 -0.02329267 -0.00995983  0.00419597 -0.03599214 -0.07023695  0.0475456
 -0.06621042 -0.06772425 -0.00262104  0.02995064 -0.07436011  0.02706884
  0.00715936 -0.04031465 -0.02625233  0.0508875  -0.03752298 -0.01514633
 -0.00698731 -0.06889445]
amazing    [ 0.86146348  0.25777781  0.07338026  0.0866744   0.02095606 -0.01915036
 -0.05908778 -0.01027305  0.02119482 -0.04891052  0.07481193 -0.02089885
  0.0413257   0.05608952 -0.08212327 -0.07688728 -0.02628398 -0.17179025
 -0.02142944  0.07200743 -0.04576865  0.03675296 -0.00881468  0.041533
  0.05579557 -0.04162806 -0.03806056  0.02085902  0.02842929 -0.02390744
 -0.03182757  0.0367762   0.02279392 -0.0029785   0.05174125 -0.03798764
 -0.02848452 -0.02096674 -0.02426576  0.01465705  0.02245251 -0.00698085
  0.01876447  0.02072587  0.04096128 -0.01787242 -0.02451016  0.03588469
 -0.04837246  0.0047127 ]
form    [ 0.77122998 -0.06694426  0.10160298  0.11900444 -0.04401796 -0.09125367
 -0.03612277 -0.01256897 -0.04681767 -0.03643997 -0.08338427  0.10929399
  0.02791395  0.02463918  0.04603884 -0.00336115  0.07274752 -0.01315174
 -0.00359689 -0.03603797  0.06641991 -0.00217199  0.04127708  0.05764092
  0.00296007 -0.04049716  0.01657185  0.03925387  0.06644193 -0.03513173
  0.06653006 -0.07835796  0.0783399   0.0438173  -0.02429479 -0.04776166
  0.02856638 -0.00252022 -0.02599056 -0.04680427  0.08296386  0.06875946
  0.03327601 -0.01761412  0.01983862 -0.02767335 -0.02182222 -0.02723165
  0.04528137  0.00765445]
compare    [ 8.63587411e-01  2.79880658e-01 -5.04971252e-02  6.44431309e-02
 -1.63026510e-02 -7.66639997e-02 -1.01392853e-01 -3.61485961e-02
  1.17777369e-02  5.47364045e-02 -7.32575768e-02 -2.42849985e-02
 -3.46551100e-02 -4.49619221e-02  3.40232417e-02  5.55735511e-03
  2.29195294e-02  3.19673802e-02 -1.33418627e-02 -9.77506926e-03
  5.00039084e-02  5.85679215e-04  5.83022130e-02 -4.89962802e-02
  2.31240197e-02  1.52438857e-02  1.16721379e-02  2.55410185e-02
  6.71824949e-04  2.63249917e-02  1.77088982e-02  2.84941391e-02
  2.86818982e-02  6.16496706e-02  1.31016998e-02 -3.70412673e-02
 -1.21952120e-02 -2.54184284e-02  8.13187355e-03 -2.13923234e-02
 -6.61372413e-03  4.31356717e-02  1.97361784e-02 -5.22768212e-03
  1.95000718e-02 -1.69017385e-02  2.18848788e-02  1.60976640e-02
  4.29371544e-03 -4.93100080e-02]
due    [ 7.60385205e-01  1.12817623e-01  6.81565817e-02  8.53144507e-02
 -1.33496413e-02  2.06238923e-02  1.56285763e-02  3.86497457e-02
 -4.04748622e-02 -1.35056997e-01 -2.33446551e-02 -2.39893892e-02
  2.81455005e-02  1.37325987e-02  2.35851529e-02  5.37249995e-02
  1.75575120e-02  1.11117823e-02 -6.58620543e-02 -6.44430068e-02
 -8.35128806e-02 -5.74726595e-03  7.30021329e-02 -6.09316134e-02
 -1.08919969e-02 -9.78288301e-03 -7.50012725e-05  4.66486095e-02
 -2.56875744e-02  5.31201366e-03 -9.23635847e-02 -6.31305381e-03
 -8.47284971e-02 -3.88436914e-02  1.41024204e-03 -8.41968019e-03
 -1.43879424e-02  8.24716724e-03  1.44502040e-02 -2.50440929e-03
 -4.30306716e-02 -3.07453036e-03 -2.00119632e-02  4.62409568e-02
 -4.80163837e-02  4.78757801e-02  5.51668865e-02 -3.34477270e-02
  4.43758567e-02 -3.19108125e-02]
strange    [ 0.8661722   0.05506331  0.06004478  0.02199568 -0.15140838 -0.0010262
 -0.02543453 -0.01872456 -0.11536075  0.06760307  0.01200231 -0.06082545
 -0.06844623  0.07534226 -0.02422196  0.01415134 -0.02745964 -0.01524193
 -0.05694877  0.06063082 -0.03458426  0.08183168  0.01306979  0.06017983
 -0.00153961 -0.02212867 -0.04698512 -0.0318165  -0.00486576  0.02877576
  0.05263002  0.01228196 -0.01384111  0.0231253  -0.00188851  0.05786875
 -0.0250535   0.0190343  -0.01146085  0.02498171  0.04971881  0.02938877
 -0.04616602  0.04464831 -0.05863017 -0.06996768  0.01425527 -0.05615986
 -0.06659403 -0.04547835]
drive    [ 0.65082757 -0.19919792  0.04322618  0.08238956 -0.17264815  0.02819907
 -0.02246484  0.00310569 -0.01680642 -0.02466979 -0.02420629 -0.04221907
  0.01863928 -0.05280338  0.02208967 -0.05375484  0.01475327 -0.01150877
 -0.03281769  0.0919443  -0.01877448 -0.14891296 -0.04645638 -0.04356775
  0.06010905  0.00660466 -0.02453591 -0.14112898 -0.06876841 -0.02092926
 -0.09391811 -0.12394773  0.01711394  0.02985396 -0.04992785  0.00347612
  0.05373542 -0.07195517 -0.0589814   0.0014466   0.03064167 -0.01928667
  0.05010805  0.06551303 -0.02674579 -0.11291275  0.0749318  -0.00245641
 -0.08037248 -0.0734944 ]
entertaining    [ 8.52153617e-01  3.35835433e-01 -7.92597174e-02 -4.80104273e-02
 -1.60756253e-02 -5.49489887e-02 -2.97361416e-03  9.85604411e-03
 -2.13130856e-02  2.26321546e-02  8.60254464e-02  1.69314717e-02
 -1.74847617e-02 -4.55607720e-02 -2.95464034e-02  6.90254860e-02
 -1.46402015e-02  9.18307953e-03  5.39980281e-02  4.46557203e-02
  1.01831431e-01 -1.54230376e-02 -5.70933316e-03  5.91767820e-02
 -4.25284569e-04 -2.06047833e-02 -2.48887148e-02  8.67141049e-03
 -2.43188986e-02 -2.14781564e-03  1.01155385e-02 -7.14526422e-04
  1.02561319e-02  2.86555436e-02 -1.96954043e-02  2.07309667e-02
 -8.76289882e-03 -7.43081347e-03  2.76945756e-02 -9.08572256e-03
  5.33414840e-02 -1.90112407e-02 -1.55907668e-02  3.07704770e-02
 -1.52425877e-02 -3.16174358e-02 -1.96242567e-02 -4.21070418e-02
 -3.99630969e-02 -1.42820377e-02]
filmmaker    [ 0.83312006 -0.09756161  0.08240478 -0.07308697  0.10945038 -0.18938789
  0.15596255  0.06232573 -0.05548461 -0.03566106 -0.04161993  0.0098413
 -0.06583738 -0.03817478  0.01115539 -0.02191359  0.00908322  0.00919439
  0.02475495 -0.0943375  -0.05874666  0.00290676 -0.03486811  0.06123155
  0.02913161 -0.05584788 -0.0296489  -0.05933857 -0.0387534  -0.03817076
 -0.0165983  -0.00937108  0.01845922  0.05373985  0.06330768 -0.00949196
  0.02934945  0.05387474 -0.0392215   0.06603602 -0.0437383   0.06036695
 -0.03902431  0.01670816  0.00952355 -0.00849241  0.02744463  0.08892724
  0.02354933 -0.0029265 ]
prove    [ 0.86592914  0.11269151  0.01640283  0.05453744 -0.01828861 -0.04625494
 -0.08941376 -0.07647736  0.12388106 -0.09802666 -0.04448442  0.01917962
  0.04205536 -0.1082807   0.00462788 -0.00446481  0.02741124  0.03459834
  0.03482556 -0.02464504 -0.05685567  0.08756385  0.00176737  0.01936872
  0.04586762 -0.01403019 -0.0504912  -0.01093479  0.03710779 -0.0392326
 -0.05206746  0.03357202  0.00562309 -0.02855335 -0.01062998 -0.02198686
 -0.03391675  0.02666083 -0.02082191  0.02376111  0.02874483  0.01617563
 -0.0243051   0.01657512  0.01622884 -0.02618444 -0.01924553 -0.00447497
 -0.0060177   0.02782608]
single    [ 0.6073721   0.01195254 -0.00611058  0.07478626 -0.04412912  0.05961348
 -0.0169596   0.02932304  0.31733096  0.04521359  0.08961004  0.05015954
  0.00765723 -0.00570254  0.12123271  0.02482209  0.01115529 -0.05391707
 -0.05810434 -0.07562374 -0.00678285 -0.02842378  0.02338477  0.01431849
  0.02843344 -0.02594504 -0.09202041  0.05813678  0.02774304 -0.01051299
 -0.00150761  0.01319789  0.05304024  0.00718175 -0.00447316 -0.08331262
  0.09172903 -0.02537673 -0.06137935 -0.04922519  0.05032406  0.05058899
 -0.02432362 -0.13266131 -0.03827664 -0.01862172 -0.09514545  0.06135017
  0.12764582  0.04457626]
pull    [ 8.24406019e-01 -8.09331133e-02  7.41263135e-02 -8.22407612e-02
 -5.80351014e-02  3.01292285e-02 -3.43742917e-02 -5.97241209e-02
  1.50261959e-01 -1.07675239e-01 -1.05651578e-01 -7.77580034e-02
  1.84872470e-02 -4.78381149e-02  2.37691432e-02 -6.77829873e-02
  1.02391748e-02 -2.87899235e-02  1.00052465e-01  1.07370570e-01
  7.15711412e-02 -3.27043221e-02 -1.15160342e-01 -3.08656659e-02
  7.54919382e-02 -5.85255625e-02 -1.05417073e-01 -5.98985733e-02
 -3.55617806e-02  1.33157797e-02  1.28767250e-02 -1.65844151e-02
  7.24101432e-02  1.07832073e-01 -1.19150139e-02 -1.64613610e-02
  4.23058132e-02  3.45504569e-02 -6.77705968e-03  4.13152922e-02
 -4.81303731e-02  9.99834593e-05  7.55914316e-03  3.62255209e-02
  4.79889193e-02 -1.22601492e-03 -6.61764835e-03 -1.86204978e-02
  2.52437386e-02  1.82509323e-02]
important    [ 8.43959991e-01  1.06322952e-01  1.12687554e-01  6.07221122e-02
 -1.44455412e-01 -4.86262292e-02  5.91718535e-02 -4.48859333e-02
  1.20068686e-01  5.97887877e-02  7.93224568e-02  3.56912903e-03
 -3.08442000e-02  2.81975460e-02  6.61545146e-03 -3.27373767e-02
 -2.89656708e-02 -4.05662174e-02 -7.28910871e-03 -1.05238487e-01
 -9.48424448e-02  6.38015983e-02 -4.52066206e-02  4.01110837e-02
  5.16230686e-03 -2.29202357e-02 -4.17503729e-02 -9.16982482e-03
 -5.44176716e-02  1.07869006e-02  6.57745163e-02  8.90508778e-02
 -3.41061216e-02  2.16158161e-02  3.79184610e-02  7.38392758e-02
 -7.56127070e-02 -2.36634882e-02  1.79458492e-02 -2.57744115e-02
 -1.39691130e-02  1.25303435e-04  3.25283432e-02 -1.22336511e-02
  5.91744277e-03 -4.75684982e-02  2.35244626e-02 -4.20247305e-02
  1.57906947e-03  3.81701590e-04]
note    [ 0.77621968 -0.01292669  0.10586967  0.09468286  0.047891   -0.09257445
 -0.00325299  0.06881389  0.20572922 -0.01459831  0.04535995  0.0220906
 -0.08521629  0.0864677   0.04782369 -0.02542032 -0.03465165  0.04828282
 -0.10389137 -0.01663966 -0.06141394  0.01787079  0.0826886   0.07902381
  0.01311494 -0.03266183 -0.0258711   0.01611424  0.01807762 -0.10903735
  0.07839352 -0.1192814  -0.0317733  -0.04886394 -0.02346531 -0.00487277
 -0.0328855  -0.0223651  -0.04087421  0.04022235  0.01167045  0.00921863
  0.02475676  0.05577184  0.03598278  0.00710702 -0.01870171 -0.03035443
  0.02251466  0.02506563]
happy    [ 6.54657372e-01 -1.44428356e-01 -1.05146253e-01 -6.83075603e-02
 -1.12075795e-01 -1.86702896e-02  7.96914398e-02  3.86973796e-02
  3.04764691e-02 -5.02499785e-02  9.74015953e-02  9.57734308e-02
 -1.53526134e-01  1.03500950e-01 -1.93960066e-01 -1.09165097e-01
 -5.66685215e-04  2.52715200e-01 -2.28442067e-02  3.42410244e-01
 -1.87364105e-01  1.47202371e-01  5.15924016e-02  2.35326058e-02
 -2.06524406e-02  2.34494911e-02  6.83385516e-02 -4.25471692e-02
  7.64713062e-02 -9.69847489e-02  4.64773525e-03 -8.36969993e-02
  2.76949365e-02 -7.02683894e-02  8.15499067e-02 -3.64124257e-02
  4.22480315e-02  1.58683117e-02  6.43403169e-02 -2.79831594e-02
 -4.00100859e-02  8.85273352e-02  1.95938773e-02 -2.57004144e-02
  5.06011586e-02 -1.74878105e-02 -2.25323217e-02  6.54100897e-03
  4.02277416e-02  3.91391733e-02]
deliver    [ 0.58665913  0.13230498  0.23579137 -0.03958379  0.0934321   0.07306022
 -0.02876371 -0.01603699  0.08135243 -0.12860403 -0.07051504  0.03103527
  0.02531638 -0.06961573 -0.01501162 -0.03713142 -0.03555846 -0.0045131
  0.02696375  0.07575471 -0.03837349 -0.00584474 -0.06409511  0.05347896
  0.05257779 -0.04434912 -0.06919485  0.02822814  0.00295602  0.02905035
 -0.03235818 -0.00149672  0.04546041  0.07767648 -0.1298811  -0.03070547
 -0.04513802  0.00356597 -0.06614625 -0.07650082  0.06824311  0.08152439
 -0.04176144 -0.04574123  0.04155222  0.03755331 -0.08678555  0.0090585
 -0.05338775 -0.02630803]
apparently    [ 9.07238396e-01 -6.96209344e-02 -8.35224807e-04  5.34669850e-02
 -2.10242404e-02 -7.44516162e-02 -2.56109413e-02 -1.72233795e-02
 -2.69344006e-02  7.80368805e-03 -2.55066324e-02 -3.55714356e-02
  1.59252020e-02 -8.69585761e-02  1.90968991e-02 -5.25114595e-02
 -7.06048590e-02  1.00622528e-02 -3.17370871e-02 -4.26014867e-02
 -8.73250104e-02 -7.67933006e-03  1.09848172e-02 -3.19494931e-02
  1.60252283e-03  1.65913897e-02  1.22391415e-02 -1.94600617e-02
 -3.28976665e-02 -1.13036566e-02  3.53553913e-03 -3.88912824e-02
 -3.36163803e-04 -1.40906186e-02 -3.10601288e-02 -6.28058268e-03
  2.01750972e-02  1.06654347e-02  3.80476843e-02  6.09869886e-02
 -5.14899917e-03  3.07581736e-02 -1.54900546e-03  3.84901309e-02
  2.75476451e-02 -2.18783667e-03 -3.04886708e-02  2.03201517e-02
 -1.50054349e-02  3.84323542e-02]
thriller    [ 0.79211477  0.06409639 -0.02298308 -0.12039488  0.14008903  0.03592687
 -0.03680696  0.11222806 -0.01559117  0.11812816  0.03971513  0.14685923
 -0.05219483  0.00492916  0.01394121  0.08179564  0.01747699  0.04089362
  0.10272095  0.0167571   0.08760787  0.03084534 -0.09176448  0.04196781
 -0.03974906 -0.04277907  0.08938402 -0.02790026  0.07190629  0.07892605
 -0.0897895  -0.14833993 -0.00524074  0.02768373 -0.08556078 -0.04059711
 -0.01848169  0.00368655  0.03885721  0.02161253 -0.0752387  -0.02740464
 -0.03700641 -0.02422299 -0.03839592 -0.03403376  0.01250592 -0.01118945
 -0.04745932  0.01479924]
attention    [ 0.48101673 -0.0429812  -0.02364142 -0.02629944 -0.05980636  0.02377329
  0.05342734  0.02722248 -0.00814093 -0.1027353  -0.02689849 -0.04841731
 -0.00952027  0.00882762  0.05367142  0.05725298 -0.03679065 -0.03018885
  0.09117546 -0.05394907  0.02369415  0.03975957  0.0651389  -0.01098128
  0.08060188  0.02503004 -0.02565289  0.04211077 -0.01571835  0.03136007
 -0.01404208  0.0122534  -0.06816168 -0.03701447 -0.0201406  -0.03450791
 -0.01993854 -0.05685742 -0.00564249  0.04214398 -0.02330878  0.03648513
 -0.01920766 -0.01872739 -0.0766284   0.01670405  0.00380418  0.0297072
  0.03444814  0.0065516 ]
annoy    [ 0.75553899 -0.10461617  0.15238312 -0.08601922 -0.1677838   0.19183525
  0.12660876 -0.10415759  0.00251372 -0.03757024  0.0386864  -0.17190697
  0.01030931  0.11215575  0.14007013  0.1700625  -0.08270052  0.00848367
 -0.05761709  0.04155554  0.11626329  0.05884763  0.01137162 -0.04724864
  0.0238493   0.0324965  -0.07479717  0.0535274  -0.00398683 -0.01506243
  0.06051689 -0.07902894  0.00721615  0.01841223  0.0652495   0.06582367
 -0.07172392 -0.004123   -0.02793414  0.00552199  0.03162337  0.02874085
 -0.05058303  0.08110556 -0.03402276 -0.0185296   0.04568207 -0.0358641
 -0.06316766  0.00968129]
jack    [ 6.99308327e-01 -2.55949539e-01  2.03965781e-01 -1.97070280e-03
  1.18377468e-01  4.07617448e-02 -1.56392506e-01 -1.12088956e-01
  1.41580658e-03  1.17555283e-02  4.46223024e-02 -6.47274834e-02
 -3.27463853e-03  5.57556347e-02 -1.83399864e-02 -4.26918349e-02
 -5.53613704e-02  8.53252829e-02 -2.79391878e-02 -3.96665404e-02
  6.14437623e-02  1.37424947e-03  3.82935518e-02  3.52937636e-02
 -1.31988860e-02 -2.20232759e-02 -1.80173966e-03 -1.22643245e-01
 -2.63133357e-02 -1.44021622e-02 -3.97241593e-02  6.44600274e-02
  3.67647635e-02 -6.59159129e-02  5.49791293e-03  2.92049834e-02
 -4.31601215e-04  2.18242820e-02  8.21523743e-02 -9.67261589e-02
  5.13453871e-02 -7.79623274e-03 -3.82901412e-02 -1.22935302e-02
 -1.00469694e-01 -2.25511388e-02 -9.48795101e-02 -4.86807273e-02
  4.82305736e-02  6.21665151e-02]
stick    [ 8.69358947e-01 -9.73810042e-02 -5.75667166e-02 -2.93498851e-02
 -3.32331555e-02 -2.56191526e-02 -2.61586838e-02  4.12658451e-02
  4.78016783e-02 -7.89284024e-02 -2.83097819e-02 -8.63924215e-02
 -7.05969122e-02  4.66096806e-02  8.79868170e-02  9.17783197e-03
 -1.60984261e-01  4.61346515e-03  6.72436377e-02  1.00627964e-01
 -3.69052032e-03 -6.88724014e-03 -1.69045175e-02 -6.61974903e-02
  3.50671337e-02 -3.11410138e-02 -1.83079948e-02 -1.04144255e-02
  2.62153385e-02 -4.55628822e-02  1.86749110e-02 -5.55998419e-02
  3.16339662e-02 -2.02936365e-02  3.76613684e-02  4.70768541e-03
  4.76723705e-05  1.96735592e-02 -3.60004971e-02  6.16623840e-03
 -3.80573923e-02  1.87196650e-02  2.40595657e-02  1.62452189e-02
 -7.60127352e-04  5.13389643e-02  3.03319362e-02 -1.95776096e-02
 -1.23288060e-02 -1.10682693e-02]
entertain    [ 8.60969317e-01  2.00307874e-01 -1.21465808e-01 -6.86226727e-02
 -5.89974335e-02  4.36239892e-02  2.28945483e-02 -8.19533759e-03
 -2.65938621e-02 -1.83002277e-04 -3.26736701e-02  1.81902007e-02
 -1.49024565e-02 -4.58033713e-02 -6.63336584e-02  7.15755724e-02
  1.73840580e-02  7.65520355e-03  5.30377372e-02  1.37966130e-02
  7.55674117e-02  4.64005323e-03  9.59530448e-04  5.30199456e-02
  9.78847360e-02 -5.49548860e-03 -5.45779771e-02  2.84117509e-02
 -6.97297925e-02  6.33221449e-03  2.01204027e-02 -4.78694706e-02
  2.35752785e-02  3.68256453e-02 -3.56996087e-02  3.89863926e-02
 -3.53773376e-02  1.72947146e-02 -6.90872369e-03 -5.95243545e-02
  5.25328949e-03 -1.19555873e-02 -4.32656212e-02  2.84711029e-02
 -3.34364758e-02  1.83457450e-02 -3.36888527e-02 -2.60189846e-03
  8.83620955e-03 -1.06561585e-02]
clearly    [ 0.87778413  0.08280306  0.029288    0.03888714 -0.02164392 -0.08589537
  0.02461965  0.00094089  0.03467951  0.02980718  0.03873014 -0.06870012
  0.02318212  0.11036578 -0.05712101  0.00865322  0.06139775 -0.02550869
 -0.06763354 -0.09769701 -0.0567734   0.02955279 -0.05009388 -0.07940255
 -0.00157041 -0.02981717  0.00710953 -0.04207333  0.0430905  -0.04998354
 -0.06675326 -0.02920535 -0.00747249  0.04665887 -0.04512203  0.01731444
  0.0062149   0.01842916  0.00237898  0.04795606  0.00749555 -0.01330333
 -0.01301563  0.00989396  0.0233738  -0.08325626 -0.0197429   0.01740778
  0.05002543 -0.02587538]
5    [ 0.56783986  0.00251852 -0.30561058  0.30650994  0.23297271  0.42886186
  0.12632661 -0.0314759  -0.0900883  -0.00486785  0.02183777 -0.04814087
 -0.17185519 -0.07724061  0.08407572 -0.10899453  0.09681263  0.01071309
  0.00571922 -0.04101329  0.00838058  0.02489321  0.00651999  0.01485574
  0.09618248 -0.05244371  0.00231765 -0.08684055  0.08501696  0.11700182
  0.01435215 -0.03434553 -0.04280359 -0.06309469 -0.00761673  0.08667944
 -0.00485034  0.02652379  0.02400939 -0.03313833  0.04312322  0.03918184
 -0.02007024 -0.00827628  0.02682092 -0.02392102  0.02114494  0.00424725
  0.03472609  0.03041941]
team    [ 0.74563559 -0.22605436  0.11151685 -0.03614551  0.183845   -0.08008641
  0.03242498  0.03333986  0.06007702 -0.08632419  0.11231342  0.12053969
  0.0349874  -0.09727085  0.0323926  -0.01410546  0.06715688  0.0192941
  0.02282884 -0.00743105  0.04964291  0.0171197  -0.05463538  0.01906329
 -0.05558651  0.02701285 -0.02081238 -0.08067644 -0.01407473  0.00646094
  0.04113252 -0.0758341  -0.0050358  -0.00240504  0.01946739 -0.01499269
  0.01814295  0.12398525 -0.02602092  0.04213872 -0.08744772 -0.02148086
 -0.03782192  0.00253938 -0.03309146 -0.0057437   0.06758451  0.05810645
  0.00438903  0.01257976]
cop    [ 0.77745147 -0.29917516  0.10096931 -0.04434558  0.00746773  0.05956852
 -0.18076698  0.0550746   0.0564307  -0.02431315  0.08534292  0.05797581
 -0.0297921  -0.0800624   0.04634424  0.04820214 -0.03844281  0.07642006
 -0.00802147 -0.06682587  0.02983359 -0.03818452 -0.01397334 -0.02965761
 -0.01647508 -0.07314638  0.05872561 -0.01073332 -0.07807289  0.02107938
 -0.06931295  0.09888948  0.09755471 -0.04966275  0.10501321  0.03823823
  0.03394507  0.02845967 -0.01066275 -0.06835433 -0.00199261  0.01222552
  0.00774729 -0.0147711  -0.02802518 -0.03024976  0.03916597 -0.01213948
 -0.01179541 -0.01162119]
dialog    [ 0.73442212  0.0918359   0.31869573 -0.22023212  0.01672933  0.25348516
  0.13093797  0.12222647  0.04553894 -0.03642994 -0.0388802   0.06090292
 -0.00923383 -0.0785018   0.0099725   0.00862166  0.00931775  0.00075485
 -0.13104473 -0.05516976 -0.03353308 -0.08742916  0.03584637 -0.12655148
 -0.07756935  0.00347401 -0.06344926  0.09761895  0.02351789  0.03245445
 -0.03622357 -0.04672944 -0.03900793 -0.01564904 -0.02637392  0.02316018
  0.049209   -0.01880434 -0.02244799  0.01021797 -0.00819886  0.03014801
  0.00208064 -0.04544063 -0.02791842  0.02514861 -0.00231154 -0.04716066
 -0.02676584 -0.04646888]
avoid    [ 0.82558845  0.15856693 -0.1830939  -0.03031563  0.04205615 -0.08563738
 -0.11550842 -0.04075816  0.11603888  0.15761583 -0.00815271 -0.04476829
 -0.01938477 -0.04724539  0.1315052  -0.05356959 -0.09723872  0.02307245
  0.04463608  0.03553986 -0.00498595 -0.07526431  0.0019579   0.00538502
 -0.0453057  -0.06064094 -0.08071287  0.06670743 -0.0447582   0.02192994
 -0.0269992  -0.02973295  0.05017769 -0.04722867  0.03437509 -0.03706665
 -0.01974711  0.03593788  0.02463131  0.00862617  0.01516599  0.03417385
  0.01414879 -0.00735321 -0.01632572  0.01509344  0.0366561  -0.00598524
  0.0577701   0.02102907]
british    [ 7.41533877e-01  2.13476246e-01  1.57411064e-01  2.46512274e-01
  1.34494188e-01 -2.37373114e-01 -1.87400546e-02  3.55869206e-04
 -2.20336290e-02  2.79607444e-02 -6.68536030e-02 -5.58734796e-02
 -2.40760687e-02 -2.13496193e-02  1.73280627e-02  5.54795788e-02
 -7.80457219e-02  4.89355930e-02 -3.39777151e-02 -3.93958356e-03
 -1.45115699e-03  1.50589383e-02 -7.39104508e-02 -1.48806446e-02
  6.09772465e-02  3.53790509e-02  5.25655523e-02  6.82262293e-02
  4.74775244e-02 -2.54461301e-02 -1.03806789e-01 -4.47988519e-02
  8.36134400e-02  4.42474506e-02  4.22754042e-03  2.45825917e-02
  1.42380211e-02  9.68038209e-02 -3.16144668e-02 -2.65148251e-02
 -1.44469584e-02  4.80496105e-04 -3.74187966e-02 -3.27935004e-03
  4.56627629e-02  4.87138525e-02  2.11400701e-02  4.66140428e-03
 -4.89415133e-02 -9.74355538e-02]
easily    [ 0.64759064  0.06334195 -0.0439644   0.02443128  0.01941544 -0.12833861
  0.03380686 -0.0607259   0.24344957 -0.10175978 -0.02120427  0.00317688
 -0.09069107 -0.07108217  0.04690948 -0.06693723 -0.03732018 -0.06616451
  0.02843899  0.03941424  0.08770167 -0.04694456 -0.04245672 -0.05464223
 -0.05821716 -0.05159324 -0.15212624 -0.01271673  0.11480195  0.03869946
 -0.07898697  0.0641433   0.11692476  0.18519802  0.04349861 -0.01170887
  0.23013035 -0.02269435  0.24241838  0.05793835  0.03409481  0.00606376
 -0.12148345  0.16776785  0.06275503 -0.00697607  0.0032102  -0.1501043
 -0.0013662   0.01025981]
subject    [ 5.79566755e-01  1.07776480e-01 -3.98449079e-02  3.83478749e-02
  6.32181469e-03 -1.21791801e-01  3.28567083e-02 -1.25024494e-02
 -1.23077918e-02  6.41900077e-03 -2.49649604e-02 -2.60807002e-03
 -3.40978402e-02 -1.57802683e-02  1.61922652e-02  3.10544249e-02
  1.19721809e-02  1.36160414e-02  3.37065820e-03 -3.48704276e-02
 -2.57463981e-02 -2.29462311e-04  4.01322407e-02  3.79368475e-02
 -9.58852437e-03 -4.90578977e-02 -1.28218695e-02  4.09770939e-02
 -9.90054821e-03 -1.18439262e-02  4.94699171e-02 -1.98779274e-03
 -2.42437812e-02  9.75453257e-03 -4.90667091e-02 -1.32775819e-03
  1.67564452e-02  4.32792442e-02  6.67073794e-03 -2.35123213e-02
  3.11303173e-02 -2.27918684e-02  1.04109571e-02  9.82154560e-04
  5.02294681e-03  4.81204681e-03 -1.16681760e-03  2.19232569e-02
  1.58094227e-02  2.40057276e-02]
cover    [ 0.80703077  0.04120797 -0.09647513 -0.01346089 -0.02795551  0.02174952
 -0.05102531  0.06203473 -0.07120049  0.01713454 -0.05058183 -0.01739147
  0.06454884 -0.02720649  0.00865338 -0.07032326 -0.00690504 -0.09682128
 -0.0040315  -0.01692527  0.06501421  0.0472119   0.06325099 -0.0060623
  0.01344353 -0.00297541  0.07726435 -0.08326338 -0.16728828 -0.0201536
  0.06135746  0.06661235 -0.04745202  0.04053792 -0.03309428 -0.09112297
 -0.00385333 -0.04344113 -0.00894696 -0.04427663 -0.07445752  0.09459816
 -0.08750624 -0.09708088  0.11805069  0.05424047  0.01335821 -0.06221052
  0.00179235  0.05322325]
basically    [ 0.85990431  0.21831727 -0.05796471 -0.00989997 -0.16017537  0.13469945
 -0.07837603 -0.06917234 -0.12032696  0.03769515  0.11695606  0.12813951
 -0.00743194 -0.02550589 -0.00161971 -0.09453826 -0.03248255 -0.02609478
  0.03700236 -0.04559633 -0.02777267 -0.07440079 -0.01958361 -0.01942327
 -0.00250466 -0.01770153  0.06900502 -0.01803037  0.01385178 -0.04604447
 -0.03088358  0.06343493  0.01595373  0.00338931  0.02781227  0.02581526
  0.06339633 -0.0202565   0.02179426  0.0107674   0.00346058  0.05393688
  0.01622498  0.00643761 -0.04731218  0.00100648 -0.00527744  0.00544926
  0.03692709  0.00150643]
4    [ 0.63080669 -0.00129514 -0.22066703  0.18731031  0.21110126  0.31690829
  0.05442174 -0.0341198  -0.05423065 -0.08021117  0.03052578 -0.04663316
 -0.02601699  0.02670772  0.09077672 -0.03478235  0.09007154 -0.0534803
  0.18840665 -0.03435306 -0.13307526 -0.04009049  0.16797179  0.02196569
 -0.12641153  0.15213418  0.01013347 -0.01386913 -0.11301925 -0.01393754
 -0.07787945 -0.00921471  0.03891517  0.10100917  0.01485635  0.05173146
 -0.03457166  0.02605347  0.04337484 -0.00707079  0.0110743  -0.03852117
 -0.03193578  0.00144853 -0.04090754 -0.01282343 -0.04300075 -0.03769774
 -0.01212022 -0.10373105]
street    [ 0.72414948 -0.26500005  0.03938288  0.1260417  -0.06722215 -0.06389944
 -0.08274818  0.06856144  0.02112268  0.10900042 -0.09820827 -0.04536634
  0.04163649 -0.010732   -0.01486248 -0.06077175  0.08252953 -0.06785766
 -0.03319886  0.04021055 -0.0524535  -0.04149542 -0.01662135 -0.01299815
 -0.0060741   0.01875821  0.0485082  -0.01181788 -0.00426626 -0.00422253
  0.03611361 -0.03050578  0.0235301   0.07211376  0.08306299  0.11621127
 -0.06252928 -0.02536735  0.06161967  0.0577839   0.14907893  0.02277464
  0.00306708 -0.11531446 -0.03063173  0.01623768 -0.00682975 -0.04414381
 -0.07167363  0.02664098]
television    [ 0.69020208 -0.00867328 -0.11582454  0.02395273  0.17571697 -0.04457251
  0.0808835   0.03052906 -0.01388147  0.10925787  0.13051102  0.12360393
  0.1310704   0.06629719 -0.01731453 -0.05478795  0.22097516 -0.04784484
  0.04633887 -0.02063443  0.02945208  0.08523203 -0.11107505 -0.21273339
  0.11183915 -0.05883939  0.04700805  0.14117477 -0.04633778 -0.22886925
 -0.11084918  0.12359826  0.07733078 -0.0433324   0.072086    0.02239297
  0.02079566  0.04144456 -0.05113925  0.03231688  0.05657976 -0.1201335
 -0.05291488  0.01786429  0.04193113 -0.0455014   0.08308133 -0.02825671
  0.03476862 -0.0101486 ]
silly    [ 0.83719873  0.07764906  0.01903121 -0.17840167 -0.16737313  0.2097236
 -0.0190666   0.10235873 -0.10366952 -0.01732529  0.03376996  0.0076657
 -0.02577238 -0.03215552 -0.02223386 -0.0239473  -0.13261248 -0.02363178
  0.01939276  0.01428981  0.05054082  0.1070177   0.04129857  0.03785907
  0.01724071 -0.02639645  0.02774562  0.03511424  0.01144371 -0.04035113
 -0.00293074 -0.01423333 -0.01871026  0.06632388  0.03481582  0.04793752
 -0.01063682  0.01913837 -0.02111527 -0.01370972 -0.01767359  0.02708622
 -0.05049018 -0.01362655 -0.01228489  0.01268236  0.04947533 -0.0063825
 -0.02925372 -0.00721051]
future    [ 0.79894584 -0.08864916 -0.0481596   0.06887359  0.04486047 -0.09396908
 -0.01862693 -0.04121109 -0.07074119  0.01229406 -0.09928943  0.03898847
  0.07911698  0.06975961 -0.01616137 -0.04256137  0.09663625 -0.01898494
 -0.01292904  0.05349229 -0.00115475  0.07945048 -0.03404644  0.01091326
 -0.0593615  -0.05246832  0.02506947 -0.03757979 -0.0193463  -0.03011932
  0.00531412  0.02945371  0.02349223  0.04465126 -0.01009179  0.02824627
 -0.01354302  0.00988597 -0.00843427  0.0077401  -0.10085932 -0.0701564
  0.03052561 -0.06998515  0.05480052  0.00224805 -0.01838754 -0.01063698
  0.00911898 -0.02608886]
tale    [ 0.63987819 -0.0915826   0.13361428  0.05199309 -0.00485035 -0.02552824
 -0.07405615 -0.07015977 -0.06937446  0.07917776 -0.03193946  0.1914169
 -0.11328379 -0.01156071 -0.10445323  0.14118088  0.00915117 -0.0161659
  0.02459286 -0.0304262  -0.00381516 -0.01813582  0.05597699  0.01671291
  0.05345869  0.03030212 -0.01581925 -0.01585909  0.05607036  0.10022066
  0.00644728 -0.04888545 -0.00087167  0.01296146  0.02074732 -0.05400014
  0.05980096  0.04952628 -0.01569945  0.02100693 -0.03180553 -0.07466938
 -0.0421888   0.00952703  0.13518259  0.01844342 -0.01930376 -0.01233834
  0.01004202 -0.03490986]
mystery    [ 6.49052375e-01  2.26095901e-04  3.57834077e-02 -7.28466423e-03
 -3.89956302e-02  1.25685415e-02 -7.65876191e-02 -4.04085903e-03
 -3.32987556e-02  3.07161410e-02  6.01490905e-03  1.40733508e-01
 -5.28922569e-02 -2.12244441e-02  1.86944725e-02  4.21652127e-02
 -1.92871774e-02  4.69078187e-02  1.13742765e-01  1.01375554e-02
  4.41589779e-02  4.03786379e-03 -2.18365255e-02 -1.00319273e-02
  1.66915886e-02 -7.95337073e-03  5.38183182e-02  5.20359984e-03
 -3.22663238e-02  2.79403399e-02 -6.55614048e-02 -7.58136882e-02
 -2.76032908e-02 -3.84944550e-02 -3.81856794e-02 -5.42221088e-03
  1.54267012e-02  1.83667281e-02  4.49678979e-02  1.31746813e-02
 -6.18778689e-02 -2.71628022e-02 -7.04246269e-02  1.75694549e-02
 -5.89214907e-02 -2.38050563e-02 -1.86725041e-02 -1.16339489e-03
 -9.38342501e-02  2.06056499e-02]
produce    [ 0.80245645  0.34615886 -0.03426857  0.13025127  0.05675886 -0.13824049
 -0.0842352   0.00798777 -0.0423935  -0.0611014  -0.09135137 -0.05036835
  0.03308853 -0.04882321  0.05753641 -0.01842827 -0.02989077  0.05018663
  0.01252721 -0.02332698  0.01641635 -0.00433179  0.00247968 -0.0818599
 -0.02594341  0.01873095 -0.04144304 -0.03560419  0.00622838 -0.00528174
 -0.00431994 -0.01173445  0.00328542  0.00635883 -0.03671432 -0.00987435
  0.0099752   0.04563331  0.04567123  0.07524949 -0.06067894 -0.08032582
  0.01061822 -0.0152636   0.0133899   0.00320327  0.04704472 -0.04352706
  0.01574361  0.00570879]
earth    [ 7.29083805e-01 -2.34037625e-01 -2.31508516e-02  1.02418528e-02
  7.12613384e-02 -3.15495807e-02  4.88466047e-02  9.85526339e-03
  7.95340649e-03  1.99631152e-02 -1.05253051e-01  7.23273483e-02
  1.61439000e-02  1.00248509e-02  7.13979479e-02  1.44367130e-02
  6.98375749e-02 -1.06631036e-02 -3.00491178e-02  6.46878131e-02
 -7.36193062e-02  3.94558166e-02 -9.00515750e-02  1.41986109e-02
 -5.91144699e-02 -4.80301139e-02  6.40828772e-04 -1.34285495e-02
 -5.87935383e-02  5.62691911e-02  8.24147845e-02  8.48789217e-02
  1.22666674e-01  1.43630991e-03 -8.84795056e-02  4.52425326e-02
  1.82819072e-02 -8.77370823e-02  3.81744146e-02  1.48809313e-02
 -4.60389356e-03 -6.67710408e-02 -3.71510056e-02 -2.31621064e-02
  6.22508404e-02  1.10763848e-02 -4.80985649e-02 -2.21440234e-02
 -6.65326953e-02  2.59792352e-02]
cheap    [ 7.78935418e-01  1.09540350e-01 -4.91010338e-02 -1.54190666e-01
  3.33852824e-02 -8.03992224e-03 -4.32846674e-02  1.95820884e-01
 -1.45921956e-01  1.08547335e-01  4.42393499e-04 -1.51830532e-01
  4.08124630e-02 -1.64157389e-02  7.83858650e-02 -3.48515178e-02
 -1.60315971e-02 -1.29823744e-01 -9.31649856e-02  6.00123558e-02
  1.21527768e-01  9.38436146e-02  7.12781782e-02  8.52038475e-02
 -5.20331255e-02 -6.64144068e-02  1.35383764e-02 -5.68204750e-02
 -2.20885210e-02 -2.30120546e-02 -4.19836348e-02  2.79307760e-02
  4.07029750e-02 -2.40285579e-02  4.03557182e-02 -7.38322132e-02
 -6.30666306e-02 -3.99125724e-02 -1.88372167e-02  4.26003779e-02
 -1.05592112e-01  6.64328604e-02 -5.28039420e-02 -2.93879117e-02
  8.20379460e-02  4.80902998e-02  7.49462526e-02 -2.07721526e-02
  5.94344333e-02 -3.84482885e-02]
paul    [ 7.02607215e-01 -1.59412529e-01  2.53777905e-01  5.58034273e-02
  2.04038681e-01 -2.93662215e-02 -1.14430088e-01 -1.39410183e-01
 -1.38823672e-02 -3.62448586e-02  8.78202668e-02 -5.69462763e-02
  1.99579594e-02  4.09730308e-02 -9.22608308e-02 -8.10164430e-02
 -7.39293337e-02  7.49675419e-02  1.85563211e-02 -8.46302978e-02
  8.47093737e-02  9.48098854e-02  4.13036728e-02 -6.72795641e-02
 -6.07714831e-04 -3.64151702e-02 -8.23055902e-02 -8.62099261e-03
 -4.30955393e-02 -4.73095324e-03 -1.68395424e-02 -6.65752199e-04
  3.08857847e-02 -2.48442971e-02 -7.38108658e-02  8.13196317e-02
 -3.09837212e-02 -7.92606695e-02  2.72504516e-02  2.10723820e-02
 -1.12238163e-02 -2.45887360e-02  2.46550342e-02  1.35992096e-02
 -2.61385530e-02 -3.13449953e-02 -4.98721504e-02  2.08326464e-02
  2.85138694e-03 -2.92674968e-02]
imagine    [ 0.74590496 -0.02493845 -0.11694697 -0.10554094 -0.0219913  -0.10898401
  0.02813048 -0.15620589  0.16854931 -0.02988795 -0.18406899 -0.06511866
 -0.12219166 -0.09058208 -0.01284137 -0.16466112 -0.00991423 -0.06733358
  0.0983538   0.09855646  0.15832737 -0.0843377   0.00921184 -0.06919882
 -0.10793902 -0.05923956 -0.02690117  0.06643686  0.10037044  0.05630016
  0.02229184  0.01324426  0.08608363  0.03262159  0.04480816  0.02889363
  0.06678121 -0.02472792  0.01939248  0.04706384 -0.04713024  0.0123885
 -0.07294178  0.01979151 -0.0015838   0.02283272 -0.05481037 -0.0630246
  0.01229539  0.01700142]
modern    [ 0.71581424  0.06454528 -0.01862651  0.14249325 -0.00079537 -0.12396309
  0.03391369  0.05754197 -0.08790317  0.13926367 -0.13667415  0.0243638
  0.1264878   0.01039904  0.00935714  0.04384797 -0.03669407 -0.04837403
  0.05375522  0.03805951 -0.00248111  0.05490294 -0.00739964  0.03183007
 -0.0792123  -0.04018112  0.03668494  0.02254173  0.05890105  0.0213193
 -0.02169366 -0.03109851  0.03757097  0.01669455  0.03826685  0.02757957
 -0.02053687 -0.01678161  0.03247005 -0.04273283 -0.09434417 -0.0223885
  0.02990371 -0.05644141  0.05771516  0.03670493 -0.03134181 -0.04197002
  0.00141614 -0.07624159]
four    [ 0.73716806 -0.05813053 -0.07490591  0.35744876  0.1341859   0.19142083
  0.114061   -0.03852952 -0.06088634 -0.02005063  0.02407619  0.04273264
 -0.06737732 -0.04009177 -0.00354358  0.01188228 -0.09851673 -0.07681685
  0.00407346 -0.02696781 -0.06748758 -0.06447979 -0.04887379  0.03135018
 -0.06768108  0.0555951   0.05636032  0.01027498  0.00557329 -0.05165251
  0.00084353  0.02511044  0.04573525  0.05459627  0.02229324 -0.03533504
 -0.00551664  0.0069148   0.00894205  0.03595138 -0.05253724  0.04420881
  0.00745586  0.07254788 -0.07590904  0.01667302 -0.0051713   0.0094649
 -0.03637023 -0.02837615]
class    [ 0.76020516  0.04108066  0.01826192  0.14289745  0.04556936 -0.12403111
 -0.02003402  0.00491951 -0.08612676 -0.03660231 -0.06245652 -0.00641436
 -0.00283082 -0.06285313  0.02172939 -0.01365163  0.05073382 -0.0486798
 -0.10267476 -0.01822202 -0.00630608 -0.04692111  0.07611795  0.00446656
  0.04560773  0.02130425 -0.03582049  0.06846848  0.07052844 -0.0513343
 -0.02998599 -0.02510273 -0.02497863  0.06997042  0.0455758   0.04088348
 -0.04171512  0.05843552 -0.03943721  0.05893676 -0.05790188  0.04294235
 -0.00768784  0.0332285   0.0153565  -0.06449043 -0.06547862  0.10447863
 -0.01547201  0.09081274]
member    [ 0.38186131 -0.13251917  0.13211596  0.05422594  0.0972361  -0.03815851
 -0.0617416  -0.11902639  0.1183067  -0.08130588  0.05860011 -0.06210005
  0.11146858 -0.03750315 -0.0454283  -0.07322803  0.06900594 -0.09426596
 -0.04391287  0.08924115 -0.12879431 -0.04631918 -0.05913659  0.21398976
  0.2302185  -0.03509228  0.24052943  0.27036405 -0.08974199  0.19110393
  0.09256728 -0.11211943 -0.03762021 -0.00259849  0.13442014 -0.07818644
  0.10833935 -0.06334513  0.08855946  0.03514862  0.00536094 -0.04430945
 -0.11997414  0.08285113 -0.16049995 -0.00377416  0.03248924 -0.06195063
  0.19696951 -0.023922  ]
doubt    [ 6.19897558e-01  5.54080780e-02 -7.00626810e-02 -7.66397144e-03
  1.51417089e-02 -8.71881589e-02 -1.70618958e-02 -1.06645528e-01
  2.06806334e-01 -2.40810517e-02 -2.04397266e-02  1.45266025e-02
 -9.04161609e-02 -1.68825763e-02  4.93187076e-02 -7.09383160e-02
  5.36108798e-02 -3.80099782e-02  6.07184364e-02  1.52531464e-02
  4.52871146e-02  8.34547260e-03  4.68853191e-02 -3.85537394e-02
 -5.51543024e-02  3.91199736e-04 -4.12471145e-02  5.08845497e-02
  7.84001662e-02  3.47409704e-02 -8.56894728e-03 -4.07488127e-02
 -2.08792145e-02 -1.19998732e-02 -3.41175411e-02 -2.96273125e-02
  2.89270810e-02 -6.13284585e-02  1.72415800e-02 -1.37776441e-02
  2.94375659e-03  1.55904578e-02 -5.01954224e-02 -2.07796237e-03
 -6.44964979e-02  4.88031929e-02  5.96231091e-03  2.39103431e-02
 -3.00342217e-02  5.74264808e-02]
adult    [ 7.47505293e-01 -2.04008952e-02  9.04367866e-03  3.88086322e-02
 -2.07813007e-03 -7.89262853e-02 -3.68368348e-03 -1.14541522e-01
 -5.90201661e-02  8.62912913e-02 -4.47599229e-02 -4.33471711e-02
 -3.61243685e-02  1.91005051e-03 -1.10201940e-01  1.09936851e-01
  4.77546147e-02 -2.67495438e-02  6.77495571e-02  1.99240485e-02
  1.71890431e-02 -7.03029496e-02  4.90115069e-02  4.16521469e-02
  5.37806651e-03 -2.06863691e-02  5.03481112e-03  1.20565757e-01
  3.39429885e-02 -5.96719731e-02 -1.09199589e-02 -1.41092854e-02
 -3.32853161e-03  2.65727226e-02 -1.07920834e-02  8.16358577e-02
 -2.33037200e-03  1.42270553e-02 -2.58938797e-02  1.54950573e-03
 -5.54442554e-02 -3.28995691e-03  2.16427343e-02 -2.07788331e-04
  4.19704945e-02  2.50470554e-02  6.10579441e-02 -1.58853403e-02
 -2.06399262e-02  3.20619936e-02]
beyond    [ 0.81203849 -0.00308804 -0.10584063 -0.10362046 -0.11251551  0.07575997
 -0.05335641 -0.02213872 -0.0496176  -0.05028767 -0.01031713  0.06944387
  0.03589926 -0.01959277  0.03098582 -0.10854519  0.01689563  0.0297881
 -0.13563636 -0.06395184  0.02182454  0.03552249 -0.07698614  0.100296
 -0.09144107 -0.00224715 -0.00201658  0.03618565  0.07462029 -0.03153609
 -0.13104131  0.10449163 -0.1728925   0.06118699  0.00790332 -0.02838674
 -0.04152829  0.00409811  0.03218604 -0.06286765  0.00677159 -0.02875372
  0.02409158 -0.01608775 -0.01761757  0.0075499  -0.06153453 -0.00268308
  0.04006891 -0.05058545]
whether    [ 7.50813018e-01 -6.83545299e-02 -9.49923180e-02 -1.84026502e-01
  1.63213406e-02 -6.23048093e-02  4.76903369e-02 -6.35079492e-02
 -5.26168481e-03  6.05284478e-02 -2.41435258e-02  9.64413281e-03
 -3.03757133e-02 -3.87425996e-02 -6.40180956e-02 -4.42309978e-02
  4.70081600e-03  8.21243259e-02 -5.26482985e-02 -1.03867970e-01
 -7.17740153e-02 -2.93723985e-02 -4.53853033e-02  3.21238244e-02
  2.28853815e-02 -1.06327054e-02 -2.19991584e-02 -6.00239195e-02
 -1.84577303e-02  2.65978743e-02 -3.34336169e-04 -3.76541028e-03
  2.49730278e-02 -3.61457875e-02  6.22647053e-02 -2.69133680e-03
 -5.58002649e-03 -1.08416105e-02 -3.45347223e-02 -5.66280923e-03
 -4.98756998e-02 -4.39991051e-02 -4.82518321e-02  1.53980834e-02
  4.74733308e-02  2.94217230e-02 -4.50336283e-02  4.44063236e-02
 -5.33560740e-02  4.45806809e-02]
entertainment    [ 0.73886535  0.15450389 -0.01070123 -0.06346176  0.08138255 -0.00836295
 -0.01952737  0.05980767 -0.10662961 -0.0622919  -0.04773303  0.05609186
  0.04192542 -0.04373659  0.02262645  0.14312014  0.08263978  0.03594044
  0.08371914  0.0417192   0.03168555 -0.03680708 -0.03333708  0.05596035
  0.01053511  0.01399433 -0.00308754 -0.0049145  -0.00959193 -0.00634284
  0.0018261   0.02061334 -0.0174605  -0.01575033 -0.00145995  0.03772196
 -0.05110401 -0.04679104  0.02780257 -0.0301682  -0.05954932  0.01132032
 -0.04706184 -0.01141426 -0.04089003 -0.05091702  0.03533229  0.05862725
  0.03368642  0.00974309]
similar    [ 8.68574229e-01  2.17981464e-01  3.91119830e-02  7.98853704e-02
 -1.05548584e-01 -1.21958728e-02 -2.91341443e-02  1.51267720e-02
 -2.37173119e-02  8.31411261e-02  4.61738186e-02 -4.16499741e-03
  6.30244329e-03  3.99414949e-02 -3.28525587e-03 -3.05786710e-02
 -2.93327392e-02 -1.22851381e-02 -2.37476385e-02 -2.12140450e-02
  5.84950302e-02  9.93807649e-03 -6.92912757e-03  3.93708861e-02
 -6.32535423e-02 -3.43185368e-02  2.61273455e-02  1.02814290e-03
 -4.50682797e-02 -3.14696164e-02  2.02849356e-02  4.03589139e-02
 -4.15622951e-02 -3.00735480e-03 -1.43111475e-02  2.78396826e-02
 -9.36071144e-03  2.87631141e-02  9.69575040e-03 -8.95956369e-03
  4.48659766e-04  7.98271733e-02  4.20311749e-02  1.12560515e-03
 -2.77542042e-02 -3.92333037e-02 -9.46903371e-03  2.42716349e-02
 -7.70704439e-03 -8.74463041e-02]
george    [ 6.80745901e-01 -2.02040367e-01  1.92503121e-01 -2.87882548e-02
  2.04548838e-01  3.02928249e-04 -4.42354723e-02 -9.76204865e-02
 -3.02677670e-02 -2.19301007e-02  3.76255480e-02 -6.84661619e-02
 -2.19367987e-02  3.66712011e-02 -3.69983728e-02 -9.30077379e-02
 -5.68584946e-02  7.08159825e-02  1.04141015e-02 -6.73914016e-02
  6.66662727e-02  9.48977693e-02  2.27210686e-02 -6.93775764e-02
  3.61945311e-02  3.57492771e-02  1.38148761e-02 -4.28739480e-02
 -3.43915671e-03  1.98544606e-02  1.52403461e-02 -6.87338173e-02
 -1.01546468e-02  8.76583135e-03  1.81525511e-03  2.76998083e-03
 -1.02849253e-01 -6.17095454e-02 -3.27744917e-02  2.85129604e-02
 -2.11723249e-02 -3.93637573e-02 -1.01993118e-02 -1.06582095e-02
  2.38391234e-03  1.16143274e-02 -3.46635789e-02 -6.61442184e-03
  1.19133835e-02 -6.75642862e-02]
romantic    [ 0.4531379   0.06474641  0.08209455  0.00110621 -0.01768794 -0.01419303
 -0.02428723  0.04163797 -0.00939477  0.10202171  0.06544659  0.10632095
 -0.0465051  -0.00282475 -0.08602277  0.05878138 -0.03068444  0.00338676
  0.15098859 -0.03934611  0.10054641  0.04757828 -0.1217467   0.08864397
  0.03021675  0.06643183  0.02311433  0.02837245  0.11773491  0.08850653
 -0.1101023  -0.20061282  0.04482031  0.07769257 -0.05198642 -0.05354093
  0.02025333  0.25107993 -0.10185105 -0.04693569 -0.09776059 -0.08656927
 -0.05930449 -0.07996179 -0.01110866 -0.01299889 -0.09299778 -0.10059667
 -0.14244099 -0.0050829 ]
five    [ 4.71871484e-01  1.17231716e-02 -1.95722617e-01  4.61567483e-01
  2.16398341e-01  3.54822289e-01  1.98867962e-01  4.39317218e-03
 -3.34761755e-02  6.64564172e-03 -4.12223088e-02 -4.85594137e-02
 -2.35571699e-01 -9.77247757e-02  4.24796383e-02 -7.32417338e-02
  1.33976213e-02  9.47828141e-03 -9.63155619e-02 -4.26184429e-02
  5.42420050e-02  1.56316710e-02 -5.70196400e-02  2.61519492e-02
  1.85434771e-01 -1.17220674e-01 -1.70828817e-02 -1.05870441e-01
  1.63774909e-01  1.56425321e-01  1.98748050e-02 -1.80052471e-02
 -5.67396757e-02 -1.03264346e-01 -3.45342079e-02  1.03697071e-01
  1.14441806e-02  6.88933953e-03  9.63565269e-04 -1.46815666e-02
  5.88904549e-02  4.18673183e-02 -5.80258485e-04 -2.94082397e-05
  5.65964603e-02 -8.80514099e-04  5.72781651e-02  9.18631481e-03
  5.51868833e-02  1.06735825e-01]
animation    [ 0.77000651  0.06128569  0.2198819  -0.13897977  0.08695016  0.09303949
  0.07471953  0.01489288 -0.0859859   0.12852267 -0.11125406  0.05783899
  0.00851049  0.04414148  0.08146115  0.0472376   0.05164292 -0.04717262
 -0.01499464  0.06108429  0.07446763  0.0240881  -0.02880647 -0.04199982
 -0.02839429  0.05714827 -0.01088632 -0.05391639  0.01215664 -0.03039364
  0.06377929  0.01646537 -0.03644102 -0.00959344  0.00936239 -0.02347567
 -0.00521662  0.01634618  0.07574644  0.00965948  0.03295672 -0.033137
  0.0700181   0.05253223  0.00586786  0.02045379  0.0033859   0.0212425
  0.04125333 -0.01681075]
villain    [ 8.03068546e-01 -8.79426063e-02  2.14966822e-01 -4.14607131e-02
  1.29003787e-01  2.17610076e-02 -6.22142242e-02 -6.53896723e-03
  9.81168154e-02  5.56321407e-02  5.26895896e-02  1.28462924e-02
 -1.44397216e-02  1.15693080e-02  7.94336249e-02  2.17869565e-02
 -7.01528975e-02  6.41619962e-02  5.66948257e-02  2.24098757e-03
  1.10879775e-01  3.50701972e-02  1.21391165e-02  7.75953588e-03
  1.66063550e-02 -6.07896357e-02  9.72633021e-03 -7.13560258e-02
 -1.59413492e-02 -1.94537515e-02 -1.14613051e-02  3.88465075e-02
  4.61700764e-02 -4.95563109e-02  5.13529377e-02  1.81634553e-02
 -9.15920569e-03 -6.32879861e-02 -6.04445541e-04 -5.82320393e-02
 -8.04361528e-03  4.04714890e-02  3.37602656e-02  1.44396609e-02
 -5.73350902e-02 -4.20161996e-04  2.06844908e-03  1.37997617e-02
 -1.99747979e-02  5.19376681e-02]
predictable    [ 6.93366556e-01  1.84105809e-01  2.77229406e-02 -9.37663615e-02
 -3.07474818e-01  2.44012880e-01  4.03759107e-03  8.76610590e-02
  1.86058417e-04 -7.76943899e-02  7.06058852e-02  1.81008135e-01
 -8.30361585e-02  2.91720864e-02 -9.41101059e-02 -1.18510921e-01
 -1.11843803e-01  1.17690153e-01  1.02454981e-02  1.34936158e-01
 -4.34382443e-02  9.90691710e-02  4.26365666e-02 -5.39498967e-02
 -3.71746512e-02 -2.57687565e-02  9.90741476e-02  6.43216714e-02
 -4.08950267e-03 -5.30615047e-02 -2.40614557e-02 -9.14416786e-02
  1.74297135e-02 -5.71476667e-03  4.39450918e-02 -4.54765033e-03
  4.76638790e-02  6.12538507e-02  4.82164931e-02 -9.39589485e-03
  2.36439517e-02  3.96184291e-02  1.95018133e-02 -1.43939388e-02
 -8.33072361e-03 -3.19067166e-02 -5.48951688e-03  1.98942543e-02
  2.96130545e-02  7.13236936e-03]
less    [ 0.73253058 -0.02739833  0.05023795 -0.13287157 -0.02692193  0.01508368
  0.23295405 -0.05768439  0.05257541  0.02945557 -0.04903976 -0.07320937
 -0.11403937 -0.06093976 -0.00216479  0.01772944  0.00129227  0.02593921
  0.06825168 -0.05335172  0.1034239   0.09461188  0.11868983  0.023832
  0.03070726  0.04673371  0.06861324  0.04931464 -0.03220643 -0.0348203
 -0.03695119  0.03999701 -0.03182377  0.02101429 -0.00544296  0.00153117
  0.07291708 -0.10141233  0.14552519 -0.03379412  0.03822834 -0.07334242
 -0.00757622 -0.0703519   0.03170663 -0.06278249 -0.00172065 -0.02840982
 -0.04085831 -0.1006445 ]
aspect    [ 8.02118306e-01  3.47798169e-01  7.83728356e-02  1.54289555e-01
 -3.45555235e-02 -1.68950745e-01 -1.33034754e-02  1.42093661e-02
  3.50718303e-02  1.06704114e-02  5.71034713e-02  7.80800884e-02
 -7.77867305e-02 -3.65763350e-02  1.02759603e-01  8.24671316e-02
 -1.93512691e-02  3.32619567e-04 -1.63070917e-02 -5.48405605e-05
 -3.99210001e-02 -3.74947585e-02  1.68294062e-02  1.12644705e-02
  2.49797903e-02 -4.75264327e-02 -6.29375555e-02  2.83399862e-02
  3.18730721e-03 -3.19316897e-02 -3.54773866e-03  5.69777006e-02
  9.35936980e-03 -7.24656048e-04  2.56410838e-02 -2.78895272e-02
  3.26750905e-02 -3.65021851e-02 -6.39207572e-02 -3.70662563e-02
  1.00684407e-02  1.63744516e-02  2.65017770e-02 -4.11430528e-02
 -2.57842888e-02 -3.47458327e-03  1.45957382e-02 -9.83982672e-03
  5.15480595e-02  3.65851980e-02]
monster    [ 0.83316344 -0.02107666 -0.16176029 -0.14263356 -0.02676215  0.08369893
 -0.1902003   0.06843634 -0.09362515  0.14972599  0.06562224 -0.01883941
  0.02910836 -0.01766597  0.04677791 -0.03481391  0.09542827 -0.00942265
  0.00132755  0.0312126   0.0254489   0.08137759  0.01112538  0.0232963
 -0.02134948 -0.06941575  0.0574488  -0.04980677 -0.01685292  0.01398983
 -0.05103744  0.03078838  0.02117256 -0.03582339 -0.00491771 -0.0459953
 -0.04087429 -0.03100967 -0.00491544  0.02735445 -0.00664106 -0.01240407
 -0.01029863  0.02205887  0.01679001 -0.0081096   0.02912171  0.0078599
  0.0251743  -0.00742994]
upon    [ 6.86234532e-01 -6.21711501e-03 -1.29232011e-02  1.57312456e-01
 -6.73928354e-02 -2.51021971e-02  5.20684956e-02 -4.11331651e-02
 -8.35104532e-02  5.19202949e-04 -9.11170257e-02  1.08505023e-01
  1.88748849e-01  8.40434569e-02 -5.89390735e-02 -3.39627679e-02
 -4.38108304e-02 -2.98390306e-03 -4.58410142e-02 -3.46895939e-02
  3.38250073e-02  1.05586359e-02  5.65639450e-02 -3.79235745e-02
 -9.75902479e-02  1.44664403e-03  6.56762017e-02 -2.27774655e-02
  4.04554020e-03  1.49495816e-02  4.02014796e-02  2.52186025e-02
  1.80445988e-02 -5.14594616e-02 -1.04139356e-01 -2.58486566e-02
 -1.13822652e-02 -3.68857606e-02  6.34021988e-04  1.14985375e-02
 -3.44348834e-02 -9.77279303e-03 -1.61507714e-01  4.86627900e-02
  5.02419321e-02  1.00457349e-02  2.18329879e-02  1.92840532e-02
 -6.41026134e-02 -6.68849328e-04]
producer    [ 7.39674695e-01  5.49804236e-02 -2.68031912e-02 -2.96438282e-02
  1.21913954e-01 -1.68734655e-01  3.45596713e-02 -3.15210661e-02
 -4.86884710e-02 -1.14325235e-01  6.72046602e-02 -1.06403838e-01
  7.04869567e-02 -4.94330432e-02  2.83343133e-02 -1.26268692e-01
 -7.96708315e-03  6.05529371e-02  8.10599678e-02 -9.51327413e-02
 -3.62864105e-02  3.85987716e-02 -3.61486509e-03 -5.05030054e-02
  6.06235721e-02 -8.88197283e-02 -2.11684434e-02 -2.59020857e-02
 -2.16055450e-02 -3.81868872e-02  5.83812436e-03 -6.70515059e-03
  9.14488290e-03 -2.81077187e-02 -3.68903277e-02  4.95021070e-02
  2.47650976e-03  2.25544964e-02  1.77324481e-04  1.61452156e-01
 -5.68503687e-02 -3.22108401e-02 -6.05500172e-02 -2.22830746e-02
  6.82413742e-02  1.01144724e-02 -2.76622831e-02  4.46382205e-02
  6.95302545e-03 -7.20648832e-02]
richard    [ 0.70912675 -0.14168579  0.23655596 -0.00233003  0.22914435  0.01967677
 -0.10999253 -0.1028472  -0.06464842 -0.03870667  0.05106224 -0.07556945
  0.06519187  0.08786823 -0.08506016 -0.09785293 -0.08410524  0.09054313
  0.08910567 -0.05781344  0.03456609  0.09610757  0.06031663 -0.05995735
  0.04130001 -0.05114243 -0.06159373 -0.02198731  0.01406024 -0.01100739
 -0.04333091 -0.04618462 -0.0469174   0.00559905 -0.03523821  0.08184118
 -0.01325188 -0.07311538  0.00887624  0.10405001 -0.03895939  0.08864172
 -0.01958646 -0.04501775 -0.06295004  0.00254631  0.01162279 -0.03227538
 -0.03616194 -0.0506655 ]
image    [ 0.82047588 -0.07902075  0.07741581 -0.00400492  0.02976315 -0.04131073
 -0.01860589  0.09768218 -0.06153716  0.08467497 -0.04504372  0.03882199
 -0.02566196  0.07814888  0.01174787 -0.02245222  0.12391645 -0.1452317
 -0.02634489  0.00883771 -0.0095913   0.06341084  0.01717314 -0.03732381
  0.02816204  0.00178627  0.00751584 -0.05420165  0.02708678 -0.02055325
  0.01028175  0.07582294 -0.03817641 -0.07739688 -0.005514   -0.02435675
  0.07581784 -0.00270284 -0.04704186 -0.05936234 -0.00527994  0.01686934
  0.00963162  0.03662331 -0.07865592  0.00773305 -0.0545334  -0.01870851
 -0.01296667  0.02113446]
storyline    [ 8.08713009e-01  8.64993876e-02  2.31361975e-01 -2.13194705e-01
  1.86545816e-02  1.54286872e-01  4.37361969e-02  1.25415463e-02
 -1.34408120e-03 -1.07980017e-01 -7.18933302e-02  4.76307035e-02
 -2.61734973e-02 -5.58557190e-02  8.38362259e-02  8.34924262e-02
  3.81315622e-02  5.43014239e-02 -1.01079377e-01  1.27679570e-02
  9.29896104e-03 -5.53005839e-02  1.28142558e-02 -4.52353848e-02
 -1.63189195e-02 -1.12287295e-02 -2.14258166e-02  3.25369881e-02
  8.76758716e-03  3.74526857e-02 -2.16840978e-03 -4.42595445e-02
 -3.78079969e-02 -3.11927353e-02  4.05232242e-02 -2.88365870e-02
 -4.39925552e-04  1.63639637e-02  6.80546999e-03  2.14237715e-02
  1.12602580e-02 -2.47125151e-02  3.68219775e-02  1.02966761e-02
 -3.22854912e-02 -1.63275918e-04  2.22843708e-02 -3.00296657e-02
 -6.28194024e-02  3.69304959e-03]
escape    [ 0.66193802 -0.26211906 -0.01141775  0.04737346 -0.12792292 -0.05626025
 -0.02022408  0.00804629 -0.01251138 -0.03508648 -0.00788828  0.06733532
  0.08371554 -0.1446984   0.01561096 -0.04484444  0.10880445 -0.02080028
  0.05994966 -0.01393641  0.03481236 -0.01028365 -0.05467508 -0.00459166
 -0.0094644  -0.11094036 -0.09196292 -0.15357876 -0.14174512  0.05740255
 -0.00933284 -0.08515369  0.0853282   0.02878023  0.07815617 -0.05153701
 -0.07631338  0.1135585   0.05910139  0.08926471  0.01705464  0.0898304
 -0.08716191  0.00495594 -0.06801157  0.01499321  0.06212732 -0.03049747
  0.01117603 -0.04487393]
fill    [ 0.85038481  0.25588856  0.02568508  0.10015318 -0.14457915  0.11763201
 -0.01862376  0.00215869  0.03271856  0.00348001  0.02392426 -0.04234271
  0.13615918 -0.03438488  0.00692751 -0.00875071  0.04162846  0.05336713
  0.08481201  0.0104776  -0.00532707 -0.02686037 -0.06230942  0.00348722
  0.02095769 -0.01233698  0.01412362 -0.01907802  0.01764737  0.081057
  0.00809495 -0.02617774 -0.01152324 -0.02999088 -0.01480698 -0.00124226
  0.05493479 -0.00476701  0.01159187  0.01032577 -0.02952186  0.02791347
 -0.01427559  0.00989724 -0.01057127  0.04732966 -0.01165042 -0.02358226
  0.02435804  0.01132761]
capture    [ 0.78482169  0.15582706  0.06972987  0.13603568 -0.09227974 -0.11697535
 -0.02140461  0.01975062 -0.01460481 -0.04961041 -0.14042249 -0.02699921
  0.0196032  -0.01386828  0.00545071  0.03586981 -0.06089292 -0.06399007
  0.05350822  0.01203528 -0.00273351  0.04061857 -0.00558001 -0.0126351
  0.08929573 -0.02619589 -0.09678196 -0.0930051  -0.036496    0.03170767
  0.00099006  0.0220036   0.0630318   0.03414694 -0.02512149 -0.0263067
 -0.09204631  0.07662368 -0.01358455  0.00475381 -0.03864436  0.02641683
 -0.00990207  0.00971935 -0.04674208  0.0464413   0.02374207  0.0187413
  0.06889887  0.02976553]
parent    [ 7.05704228e-01 -3.44296595e-01 -1.31697805e-01  3.40443715e-02
 -6.68712422e-02 -4.94448028e-02 -6.83695374e-02 -1.54915602e-01
 -4.39772712e-02 -3.93109831e-02 -2.32781591e-02  4.53836235e-02
 -3.40339968e-02 -1.24992751e-02 -1.49433303e-01  1.13892022e-01
  7.64867021e-02 -5.85848164e-02  1.57992526e-02 -2.73751364e-03
  3.19801141e-02 -6.65891484e-02  4.90573456e-02  2.46560739e-02
 -1.73945898e-04 -7.75630007e-03 -8.44217061e-02  1.32404870e-01
  4.77896209e-03 -2.92537014e-02  6.80558326e-02 -5.28961940e-02
 -7.33886775e-03 -1.50127605e-02  1.24637443e-02  4.11660655e-02
 -3.48616129e-03 -1.54160669e-02 -2.26223339e-02 -6.53735603e-04
 -2.76864443e-02 -1.95740424e-02  2.77506161e-02  3.29294663e-02
  1.31177840e-02  1.80090524e-02  5.26512247e-02  5.81083395e-02
  2.63412753e-02  4.72925455e-02]
within    [ 7.63034234e-01  8.96176323e-02 -4.28024131e-02  2.42795885e-01
 -9.22908657e-02  2.25150345e-01  1.10680320e-01  1.06304939e-02
 -6.91761982e-02  1.32562140e-02  6.80809834e-02  7.65518484e-02
 -3.48674227e-02  6.56851979e-04  5.05861662e-02 -1.25677557e-01
  7.16001505e-02  1.63314195e-02  1.33951447e-03 -6.37797896e-02
  6.64873043e-02 -5.08479952e-02  6.10001708e-02  2.22008813e-03
  1.06861804e-01 -3.34249966e-02  6.50744966e-02 -1.28087570e-01
  5.33351250e-02  1.50481607e-01  1.01965569e-01  6.74306351e-02
 -4.01100064e-02 -2.95955798e-03  1.11309543e-02  1.53310133e-02
 -4.80892311e-02  1.04039831e-02  2.26887523e-02 -1.30948538e-02
 -4.32368592e-02 -4.46500652e-02  3.92057426e-02  3.20912872e-03
 -7.06084477e-03 -3.97712212e-02 -5.54539229e-02  5.46372956e-02
 -6.44764043e-03  1.26344564e-02]
bunch    [ 0.78943711 -0.1028658  -0.02991052 -0.07243    -0.0595389   0.09703318
 -0.05550721 -0.01592056 -0.085551    0.11380787  0.07339139 -0.11728123
  0.03675051 -0.07456155  0.09764135  0.0061663  -0.04442864 -0.06515871
 -0.03909018  0.04433534 -0.11914401 -0.09060887 -0.11954073 -0.03180886
  0.01584061  0.09895308  0.08067641  0.01448251  0.04259895 -0.0743766
 -0.01761952 -0.02122779 -0.00437768  0.02092848 -0.06769586  0.12147537
 -0.03763456  0.02799034  0.04109929  0.03699792  0.00285383  0.07968027
 -0.02084919  0.04386637 -0.00217998 -0.05007983  0.06487389  0.0521444
 -0.0279579   0.072996  ]
state    [ 8.59489815e-01  1.42550176e-02 -7.09684811e-02  7.05029948e-02
 -1.59770425e-02 -9.75771406e-02 -2.35391185e-02 -4.60663615e-02
  3.19027621e-02  4.08747619e-02 -8.43047279e-02  8.77126088e-03
  4.62345526e-02 -3.43694652e-02  9.00041217e-02 -1.42690111e-02
  4.97458025e-02  2.60865814e-02 -2.40202356e-02  3.38533132e-02
  6.29170044e-03 -8.42932869e-03  2.79987675e-02 -4.68508339e-02
 -2.87528587e-02 -5.92016696e-02 -3.53059787e-02  3.32289805e-02
 -4.79676840e-02 -8.22721682e-04  3.20262835e-02 -1.10189060e-02
 -4.52895787e-02  1.62398934e-02 -9.56365628e-03 -1.75955424e-03
 -2.89978680e-02 -9.38326145e-03 -5.76126630e-02 -1.01775514e-02
  2.15036410e-02 -3.25369762e-02  3.51548384e-03  1.92510129e-02
  1.84873421e-02  1.06239707e-02 -3.01795320e-02  7.03305637e-03
 -5.21244737e-03  4.60493497e-02]
remind    [ 7.96817662e-01  1.82471842e-01  1.07558610e-02  7.60927951e-02
 -1.02054164e-01  3.02516142e-02 -3.40971662e-02 -2.20774726e-02
  7.69565947e-02  5.94711199e-02 -7.65598892e-02  2.15233650e-02
  5.11414606e-02 -7.27575126e-03 -1.43478263e-02  5.40667028e-02
  2.31733565e-02  3.60714229e-02  3.84335130e-02  3.93050635e-02
 -5.20057194e-02 -1.24412159e-03 -2.20451532e-02  8.85747236e-03
  1.94686702e-02 -1.57477857e-02 -7.25823748e-02  2.61658575e-02
 -3.40761549e-02 -7.66142304e-02 -2.78031635e-02  4.51674518e-02
 -7.50711715e-02 -1.78711123e-02 -7.87172508e-02  5.75475583e-02
 -2.89314067e-02 -2.66311883e-02 -2.42454846e-02  3.57703777e-02
 -5.02537553e-02  7.55482215e-02 -1.06903675e-05 -4.29189765e-03
  1.14456509e-02  9.52314755e-02 -8.98986885e-02 -6.24864843e-02
  1.00067980e-01 -9.50743920e-02]
us    [ 7.95909516e-01 -1.25436273e-01 -5.69820986e-02  6.72944833e-02
  1.06545891e-01 -1.64551538e-01  7.91095848e-02  3.62271412e-02
 -9.53454864e-02  8.79715178e-03 -1.00817939e-02  3.13686004e-02
  1.00063099e-02 -4.23583038e-02  3.34978790e-02 -3.89428304e-02
  7.65288009e-02 -2.78745700e-02  1.06526668e-02  8.43801306e-03
  8.52148066e-02 -2.79966597e-02 -2.37035938e-02 -6.70413337e-02
 -3.84162119e-02  1.04655578e-02  1.10504323e-01  3.46692947e-03
 -7.30808871e-02 -1.84542902e-04  6.68531831e-02  1.18136859e-02
  3.63430200e-02  1.37230051e-02  4.95668089e-02 -1.67282072e-02
  1.92019237e-02  5.29718959e-02 -4.03275159e-02 -4.83186703e-02
 -6.74195727e-02 -2.28970768e-02  1.83459212e-02 -1.40561785e-02
  7.49458830e-02  2.15847944e-02  4.31648542e-02 -5.57312230e-02
 -1.26323549e-02 -4.27012237e-02]
crime    [ 0.77334038  0.06388717  0.09701165  0.13202188 -0.14414681 -0.06333745
 -0.07904341  0.16750541  0.01579146  0.05366038 -0.03889383  0.03968342
 -0.05575731  0.05249548 -0.06687034 -0.04069387  0.01907416  0.00512217
  0.12159611 -0.13260685 -0.01390958 -0.09867954 -0.08800214 -0.02501389
  0.01333128 -0.01429254  0.05179604  0.02168909  0.01176718  0.02282348
 -0.04350718  0.02855311  0.0481931  -0.00349208  0.07051291 -0.01479243
 -0.0486064   0.01964211  0.00447955 -0.03459553 -0.04505072  0.002176
 -0.0542542  -0.04428362 -0.01520758  0.00360939  0.02252919 -0.01259397
 -0.04171475  0.01660361]
nearly    [ 0.74957471  0.04708163 -0.03154079  0.16377735  0.07169975  0.17797413
  0.08014906  0.02026218  0.04855535 -0.05537973 -0.06004698 -0.00407965
 -0.11609585 -0.04919603 -0.00869528  0.06252194  0.07380633  0.05367517
 -0.07485904 -0.04602781 -0.0030567  -0.03642174 -0.05702453  0.02219152
  0.0249767  -0.02238202  0.01268605  0.05230244 -0.04792238 -0.04697454
  0.0053125   0.03754138  0.08697472  0.00704859  0.04203438 -0.13534129
  0.0716201  -0.00497984 -0.02838481 -0.04436289 -0.00159146  0.02620596
 -0.01026887 -0.06441153 -0.08460265  0.01091195 -0.08796601  0.03330995
  0.04982817 -0.01942983]
enjoyable    [ 0.85132641  0.33801446 -0.06977439 -0.00372676  0.00672768 -0.07632713
  0.06886078  0.01687265  0.0020237   0.01071877  0.09834682 -0.02058464
 -0.0275847  -0.03219244 -0.06706264  0.09117056 -0.0106658   0.01987307
 -0.01785039  0.08389149  0.08515119 -0.05732856  0.01988145  0.06296784
  0.02456141  0.00629094 -0.04100205  0.03458569 -0.05076467 -0.02448402
  0.00332875 -0.00989875  0.00688847 -0.01077927 -0.02510564  0.03630364
 -0.02384817  0.00783521  0.04384951 -0.04979129  0.0673116  -0.02070448
 -0.00614499  0.02392357 -0.02433815 -0.00400528 -0.00726286 -0.03551545
 -0.02826348 -0.02689299]
steal    [ 0.63948738 -0.07678694  0.0251602   0.10877875 -0.15184633  0.02381062
 -0.09051652  0.13898061  0.07102206  0.01756002  0.02460926 -0.06684671
  0.06075001  0.0254261  -0.0603103  -0.08655877  0.23665807 -0.04480211
  0.11644272 -0.12486648 -0.00315486 -0.04153132 -0.11496466 -0.17946038
  0.12227794 -0.11356146 -0.04005573  0.05704079 -0.09123994 -0.20164107
 -0.09792148  0.09177682  0.09494511 -0.02357661  0.05416437 -0.0316741
 -0.00480737  0.06215672 -0.10027132  0.03284147  0.09294132 -0.0156131
 -0.05847835 -0.04689275  0.01036878 -0.12598545  0.08243754  0.00759225
  0.11353267 -0.00724299]
carry    [ 8.73571523e-01  1.87013211e-01  4.56395183e-02  5.79051749e-02
 -1.36913444e-01 -3.89586633e-02 -5.23390084e-02 -2.54579960e-02
  2.20824574e-02 -8.57383899e-02 -7.16015161e-02 -7.19463139e-02
  2.93756308e-03 -6.73729608e-02 -2.91383168e-02 -1.76729088e-02
 -1.59532872e-03 -2.31214906e-02  7.82839550e-02  2.48230592e-02
  4.05792373e-02 -5.60809861e-02 -3.30636618e-02 -3.42262105e-02
  8.20248603e-02 -4.44597664e-02 -1.75524679e-02 -3.51287225e-02
 -5.90871694e-02 -4.07309739e-02 -1.60934739e-02  4.35876717e-02
  4.42272068e-02  6.05535176e-02 -1.53853206e-02  1.71930421e-02
  8.22028391e-02  7.52802668e-03  2.50100662e-02  5.36702311e-05
  3.08259996e-02 -5.28013343e-02  4.46628707e-02  1.76851244e-02
  2.88658204e-02  3.32423455e-03  1.82439608e-02 -4.98977199e-02
 -2.31284425e-02  3.01837831e-03]
dog    [ 0.66558524 -0.23261093 -0.04025675 -0.05254696  0.00412596  0.02330175
 -0.14185092  0.08112278 -0.07693635  0.14087083  0.00783888 -0.04384807
  0.02603445 -0.02266736  0.02828421 -0.00599594 -0.03423268  0.01088434
  0.06620068  0.02312263 -0.0072209  -0.0376839   0.00829992  0.01496337
  0.00320636 -0.00910424 -0.00486884  0.05879797 -0.0138391   0.01747355
  0.00253524  0.04005976 -0.0121839  -0.00521164  0.0085115  -0.03347688
  0.06179808 -0.00928651 -0.02927698 -0.01687125  0.06107571 -0.04388708
  0.01281027 -0.00138529  0.0121984  -0.05200542 -0.01622915 -0.003242
 -0.04209593  0.00204631]
plan    [ 8.29769461e-01 -1.92349728e-01 -7.05038867e-02 -2.79153382e-02
  1.61473496e-02 -1.36006003e-01  5.14278653e-02  6.37614634e-02
 -1.22549151e-01 -4.89722240e-03  1.02438624e-01  5.65709232e-02
  1.49766145e-02  2.22971781e-02 -1.58850035e-02 -1.66498289e-02
  4.61437040e-02  3.90827290e-02 -1.53055462e-01  8.49892148e-03
  1.95956787e-02 -3.66852465e-02 -8.10429376e-03  2.67085761e-04
 -1.28527799e-02  5.45945667e-02  8.79663879e-03 -3.15302217e-02
 -3.37489642e-02  5.57359823e-02 -5.47855628e-02  1.92859243e-02
 -3.59149755e-02  1.46339914e-02  2.49591587e-02 -5.05671797e-02
 -3.67847095e-02  3.73011699e-02  5.79124892e-02 -1.30851389e-03
  3.36898537e-02  2.06336911e-02  5.17474144e-02  3.39267872e-02
 -3.03984824e-02  2.75338821e-03 -3.17098858e-02  4.56357141e-02
  8.90034444e-03 -3.20931376e-03]
ten    [ 0.49826199 -0.02826609 -0.23823359  0.43219359  0.29131166  0.39528415
  0.21688906 -0.0153452   0.01178906 -0.01654907 -0.04095227 -0.00501434
 -0.21015516 -0.09585934  0.05969698 -0.09063411  0.00981808 -0.01592928
 -0.02158236 -0.03687209 -0.00855082  0.05870735 -0.02001422  0.04248097
  0.05997182 -0.09641721 -0.01329159 -0.04932542  0.08469307  0.10753125
  0.02101172 -0.03007476 -0.03261667 -0.08320836 -0.03236399  0.04775779
  0.00725284  0.03748528 -0.02906711 -0.00608099  0.03316058  0.02906816
  0.01373517 -0.00864882  0.02785972  0.01320659  0.0246677  -0.00330085
  0.03219643  0.04846187]
opening    [ 0.4463112   0.03834131  0.08340317  0.13187337 -0.07158312  0.10750059
 -0.0825257   0.38648478  0.20263928  0.02791834 -0.02178505 -0.21226036
 -0.04919234  0.19416135 -0.22366139 -0.07714862  0.15835236  0.07842371
  0.05719948 -0.14788076  0.01680037 -0.12900798 -0.08269046 -0.06460324
 -0.03036005  0.1200953  -0.05845725  0.00541759  0.05711732 -0.00426451
  0.1107016   0.05114988 -0.00767865  0.03943018  0.03777318  0.05589232
 -0.01002014 -0.01362914 -0.00679173  0.01540487  0.00246219 -0.0638125
 -0.05640414 -0.03579333  0.00323894 -0.00692827 -0.01048493  0.00698819
  0.04542766 -0.00371699]
fire    [ 6.37804787e-01 -3.19562685e-01 -7.29145055e-03 -1.39886812e-02
 -2.18455487e-02 -2.49428827e-02 -7.41203355e-02  1.38701557e-01
  1.08954023e-04 -4.27652414e-02 -7.04544372e-02 -8.41814549e-02
 -2.12328888e-02 -2.54948950e-02  1.35079416e-01 -3.71540913e-02
 -6.73848174e-02 -1.17383123e-01 -8.22882913e-03  7.61797447e-02
  2.08697149e-02 -1.09750905e-02 -3.13438343e-03 -4.95633048e-02
  4.80154208e-02  3.53921396e-02  1.66772447e-02 -5.05842095e-02
  1.49751147e-02 -1.60998577e-02  1.86283970e-02 -2.57508742e-02
 -8.55221384e-03 -7.83084981e-02  2.72035788e-02 -1.20345039e-01
  3.21744645e-02  8.78205591e-03  7.08655117e-02 -3.91415356e-03
 -8.09980289e-03 -1.25979172e-01 -3.91879819e-02 -4.98590101e-02
 -3.26733643e-02 -5.24405012e-02 -3.47234159e-02  5.80529375e-02
 -3.59790646e-02 -1.35484992e-02]
dull    [ 0.7872714   0.26858343  0.02956335 -0.02462769 -0.15533854  0.08057288
  0.02039713  0.05512206 -0.01746938 -0.01253945  0.06948829 -0.05074099
 -0.01758286 -0.03083035 -0.02932715  0.01761943 -0.03844389  0.01367721
 -0.04873467  0.01219613  0.0489331   0.01324053  0.07540944 -0.02012402
  0.04064158 -0.03056395 -0.07720254  0.05669901  0.01057805  0.0274488
  0.02001553 -0.01890751  0.01857959  0.00541055  0.05032247  0.02184291
 -0.08311633  0.00681579 -0.03495973  0.00981588 -0.01931424 -0.01041929
 -0.01881447  0.00217    -0.06694869  0.03024788  0.07473578 -0.0845082
 -0.04419228  0.03567473]
york    [ 0.11973658 -0.07843172  0.04501988  0.07593048 -0.0108788  -0.07061547
 -0.02411831  0.0047282  -0.07261421  0.01699795 -0.0839273   0.06759981
  0.05620351  0.00713263  0.03712122 -0.00787989  0.11870176 -0.00052306
 -0.02787558  0.06751169  0.04436137  0.04213642  0.00120723 -0.0629618
  0.00056018  0.06675181  0.07448982 -0.06515513 -0.06165909  0.01602185
  0.03432682 -0.19819654 -0.02984442  0.17650691  0.2716584   0.06540633
 -0.06047845 -0.03372302  0.0214735   0.28168462  0.42738347  0.05029327
  0.05711135 -0.2493476  -0.03115424  0.2977299  -0.09639738 -0.01579433
  0.01513162  0.12725952]
clear    [ 0.75030096 -0.07081434  0.03856479 -0.11144127  0.00331376 -0.15839966
  0.33747512  0.14500892 -0.03971526 -0.00695337  0.23994632  0.01585187
 -0.04155636 -0.17382652 -0.06950098 -0.05069101 -0.03972418  0.00359624
  0.02203065  0.01454661  0.02422449  0.0387741  -0.01183753 -0.03724575
  0.01548228  0.05015497 -0.00115733 -0.04250428 -0.01678037 -0.01121326
  0.04171463  0.01011685 -0.02189258 -0.01833226  0.00076749 -0.00634108
 -0.04812158 -0.01876762 -0.03603847  0.00680389  0.02319522 -0.01061885
 -0.00950206  0.02787777  0.01454705 -0.00253038  0.01519734  0.0036187
  0.02605976 -0.01019743]
middle    [ 6.97633679e-01 -2.85622758e-02 -3.61208871e-02  1.19340924e-01
 -1.52744914e-01 -5.29966852e-03 -1.00730493e-01  7.77675961e-02
 -4.73861103e-02 -2.23065102e-02  1.31795577e-02  3.20817308e-02
 -1.78150284e-02 -1.69649695e-02 -6.86874346e-02 -3.21125467e-02
  2.46262780e-02  1.20281843e-01 -4.28824712e-02  1.25365698e-01
 -4.94788592e-02  1.92584096e-02  1.50747498e-03  2.55148342e-02
 -4.76141151e-02  7.32814097e-02  3.01459712e-02  3.68926540e-02
  3.13795730e-02 -3.87711227e-02  2.36859507e-04  2.07380229e-02
  7.07358429e-03 -2.70866408e-02  1.53080477e-03  8.03934690e-02
  2.57707404e-02 -2.77371594e-02  5.62050762e-02  1.58959033e-02
 -2.13352486e-02 -3.81928577e-02 -8.40239382e-03 -2.50621377e-02
  1.03853823e-02  1.66310191e-02  1.82740043e-02  1.39793840e-02
 -5.25238537e-02  3.49820673e-02]
remain    [ 7.68017510e-01  8.41462475e-02  8.34893631e-02  2.43940937e-01
 -5.00430942e-02 -7.93162997e-02 -9.79560318e-03 -2.22650540e-02
  2.88224501e-01  1.73342014e-02  3.37009235e-02  9.89607110e-02
 -7.96516968e-02  4.06776873e-05  3.74103545e-02  4.51679372e-02
 -1.04034502e-01 -4.22949192e-02 -1.18731267e-02  6.42662402e-02
 -1.52126271e-02  3.89118830e-02  1.15806016e-02  1.44703314e-02
 -1.03423155e-02 -1.57387350e-02 -4.52306296e-02  1.87503177e-02
 -3.56527409e-02 -8.79959887e-03  8.13916906e-03 -3.40331205e-02
  5.07500612e-03 -2.86738552e-02 -1.37345364e-02 -1.64159157e-02
 -1.29037175e-02 -4.83740554e-02  5.30172972e-02 -7.36687122e-02
  1.72499245e-02 -3.00315497e-02 -2.28928239e-02  3.01827256e-02
 -9.03160079e-03  1.75787296e-02  1.76096098e-02 -8.52021189e-03
  3.29494356e-02  1.16269675e-02]
lee    [ 0.82067149 -0.06203121  0.20409772 -0.03557822  0.21783078 -0.10231779
 -0.04437167  0.00214487 -0.08568127  0.05577498  0.00545781 -0.09449881
 -0.05951449  0.07875818 -0.0097571  -0.0779512  -0.1389986   0.10127815
  0.05541474  0.00338924  0.00772187  0.0152455   0.03124458  0.01699908
 -0.0103091  -0.04610725 -0.04058866 -0.03023807 -0.01816335  0.00322392
 -0.01686764  0.00657807 -0.02713117  0.01493484  0.01486846  0.02125006
 -0.03826211 -0.06063123 -0.00126975  0.01645564 -0.00423479 -0.02019005
  0.04082373 -0.0182581   0.03663605 -0.00651992 -0.06572446 -0.00794833
  0.00761427 -0.05161273]
actual    [ 8.42050297e-01  1.97470591e-01  3.51259900e-02  1.03736992e-01
 -1.32946319e-01 -2.71027075e-02  3.53163831e-02 -7.82862902e-03
 -1.35821523e-01  3.27161042e-04  2.88476576e-02 -1.83619179e-02
  2.49257093e-02  3.76693306e-02  4.29891449e-03 -7.03448364e-02
  1.82521604e-02 -4.75045004e-02  4.13830067e-02 -8.21079910e-02
  4.58496704e-03 -2.68534532e-02 -2.79262572e-02 -4.26459525e-02
 -3.08422811e-02 -1.74994526e-02  6.93470624e-02  2.22995726e-02
 -1.09363222e-02 -3.89007621e-02  2.20124293e-02  3.76556037e-02
  4.24212078e-03 -6.29771377e-02  4.91227559e-04  2.91493306e-02
  4.30450688e-02 -1.32868939e-02  2.43307248e-02 -7.40722992e-03
 -2.45309549e-03  2.30968260e-02 -2.40215821e-04  1.87471332e-02
  2.44335955e-02 -2.09306711e-02  2.18678310e-02  2.32755912e-02
 -4.91509491e-02  1.25407502e-02]
develop    [ 0.56550682 -0.00176194  0.37284527 -0.01546229 -0.2757652   0.25538338
  0.31902877 -0.29710695  0.02341918  0.0620791   0.00101209 -0.00748633
  0.03368101  0.1594092   0.15431617  0.07593281 -0.0197974   0.04644011
 -0.05922469  0.01323328  0.11025068 -0.0875212  -0.04103975 -0.03950729
 -0.05737442  0.0378176   0.00457196 -0.04925951 -0.02374841 -0.0276678
 -0.00552421 -0.05435138  0.01683834  0.00879472 -0.02555028 -0.03228976
  0.01920324  0.00170187  0.04252092  0.04345119  0.01074282 -0.09202199
  0.03871975  0.05206326  0.05014641  0.01430489 -0.00480365  0.01661904
  0.07281893  0.0416948 ]
gun    [ 0.62671527 -0.2588716   0.00817486  0.04249012 -0.07748714 -0.00909114
 -0.10658881  0.19074785  0.06693955 -0.04066677 -0.02235087 -0.08382589
 -0.00561782 -0.03959314  0.09738554 -0.06578089 -0.01809635 -0.00733523
 -0.0152367  -0.06167469  0.03016616  0.02371492  0.0570581  -0.0423946
 -0.00847602 -0.00495889  0.04257698 -0.04981474 -0.03124573  0.025905
 -0.07277021  0.00404516 -0.01489327 -0.08582129 -0.00965029 -0.07223038
  0.04770736  0.03184803  0.01884671 -0.05960083  0.05022289  0.06456962
  0.03317364  0.07526671 -0.05675293 -0.02189647 -0.05744992  0.07626519
 -0.02164502 -0.00381071]
discover    [ 0.77465589 -0.2355501  -0.00085118  0.18756712 -0.08289025 -0.04980204
 -0.04699911 -0.00974339  0.01105764  0.01218809 -0.00618968  0.05391811
  0.01216215 -0.13021138 -0.09082474  0.01597867  0.02790353 -0.02581096
 -0.04984017 -0.00546548 -0.00077632 -0.00927043  0.03262525  0.01266401
  0.00763999  0.01876866 -0.06053028 -0.0578177  -0.0303327   0.01134133
 -0.00768832 -0.01092812 -0.06186571 -0.0281408  -0.03472894 -0.05994981
 -0.08141029 -0.0189496   0.03009869  0.01499739  0.07164471 -0.00837525
 -0.04546763  0.01163612  0.01595237  0.01201735 -0.0385788  -0.01909242
 -0.00327055 -0.01652568]
mark    [ 0.80069414 -0.01854924  0.0453403   0.06892665  0.10199424 -0.02555602
  0.09246942  0.09401056  0.04449011 -0.09852075  0.06953452 -0.00767907
 -0.0235605  -0.03958257  0.04248602  0.02544754 -0.04048794  0.01438988
  0.01639639 -0.00291101 -0.02718655  0.0374852   0.03991569 -0.03804695
  0.05154293 -0.01380641 -0.01783995 -0.07148692 -0.00611641  0.03632028
 -0.0180898   0.01374093 -0.0229008  -0.01390114 -0.00237801  0.02531771
  0.00457087 -0.03411573 -0.06354749  0.0132775  -0.01272336 -0.05532563
 -0.02304626  0.0219345  -0.01013825  0.02190108 -0.01856848  0.00175676
 -0.00539086  0.04261244]
writing    [ 0.60296339  0.12055149  0.23337271 -0.23281461  0.17752398  0.20760744
 -0.02582054  0.06521729 -0.00554342 -0.17740064 -0.12685226  0.11709762
  0.07814468 -0.11969578 -0.0237336   0.02455573  0.0537835  -0.0238605
 -0.24433445 -0.03368718 -0.15229468 -0.08001841  0.04418716 -0.17980639
 -0.078902   -0.0674098  -0.05959053  0.08509491  0.09493449  0.01334504
 -0.07530901 -0.02953576  0.01209885  0.00125876  0.0489477  -0.01757818
 -0.05037589 -0.0369458  -0.04033833 -0.0183886  -0.04132316 -0.04938767
 -0.00376702 -0.01776437 -0.07556317  0.010133    0.03450467 -0.11998741
 -0.00269191 -0.00344023]
fantastic    [ 0.8286742   0.26325132  0.22467761  0.02526163  0.05773951 -0.00210703
 -0.03797122  0.04099397 -0.02953006 -0.06282528  0.06606411 -0.12083654
  0.04289121  0.04551335 -0.0911943  -0.06920025  0.03671826 -0.07336097
 -0.01508866  0.07540917 -0.00646592  0.02839052 -0.01892921  0.04895283
  0.06629109  0.03215534 -0.03924385 -0.00382546  0.01523992 -0.0202171
  0.02175815  0.01592913  0.02097938  0.00629691  0.01509254 -0.05776654
 -0.04262898 -0.00454713 -0.02132163  0.02591619  0.02551584 -0.00284186
  0.03863629  0.04095852  0.06089965  0.01141063 -0.01685902  0.03495014
 -0.04319616 -0.0057961 ]
attack    [ 6.47396183e-01 -3.58746024e-01 -5.69218520e-02  1.08801215e-01
 -1.08716833e-01  1.70716370e-02 -9.01850764e-02  1.31754777e-01
  1.21226023e-01 -9.56680667e-03  4.57148798e-02 -1.19787211e-01
 -1.55545070e-02  2.53378038e-02  1.74523936e-02  4.29656395e-02
  2.56578658e-02 -9.23713230e-02 -1.01601572e-02 -2.32936302e-02
 -6.17292402e-02 -5.69787367e-02 -4.31596851e-02 -1.45251801e-01
 -1.52082176e-02 -3.15400633e-03  7.04083521e-02 -6.82569675e-02
  3.61654392e-02  8.26062999e-02  4.17488207e-04 -5.10081630e-02
  5.97117654e-02 -4.80141884e-02 -3.13166624e-02 -7.72397712e-03
 -6.75766557e-02 -9.50172035e-03  1.08293816e-02  1.85429804e-02
  3.22501672e-02 -7.87346418e-03  2.82733484e-02  5.60656851e-02
 -4.46926461e-02 -2.20043765e-03 -4.15318468e-02  2.77688273e-02
 -3.56541288e-02  7.09793246e-03]
among    [ 0.70458983  0.13695967  0.08943842  0.14560592  0.04054024 -0.08049009
 -0.07201662 -0.06947984  0.12107735 -0.01599187  0.00102188  0.02872574
 -0.01199231 -0.02675909  0.06488405  0.02011949  0.04074014 -0.01276358
 -0.02768753 -0.00988434 -0.06602556  0.04003933 -0.11940856 -0.03712153
 -0.05382199  0.04629091  0.01771979 -0.04264409  0.06132064  0.0173224
  0.0389222  -0.04908269 -0.07610641  0.08841224 -0.00865796 -0.0339487
 -0.04416645 -0.05409711  0.01475034 -0.06294967  0.04508918  0.03745673
 -0.08417804  0.04548205 -0.07975018 -0.02629106  0.10445906 -0.0154964
  0.05125228 -0.03572243]
shock    [ 8.39360623e-01  6.33233277e-02 -6.27486069e-02  3.61927057e-02
 -1.01657797e-01 -7.25864262e-02  4.06323327e-02  1.26206991e-01
  8.50948957e-02 -1.56162914e-02 -6.12030717e-02 -8.85357164e-02
 -7.95538945e-02  1.12442592e-01 -1.14914919e-01  2.09867959e-02
  1.92831987e-02  1.31806279e-02 -4.56992282e-02  2.59407174e-02
 -4.03438436e-02  1.03073162e-01 -9.09744799e-03 -1.33934070e-03
 -1.03891184e-02 -3.04567808e-02 -1.92401763e-02  1.60998827e-03
  4.31706959e-04  8.69026166e-03 -3.97882011e-02 -3.24063572e-02
  1.88826020e-02  5.41982059e-02 -4.13198348e-03  3.09020615e-02
 -5.56317224e-02  1.28459232e-02 -1.14284475e-02  3.08419965e-02
 -3.03389958e-02  3.06739950e-02 -3.79954297e-02  2.26359517e-02
 -3.15601950e-02 -7.13213297e-02  4.60633827e-03 -4.05743255e-02
  1.97753121e-02  2.45740318e-02]
near    [ 0.57444862  0.03485305 -0.03744047  0.04897415 -0.18706002  0.04815336
 -0.07390353  0.1727212   0.05693471 -0.17916113  0.01208865  0.04401885
 -0.15557955  0.12770452 -0.12684628 -0.06298635  0.01019692  0.36966505
 -0.06212363  0.32577173 -0.15811593  0.18304961  0.03530189 -0.0429003
 -0.03419419  0.04157512  0.08954552 -0.02158383  0.03734566 -0.1041571
  0.00253311 -0.04326285  0.11063181 -0.06763573  0.02948034 -0.05081094
  0.04921373  0.0130865   0.08189937 -0.00416623 -0.02967919  0.08136903
 -0.03120129  0.00090011  0.05647979 -0.02145251 -0.03387937  0.02432807
  0.03272491  0.02214349]
easy    [ 0.84598093 -0.07598326 -0.0344418  -0.11194162 -0.01554345 -0.10738661
  0.18766512 -0.03084024 -0.09958577 -0.0015753   0.1511604  -0.0397068
 -0.04756452  0.12747633 -0.0533247  -0.01962371 -0.03033378 -0.02636866
 -0.08357901  0.01449892  0.04640138 -0.07499113 -0.02013313  0.09446234
 -0.03866287 -0.00846402 -0.02187113  0.00686113  0.04639285 -0.02272688
 -0.00827883 -0.01518885  0.01640927  0.00210012 -0.0035203   0.00392765
 -0.04640927  0.02411907 -0.02364155 -0.02862703  0.03530919  0.04467757
  0.00594425  0.02545995 -0.02643663 -0.03623469 -0.01537174 -0.05300626
  0.0078438  -0.02552329]
battle    [ 0.59208789 -0.15418082  0.12095897  0.14177971 -0.10116858  0.08774943
 -0.08150927  0.36504123  0.28504836  0.03070737 -0.02773604 -0.1021407
 -0.05658286  0.15381703 -0.15076454 -0.05559134  0.12335736  0.07708385
  0.0538679  -0.11600843 -0.01876587 -0.10732008 -0.06204766  0.01815511
 -0.11173089  0.01468032  0.06099343 -0.0234028   0.05637405 -0.00894719
  0.0878252   0.02483108  0.03523756  0.03347149 -0.00141961 -0.03557539
 -0.07191165  0.01266939  0.04349207 -0.01381249  0.01199659 -0.0183805
 -0.0091539  -0.04763727  0.02460354  0.00848357  0.0098695   0.02999075
  0.04703775  0.00942185]
send    [ 0.55723469 -0.33224344 -0.06295134  0.12072337 -0.08690568 -0.03440485
 -0.03881583 -0.02017401  0.00091201 -0.09403001 -0.05168691  0.00619941
  0.09269229 -0.09622865  0.00370711  0.03040982 -0.00893684 -0.05410467
  0.0292259   0.07406306 -0.02164001 -0.04101016 -0.05631985 -0.08349544
  0.03272655 -0.03562125 -0.04368603 -0.071267   -0.1623088   0.00971578
  0.04312361 -0.10270792  0.0318801   0.04988866 -0.07238524 -0.04962614
  0.03946272 -0.10908794 -0.05756246 -0.01798685 -0.09409243  0.04593479
  0.07276605 -0.08145245  0.08119983 -0.0026304   0.03839438 -0.08541544
 -0.04028089  0.02255374]
typical    [ 8.15245254e-01  2.65898941e-01 -1.46791550e-02  3.87534086e-04
 -1.20216186e-01  1.01139506e-01 -1.45970924e-01 -6.90124480e-02
 -1.31372854e-01  1.24870694e-01  8.57373145e-02 -7.70846045e-03
  2.82753713e-02 -3.46721809e-02  4.96904656e-02 -4.12284681e-02
  1.75269637e-02  4.15198573e-02  5.12640221e-02 -5.95474566e-03
  2.02546538e-02  9.70958446e-03 -4.70463940e-02  3.39172332e-03
 -1.10653843e-02  3.69123107e-02  7.33311321e-02 -2.96701564e-03
  7.34331839e-03 -4.65933353e-03 -2.97672124e-02 -7.14783255e-02
  1.09620523e-03 -3.03639404e-02  1.86940457e-03  1.86491447e-02
  1.76972689e-02  2.77525088e-02  1.74320797e-02 -3.45554921e-02
 -8.28043031e-03  1.40289263e-02  2.79029564e-02 -3.19400054e-02
  3.06334059e-02  8.82397886e-03 -3.07242056e-03  3.01220269e-03
  1.27921003e-02 -4.09888399e-02]
detail    [ 0.75593127 -0.01605423  0.04921652 -0.05232518 -0.0982121   0.04181246
  0.05111541  0.02072113 -0.05813092 -0.03378219 -0.03551149  0.11004471
 -0.06037465  0.09692455  0.02991346 -0.08245875  0.09237938 -0.01156076
  0.05028905 -0.03923034  0.00276673 -0.00388815 -0.01783089  0.02806854
 -0.02612968 -0.00639883  0.01731712  0.0525595   0.04509195 -0.01333921
 -0.05318163  0.06765657 -0.19545485  0.05363162 -0.01106566 -0.02904539
  0.03783231 -0.07978037 -0.04406116 -0.00705132 -0.01347357  0.04744121
  0.00627271 -0.09781467 -0.06837728 -0.0485338  -0.01102709  0.05351482
  0.06375191  0.06509688]
chase    [ 0.477219   -0.14475977  0.05388972  0.0854422  -0.11940761  0.09085353
 -0.15139474  0.33174399  0.16208441 -0.03616129  0.0037826  -0.16413227
 -0.05049061  0.05534553 -0.08820372 -0.04984559  0.05228058  0.07451016
  0.02159596 -0.01444484 -0.03621208 -0.1356506  -0.09030892 -0.05940915
 -0.02771352  0.04240259  0.03193981 -0.09804233  0.04157005 -0.02241825
 -0.0448541  -0.04383768  0.04338157  0.04267755  0.03013553 -0.00482285
  0.00498109 -0.02213643 -0.04264638  0.02201041  0.02632212 -0.00337457
 -0.02402112 -0.02055418 -0.00867875 -0.12668053  0.03178331  0.00335755
 -0.03144865 -0.10442663]
general    [ 8.67455853e-01  1.44922886e-01  6.08964614e-02 -8.34481963e-04
 -5.59930799e-02 -4.31770653e-02 -2.78730144e-03  3.72336346e-02
 -1.31219761e-01 -2.03171696e-02 -3.11406077e-02 -3.49970819e-02
 -2.76234455e-03 -5.15561649e-03  2.82969353e-02  1.58864745e-02
  2.52742663e-04 -5.01743481e-03 -2.88535373e-02 -6.38314495e-02
 -3.05123614e-02 -1.29801555e-02 -1.34012885e-02 -4.51547037e-02
  1.14934937e-03 -2.47961876e-02  5.10710420e-02  9.48382866e-03
  7.76019299e-03 -1.99144198e-02 -2.79727018e-02  5.77363335e-03
 -6.40196492e-03  7.49809576e-03  3.24447601e-02  1.57269198e-02
 -2.22443346e-02  4.31292798e-03 -6.75217420e-03 -4.86197381e-02
 -3.96135127e-02 -4.04628385e-02  2.04568823e-02  4.84455854e-03
  1.22566286e-03 -1.93607417e-02  9.10332763e-03 -6.39602160e-03
  1.27832974e-02 -1.19790931e-02]
period    [ 0.64904729  0.08600806 -0.04100249  0.17610242  0.07583733  0.05866515
  0.21063276  0.07127036 -0.0203447   0.095881   -0.20501516  0.07050395
  0.41556583  0.02178391 -0.06361563  0.07937643 -0.16993706  0.05734712
  0.06737026  0.03719896  0.00232676  0.05080566  0.05488603  0.02988786
 -0.10862871 -0.00530676 -0.03827978  0.02577751  0.02714418  0.01482193
  0.00106593 -0.00124734  0.04126292 -0.04007015  0.06713498 -0.0469686
  0.02693423 -0.01354797 -0.00415878 -0.03719366 -0.03043752 -0.06908612
 -0.03706141 -0.03177902 -0.00409333 -0.01367723  0.02869852  0.06363622
  0.00850076  0.00748187]
agree    [ 0.81585287  0.07115612 -0.19763096 -0.09829605  0.02146717 -0.09763624
 -0.03486421 -0.16207612  0.14061831 -0.03545758 -0.04663534 -0.03401445
 -0.07157372 -0.00306214 -0.02755351 -0.06429409  0.01139042 -0.04976148
 -0.02073039 -0.07146823 -0.01363847 -0.02109285  0.03805139  0.03253678
 -0.02450029  0.00690878  0.04104371  0.01417267 -0.03342437 -0.01535272
  0.06469322 -0.00362505  0.00790697 -0.05436631  0.00936449 -0.00385307
  0.00292633  0.04157083 -0.06136436  0.01626037  0.0465593  -0.04195695
  0.02172982 -0.01430009  0.00301364 -0.03380185  0.01516306  0.01135148
 -0.00246155  0.0092496 ]
material    [ 0.75473057 -0.0518603   0.14026283 -0.13526104  0.23829133 -0.0656435
  0.15024653  0.05870434 -0.06558463 -0.1331605  -0.13272101  0.03945671
 -0.06654894  0.00274396  0.00935789 -0.00164207  0.08236144 -0.0367721
  0.10723581 -0.01049371  0.00993767  0.02291449  0.01965176  0.01293694
  0.01901585 -0.01096957 -0.05065886 -0.02694946 -0.03035846  0.01529046
 -0.01500505 -0.00289265  0.00728529  0.07911597 -0.11609526 -0.02728066
  0.03571478  0.05324821  0.09977737  0.03437607  0.08437816  0.08111975
 -0.05988585 -0.00693155  0.02907914 -0.04541019  0.02732208  0.01433718
  0.03657547  0.0158572 ]
standard    [ 0.66709285  0.19719019  0.04533544  0.00717753 -0.03578344 -0.02034491
 -0.04409376  0.04404421 -0.06118555 -0.02580655 -0.11935873  0.0249794
  0.01540812 -0.06582124  0.04062576 -0.03376968 -0.00068867 -0.07229121
 -0.06288595 -0.00774083  0.1434843   0.0772813   0.08561945 -0.01754762
 -0.02050189  0.06544594  0.0616091   0.08110886 -0.01549367  0.02709475
 -0.04110416 -0.10064802 -0.00074453  0.07398674  0.05590351  0.06241201
 -0.05114939 -0.04591141  0.02427389 -0.09047987 -0.00647893 -0.1273385
 -0.02911585 -0.08422374  0.03446472 -0.05771661 -0.0490216   0.15825087
  0.07070233  0.05167781]
soundtrack    [ 8.06210285e-01  1.82805302e-01  1.25425520e-01 -7.17071010e-02
  1.52102088e-01  4.10545810e-02 -9.53827845e-02  7.57269216e-02
  9.46358522e-03 -7.71412956e-02 -6.63211748e-02  3.51247889e-02
  8.40683941e-03 -4.59749310e-02  5.62805529e-02  9.56887833e-02
 -8.62897602e-03  1.87014674e-02 -4.67458946e-03  1.78728521e-02
  8.04080908e-02  3.55481046e-02 -1.66340991e-02 -7.21510076e-04
  1.14011709e-02  1.61775212e-01 -1.19037230e-01 -4.56436573e-02
  1.68532427e-02 -1.16357745e-02  1.09951069e-01 -1.91895548e-02
 -5.23289991e-02 -7.14534743e-02  6.17651407e-02  1.59182019e-02
  2.45204775e-02 -4.77404478e-02 -8.18475076e-03 -4.19169008e-02
  1.77428895e-03 -7.10522819e-03  6.88599869e-02  6.46035572e-02
 -5.79924128e-02  4.22528425e-03  9.77385016e-04 -4.44056015e-03
 -4.41034433e-02  1.96161501e-03]
hate    [ 0.80089772  0.12539969 -0.21522504 -0.16524725 -0.08718966  0.01098477
 -0.07334576 -0.1505187  -0.04784793  0.15904441  0.04661406 -0.06388194
  0.01104437 -0.09241368 -0.0458252   0.02621919  0.08454024  0.01850318
  0.04014232 -0.03771388 -0.09754238  0.05073768 -0.01645941 -0.02604903
  0.03740149  0.07303122  0.00190969 -0.00988767  0.06197166 -0.01944163
  0.02504078 -0.02055048 -0.04555336 -0.06663854  0.02511463 -0.0407176
  0.03668658  0.014589   -0.04880861  0.00667768  0.0679849  -0.015047
 -0.00631313  0.01950301  0.01884783 -0.03326101 -0.02160719  0.04296338
  0.02965148 -0.00978828]
fit    [ 0.77963081  0.12963194  0.09697812 -0.08732085 -0.05289783  0.0719994
  0.00714156 -0.10232841  0.06596058  0.02434181 -0.03033122 -0.05049336
  0.00274104  0.03010833 -0.02415155 -0.05708227 -0.01133526 -0.00955629
  0.010814    0.07630083  0.08274869  0.03277994 -0.0255981   0.05739454
  0.01366655  0.01653328  0.06230973 -0.07484878 -0.06837174 -0.01265814
  0.08039491 -0.01721432  0.0277304   0.07960849 -0.00599307  0.01970422
 -0.01118194  0.12866546  0.03302742 -0.06732984  0.00152051 -0.0943878
  0.11189645 -0.00214486  0.0279837  -0.01030066  0.05085207 -0.02020623
  0.10746191  0.0278255 ]
french    [ 8.05656632e-01  2.03922057e-01  6.07140775e-02  1.69023555e-01
  7.94439442e-02 -1.99189093e-01 -8.40918288e-02 -4.85085112e-02
 -7.18142476e-02  2.85196521e-02 -6.29270750e-02 -7.43503237e-02
 -3.33777708e-03 -2.71590179e-02 -2.19037498e-02  5.47646040e-02
 -6.15422072e-02  4.34512696e-02 -4.91559934e-02 -3.95491874e-02
  8.72146237e-03  5.55392492e-02  3.83143270e-02 -7.01949588e-02
  2.50127663e-02  3.75743199e-02  3.52792257e-02 -2.20623107e-02
  9.57717402e-05 -2.05495009e-02  2.71920250e-03 -3.10055055e-02
  3.22010742e-02  7.57491910e-02  2.43234524e-02  9.16580320e-02
  4.34683502e-02  1.30470778e-02  1.00204988e-02 -1.20691961e-02
  2.01024537e-02  8.40551656e-02 -1.40787630e-02 -2.41668103e-02
  5.51625874e-02  8.25401414e-02  7.61992115e-03  9.72112262e-02
 -6.20314655e-02 -7.15571732e-02]
straight    [ 0.66392967 -0.17107559  0.03706091  0.01506553 -0.0756835   0.03525077
 -0.12729623  0.01320371 -0.1129565  -0.09563909  0.03176349  0.05011877
  0.0221516   0.03678775  0.04114058 -0.20449204 -0.11451318  0.01487329
 -0.0409842  -0.05275618  0.14859145 -0.025604   -0.10346152  0.04356296
 -0.01716885  0.12345042  0.02166064 -0.02740388 -0.03244379 -0.02602391
 -0.13644419  0.11728749 -0.13055293 -0.07130981 -0.03575649  0.01851674
  0.01631132  0.02161051  0.03865963 -0.12316585 -0.05312676  0.12650714
  0.02520025 -0.08111831  0.01138058 -0.0331868  -0.12062347 -0.11114059
  0.00851218  0.03666859]
remake    [ 8.35529817e-01  2.02014817e-01 -7.97675085e-02 -8.89683382e-03
  1.23334953e-01 -1.20439469e-01 -6.43072571e-04  2.25703254e-02
 -4.77882696e-02  8.73367324e-02 -6.15294733e-02  5.82620820e-04
 -6.41593909e-02 -3.62032634e-03  1.91982436e-02  3.30134493e-02
 -4.71454791e-02  6.47805021e-02 -5.41196625e-02 -1.41232238e-03
  2.85553356e-02 -7.37485739e-02 -1.27162523e-02 -7.01767499e-02
 -2.91399512e-02 -3.45929122e-04  5.23437639e-02 -4.05447718e-02
 -4.72548042e-02  2.83570704e-02 -1.17876695e-02 -3.45793077e-02
  4.82142545e-02  4.64740544e-02  2.45240355e-02 -1.05741517e-03
  2.89023159e-03 -2.79747598e-02  1.33033520e-02 -8.30006875e-03
  1.47894111e-02 -3.17972626e-02  1.32801621e-02  6.47731732e-03
 -4.02505045e-03  1.99502843e-02 -3.41202583e-02  2.10808716e-02
  5.82287039e-02 -3.74646980e-02]
wear    [ 0.73236247 -0.18178214  0.05524973  0.05655612 -0.02299613  0.01475156
 -0.06274179  0.0656557   0.09038727  0.21640784 -0.04819904 -0.1558901
 -0.00613116 -0.08180815  0.08921843  0.02951753 -0.11893545 -0.08957946
 -0.04534448  0.10789809 -0.0055839   0.03854266  0.07277441 -0.03140241
  0.02940777  0.01375839  0.04929373 -0.01223032  0.01386825 -0.05900681
 -0.02974174  0.07100592 -0.03923221 -0.04408529 -0.06591961 -0.00542839
  0.02267212  0.00660985 -0.02295642  0.00731038  0.06119289 -0.03619288
 -0.0922     -0.04828425 -0.05083169 -0.02000025 -0.04398533 -0.04010057
  0.02152853  0.02627146]
certain    [ 0.79422917 -0.00709152  0.08677182  0.0529268  -0.1392116   0.00686589
  0.14167051  0.08662551  0.03269874  0.02001039 -0.05655141 -0.09631206
  0.05174891  0.04964167 -0.00468256 -0.00756507  0.00669761  0.02579591
  0.01858331 -0.13541155 -0.0672541   0.02399581 -0.02546477  0.00992457
 -0.06200264  0.03501577 -0.0534332   0.04310212 -0.01996718  0.01598112
  0.03846429  0.0261554  -0.00265305  0.06492366  0.00628771  0.03899964
 -0.06130725  0.00545803  0.00593838 -0.05885899  0.02018753 -0.01163435
 -0.09061889  0.04920921  0.00530894 -0.09986101 -0.02577279 -0.02931022
 -0.02377207 -0.01706585]
80    [ 6.77838135e-01  1.64904322e-01 -1.83725166e-01  5.72038412e-02
  1.03759730e-01  1.19533786e-01 -6.04837075e-02  5.79129964e-02
 -9.30602340e-02  1.36826958e-01  5.09257011e-02  2.43436838e-03
 -7.37544274e-03 -1.05107410e-01  6.75035980e-02 -2.37586237e-02
  7.14939291e-02  4.85429351e-02  1.40396754e-03  5.88087556e-02
  1.10106803e-01  4.16014893e-02 -6.07931570e-02 -2.95484835e-02
  1.18094536e-01 -3.99472635e-02  6.09141360e-04 -4.83211258e-02
  9.42254000e-02  1.20870490e-01 -3.06914551e-02 -8.60533305e-02
 -4.22261489e-02 -9.09806105e-02 -3.91474785e-02  1.19917719e-01
  7.17994086e-03 -3.26848181e-02  2.03319128e-02 -4.64245283e-02
 -8.99662272e-03 -2.34444503e-02  8.20276029e-03 -5.55010377e-02
  1.48284249e-01  1.04554329e-02  5.93351936e-02 -4.38748477e-02
  1.07492824e-01 -5.06578819e-02]
famous    [ 7.73996238e-01 -2.28289083e-02  1.81558407e-01  1.36864387e-01
  6.24002696e-02 -1.06541399e-01  3.63307501e-02  2.26860802e-02
  1.13393834e-01  6.36633987e-02  1.84206275e-01 -5.81614806e-02
  3.32196137e-02 -3.94408788e-02 -4.74837498e-02 -1.03656772e-01
 -6.13666398e-02 -4.39493872e-02  2.19146888e-02 -7.12209489e-02
 -2.45970826e-02  7.60212654e-02 -6.54927293e-02 -7.62158273e-02
 -3.47999903e-03  2.64162482e-02  1.04352307e-01 -8.32351481e-04
  4.43748760e-03 -2.48868074e-02  7.89187627e-03 -2.68933807e-02
  9.36023251e-03 -3.54870841e-02  2.58315373e-02  1.19047467e-01
  3.29009525e-03  6.21236961e-03 -3.08779207e-03 -1.83992011e-03
 -6.09818982e-04  2.01173023e-02 -3.34847717e-02 -3.79242664e-02
  6.68762858e-02  1.89258562e-02 -4.53747443e-03  6.84066240e-03
 -6.37572526e-02 -6.17287175e-02]
victim    [ 0.71344841 -0.3097328   0.0504542   0.09421319 -0.02315197 -0.04070736
 -0.11466896  0.09319104  0.21831539  0.04931112  0.07794119 -0.00263467
 -0.08176593 -0.06240394  0.04590507 -0.00435594 -0.0315655   0.00561858
 -0.04228768 -0.04205797  0.01105186 -0.0264079   0.0807215  -0.00854061
  0.05481394 -0.10026368  0.06124691 -0.02253394 -0.06595748  0.06010241
 -0.00357948  0.05105765 -0.00217898 -0.06297605  0.02450362 -0.03486023
 -0.02565342 -0.0248362   0.01087649 -0.00411847 -0.01327197 -0.06040245
  0.01418853  0.08070459 -0.03973377  0.02461871 -0.02450982  0.00198278
 -0.0619917  -0.02793097]
air    [ 6.74676833e-01 -1.28980860e-01 -1.42016648e-01  9.12998940e-02
  6.91145418e-02  3.19223071e-02 -5.80897210e-03  5.17983752e-02
  1.00394940e-02  3.75544317e-02 -3.30468608e-03  1.23076258e-01
  1.22477652e-01  8.55218315e-02  9.19920408e-02 -5.52260693e-02
  1.95316964e-01  1.20742659e-02  4.31395783e-02 -3.87339969e-02
  3.18121875e-02  1.08522254e-02 -5.02697099e-02 -1.54337414e-01
  1.67995933e-01 -3.93800711e-02  2.53543777e-02  1.26463948e-01
 -2.64173546e-02 -2.12735533e-01 -8.47114258e-02  1.34138250e-01
  5.28885820e-02 -4.61328553e-02  4.01441202e-02 -1.56660434e-02
 -3.37590128e-02  4.37329772e-02 -8.45204769e-02  4.26147208e-02
  7.63153413e-02 -1.42325791e-01 -8.18195819e-02  8.17177945e-02
  5.25243591e-02 -1.46232173e-02 -7.58724477e-04 -3.16409910e-02
 -1.22209753e-04 -2.10873525e-02]
red    [ 0.57674472 -0.19661484  0.04347894  0.02117848  0.02776776  0.026425
 -0.07892716  0.11298242  0.01304851  0.15088945 -0.07017081 -0.05307177
 -0.01562316  0.11218142  0.03979545 -0.04855345 -0.06416878 -0.08012098
 -0.03683338  0.06902388  0.03604366  0.0607662   0.07920411  0.03258761
 -0.00345372 -0.0245284   0.00737508 -0.0453679  -0.03214087  0.0040649
 -0.08363442 -0.00714763 -0.027828   -0.01976255 -0.06772229 -0.03746888
  0.03199569 -0.05817274 -0.09876768 -0.06449878 -0.0328614  -0.01440941
 -0.14880172  0.02182092 -0.07241294  0.09659869 -0.05160759 -0.05013701
  0.03278325  0.10878621]
peter    [ 0.74833288 -0.07601773  0.18714927  0.02300726  0.269302   -0.03699954
 -0.14686617 -0.08449398 -0.05492592 -0.0524489   0.06204012 -0.05163762
  0.07957014  0.07869723 -0.09403787 -0.12727749 -0.10464281  0.11087166
  0.05600248 -0.0534874   0.01836127  0.07479913 -0.00916345 -0.03603427
  0.0202882  -0.00737855 -0.03874661 -0.03869927 -0.03846494 -0.00862874
 -0.03580633 -0.06605876  0.00211252 -0.05200122 -0.05792923  0.02934138
 -0.06067263  0.01282725  0.05034871  0.05708638 -0.02157454  0.0427852
  0.02815206 -0.02257281 -0.0615926   0.03305057 -0.02338061 -0.01214477
  0.03094634 -0.05635164]
tom    [ 7.89891150e-01 -1.52419084e-01  1.60178664e-01 -1.94620787e-02
  1.66347020e-01  4.75266001e-02 -7.25861389e-02 -1.21099329e-01
  1.27319723e-02  1.05822958e-01  1.11616580e-01 -7.81170836e-02
  5.26441511e-02  6.29881937e-02 -5.65566066e-02 -4.24258503e-02
 -9.29914641e-02  7.58202361e-02 -3.35440400e-02 -4.72578769e-02
  4.98758118e-02  2.04268964e-02  2.95868090e-02  3.29539624e-03
 -1.37908445e-02 -2.16386203e-02 -2.66546815e-03 -3.54534765e-02
 -1.85531093e-03  1.36100304e-02 -5.53812264e-02 -1.78990560e-02
  1.33556446e-03 -2.87947414e-02 -1.88797376e-02 -7.28369270e-03
  3.35664620e-03 -4.47139848e-02 -4.69240370e-02 -2.25933618e-02
  1.14133083e-02 -2.30964134e-02  1.23081261e-02  7.98341883e-03
 -1.14717912e-03  1.58881813e-02 -1.06258848e-02 -4.22793512e-02
  2.50459939e-02  5.50489051e-04]
match    [ 0.7210519  -0.15809484  0.08620699 -0.0690654   0.14120501  0.12564893
  0.04160516 -0.00411796  0.15582826 -0.09913443 -0.16185161  0.1111507
 -0.00318101  0.01931425 -0.04052134  0.00383654  0.05721845  0.0642059
 -0.04206628  0.03863393  0.05156811  0.03343724 -0.05718319  0.00084774
 -0.00932068  0.07012218  0.02184563 -0.02286591  0.00555643 -0.06013171
 -0.02814764  0.12087726  0.01565394  0.06087122 -0.00741634 -0.07740169
 -0.04983099 -0.03321262 -0.01716502 -0.04994641  0.04574587 -0.01892207
 -0.01276621  0.0416048  -0.00659519 -0.02045435 -0.00078936  0.061065
  0.02975237  0.03396399]
oscar    [ 0.48290332 -0.01229924  0.0346536   0.05734907  0.2175824  -0.00195911
 -0.07465905 -0.06194722  0.02827335 -0.20757908 -0.0056908  -0.05151806
 -0.03288247  0.006137    0.02720613 -0.05942089 -0.06430987 -0.01726712
  0.07024345  0.04352091  0.00792023  0.06616816 -0.1182151  -0.02555253
 -0.10950135  0.0189171  -0.05530329  0.05280923  0.1528143  -0.00056189
 -0.02480391  0.10595686 -0.02726392  0.17867611 -0.04366222 -0.22312397
 -0.15091028 -0.01061527 -0.03465866 -0.24986133  0.18249831  0.03871349
 -0.0398861   0.02484249 -0.00586074  0.13357606  0.26760657  0.05074594
 -0.00936551  0.04403378]
somehow    [ 0.76343414 -0.09027253 -0.01763949 -0.05426048 -0.03998868 -0.07099523
  0.12161434  0.08933457 -0.10632975 -0.13646879  0.10780337 -0.02300496
 -0.0461096  -0.03178943  0.01207331  0.02391905 -0.06430462 -0.00655291
  0.04213905  0.04171485  0.00776377  0.04955397 -0.0458232  -0.02903367
  0.02224085 -0.0845669  -0.0541788  -0.00428326 -0.04156847  0.03817385
  0.06166238  0.02123115  0.04472787  0.01192134  0.03005534 -0.0238774
  0.05087919  0.06071701  0.01165281 -0.00875194  0.038438    0.00587106
 -0.0374838   0.0074623   0.03098495 -0.03112955 -0.03202314 -0.00427096
 -0.02868175 -0.0210708 ]
emotion    [ 0.71374047 -0.06593767  0.2004913  -0.01767559 -0.15673412  0.08215469
  0.08426038 -0.11782201  0.03991305  0.1001636   0.00213219  0.01040753
  0.04771369  0.09164365  0.10248772  0.0177339   0.17465785  0.0186626
  0.07138822 -0.07070728 -0.04932943  0.11663512  0.01444462 -0.06204205
  0.09627498 -0.05358404 -0.09846516  0.09488722  0.0096479  -0.08261515
 -0.03840275  0.07827142 -0.01235182 -0.08837488 -0.01737477 -0.0652664
  0.07717161  0.0233508  -0.05889163 -0.03312507 -0.01938889 -0.01755894
 -0.01579071 -0.01402092 -0.00289852  0.02079979 -0.03314825  0.03685912
  0.03564017  0.07880106]
draw    [ 7.94328405e-01  3.07896442e-02  1.74569228e-01  5.95893586e-02
 -2.45577600e-01  1.38444223e-02  1.23106470e-01 -1.05944279e-01
 -2.01337170e-02 -1.03346390e-02 -2.05780634e-02 -1.34120959e-01
 -5.43001924e-02  1.12198888e-01  1.04734652e-01  3.37137060e-02
  8.32276697e-03  1.05698805e-02 -6.89083994e-03  8.66196285e-02
  8.39716630e-02 -4.69218928e-02 -3.53678032e-02 -5.63118117e-02
  2.74981911e-02  6.12984098e-03 -3.65116788e-02 -7.48926848e-03
 -2.10754328e-02 -1.11233952e-03  1.84549677e-02 -1.18966967e-02
  1.47074728e-02 -1.50243340e-03 -2.92470279e-02 -1.41954588e-03
 -4.29719020e-02 -2.78449938e-02 -2.76118202e-03 -1.88100257e-02
 -6.40041000e-02 -1.94718291e-02 -5.93848996e-04 -1.12543486e-02
 -1.16953954e-02  5.43192558e-02  3.57238521e-03 -1.59733004e-02
  2.74282380e-02  2.45514545e-02]
sorry    [ 0.60619115 -0.00973009 -0.09888934 -0.14714471  0.00273798  0.01576772
  0.05459619 -0.07372305 -0.01275908  0.00261541 -0.06747628 -0.04828979
  0.01468546  0.05910601 -0.06075204 -0.00674063 -0.02107461  0.03565423
 -0.07940635 -0.01530052 -0.13477956  0.0424584   0.01229743 -0.01096949
  0.01349273 -0.02204536  0.00499306 -0.02749616 -0.01040873  0.00700204
 -0.01214979  0.02525379 -0.01092137  0.00374142  0.02485255  0.001654
  0.00406129  0.0822956  -0.04543542 -0.02162636 -0.0128142  -0.01953863
  0.02007473 -0.05147435 -0.00876168  0.03726573  0.04781133  0.06022811
  0.08560481 -0.01572431]
greatest    [ 0.63797985  0.15577367 -0.04639239  0.20117443  0.06631658 -0.08809925
 -0.10818672 -0.03830968  0.44186109  0.08285871  0.18510097  0.13353125
  0.09468466 -0.06951058  0.13441223  0.00816554 -0.17228935 -0.11102767
  0.00580249 -0.00746452 -0.04780301  0.12420067 -0.05280923  0.03501125
 -0.0554653  -0.04876159 -0.05675767  0.04021393  0.00401768  0.00692199
 -0.06616383 -0.02223024  0.02740268 -0.08295717  0.03674828  0.05836091
  0.01427314  0.00136189  0.04551336  0.01749906 -0.03776331 -0.03874818
  0.02837824 -0.04554302  0.06974786  0.06350476 -0.01482291  0.02276412
 -0.04533319  0.03716454]
weak    [ 0.66282992  0.17946456  0.24566992 -0.08560382 -0.249069    0.25946693
  0.09018461  0.00128193 -0.01705709 -0.07132047  0.06181538  0.16672337
 -0.05793623 -0.03111639 -0.04119886 -0.16122824 -0.16700932 -0.15005704
 -0.02407738 -0.0011575  -0.04333682 -0.01439767  0.05112107 -0.07566678
 -0.02792719 -0.00859661  0.04900465  0.10748159 -0.01632172 -0.02171187
 -0.08168929 -0.06081917  0.01662307 -0.0077967   0.03081784 -0.00398169
 -0.0134419  -0.03279198 -0.04099451  0.00912727  0.01317375  0.00737426
  0.03992895 -0.00084518 -0.03283098 -0.02535933  0.03720889 -0.00842823
 -0.01428377  0.05810574]
space    [ 7.77366835e-01 -1.56074476e-01 -5.95293536e-02  8.44327550e-02
 -2.13806298e-02  6.97850011e-02  7.30029795e-02  9.19523556e-02
  3.39605871e-02  7.03179533e-02 -1.31161318e-01 -1.75400261e-02
  2.01980362e-01  4.41689190e-02  5.30894200e-02  6.59112515e-03
 -3.82588244e-02  3.58527860e-02  4.16832441e-02 -4.31414435e-02
 -6.91932761e-03  5.78284020e-02  5.71555435e-02  2.72797147e-02
 -3.32144973e-02 -1.72520690e-02  4.51837643e-02  1.01741574e-02
 -1.75825779e-02 -1.03330047e-02 -3.80582080e-02  3.82523928e-02
 -5.87396807e-03 -2.16460156e-02  1.07488965e-02 -5.81764385e-02
  2.16432478e-02 -3.50371171e-02  1.58997900e-02  2.80559809e-02
 -3.10262688e-03 -6.93187415e-02 -1.15231954e-04 -1.84900292e-02
  3.55503840e-02  3.45455461e-02  2.14669447e-02 -3.51341507e-02
 -4.90309943e-02  2.30659823e-03]
cry    [ 0.68859299 -0.04187588 -0.12101245 -0.14021724  0.02233969 -0.02642646
  0.24387628  0.12152457 -0.00356854  0.09456297  0.18980927 -0.03338641
  0.05637505 -0.09575119 -0.11783421 -0.00947879 -0.00335438  0.09917432
  0.04280106  0.05899368 -0.01020899 -0.02346518 -0.00817504  0.03402382
 -0.00494989  0.04859653 -0.03840719 -0.01421395  0.02294298 -0.0056839
  0.0312635  -0.02882536 -0.00633589  0.01757813 -0.04033794 -0.01941112
  0.05480378 -0.03491707 -0.03019774 -0.03230745 -0.00251876  0.02979124
 -0.02368536  0.01559477  0.00325271  0.03581735 -0.06887305  0.02749232
  0.03922479  0.0305343 ]
mess    [ 0.86849141  0.04379191 -0.09850008 -0.16061692 -0.09096274  0.0248387
  0.06519747  0.05443099  0.01084161 -0.01589779  0.10517336 -0.02117408
 -0.02491827 -0.07074869  0.00691917 -0.06446815 -0.0044251   0.04551105
  0.00860454  0.02059594  0.00799538  0.03235272 -0.01189949 -0.00123492
  0.02611673  0.0196407  -0.01508859 -0.04658296 -0.00640945  0.01177208
  0.02203316 -0.00154006  0.00379356  0.0108349   0.025371   -0.00435628
 -0.00689241 -0.01941112  0.04943746 -0.00944993 -0.03486963 -0.00117967
  0.01104185 -0.02354464 -0.02811421  0.02479394  0.03863119  0.03316888
 -0.02236112  0.03223954]
finish    [ 6.33977766e-01  9.57278533e-02 -2.04670100e-01 -1.31834945e-04
 -2.49600825e-02  1.64835304e-02 -2.44905954e-03 -4.69930341e-02
  1.91121814e-02 -6.75602151e-02 -2.30746368e-02  4.30477594e-02
  1.68554977e-02  4.72085801e-02 -7.98482337e-02 -8.43962832e-03
 -2.06901940e-02  3.31183995e-02 -5.65939837e-02  4.61071909e-02
  5.88741357e-02 -1.21654482e-01  5.67617122e-02 -2.23174984e-02
  1.39114745e-01  9.11161109e-02 -9.82353476e-02  3.87552060e-02
 -3.77080109e-02 -6.17763245e-02 -1.49829997e-02 -1.90427649e-02
  2.86312000e-02 -2.21894188e-02 -2.35422206e-02  5.29617446e-02
 -5.17217904e-02  5.79232756e-02  8.36017590e-02 -2.25756022e-02
  7.26430501e-03 -2.33709092e-02 -1.07774163e-01  9.77218841e-02
 -3.65241692e-02  3.82854189e-02  1.61007403e-02  7.68614365e-02
 -8.94313116e-02  3.76490670e-02]
choose    [ 8.44523551e-01 -3.75816655e-02  3.47959335e-02 -1.85961191e-02
  3.81509376e-02 -1.05000564e-01  5.12729582e-02 -1.61286666e-01
  1.09788292e-01 -1.30418983e-02  2.24326606e-02 -8.91431239e-02
  3.59817494e-02 -7.84242783e-02 -1.53948615e-02 -8.95496811e-02
  5.54681296e-02 -4.35906090e-02 -3.46755842e-03  5.35153069e-02
  1.62861311e-04 -9.06176704e-02  1.59973353e-02  2.72917986e-02
 -2.13254592e-02 -1.36558222e-02  2.57177314e-02 -1.47099988e-02
  1.95586769e-02 -2.21323447e-02  4.18570016e-02 -4.43839852e-03
 -2.70573371e-02 -4.64590039e-02 -3.08357786e-02  5.96742554e-02
 -1.88385899e-02  6.10216135e-02  5.53578030e-02 -2.54206611e-03
 -3.26272503e-02 -1.47800321e-02  3.35363136e-02 -1.09433110e-02
  4.55717407e-02  6.79852032e-02 -4.73813757e-02 -6.01308646e-03
  4.35314112e-02 -3.93208017e-02]
stage    [ 6.96175172e-01 -1.44182673e-01  1.95141978e-01  4.77299002e-02
  1.53812189e-01 -7.04403573e-02 -4.45157922e-02 -5.32437746e-02
 -5.02454012e-02 -4.34575374e-02  3.83797437e-02 -2.28511530e-02
  1.22119653e-01  5.94916914e-02 -4.24649291e-03 -1.82969460e-01
  4.76071138e-04  4.86925397e-02 -6.65488559e-03 -5.18762401e-02
  1.08590647e-01  6.89370927e-02  2.19849055e-02  1.28563941e-02
  3.54844180e-02 -2.63704330e-02  1.53494380e-02  1.07970180e-02
  8.36186673e-02 -1.52647651e-01  7.38047159e-02  9.47203282e-04
  2.72031779e-02 -7.32765552e-02  4.28513553e-02  1.35130897e-01
  4.30661441e-02 -2.20114424e-02 -3.89509618e-03 -3.18601142e-02
 -6.53608685e-02 -5.80141387e-04  5.63987965e-02 -8.50477458e-02
 -4.46047386e-02  2.45300499e-02  6.75974743e-03  1.01621154e-02
 -1.21800609e-03  5.91074097e-03]
pass    [ 0.782481   -0.10068359 -0.20584805  0.18790931  0.02021486  0.14886056
  0.12725626 -0.03679235  0.13315563 -0.04902308 -0.11258455  0.01521907
  0.15315055 -0.10893618 -0.00130362  0.02732811 -0.11997862 -0.02502862
  0.05142099  0.0176908   0.04686384  0.06793503 -0.06152416 -0.01484252
 -0.01271357 -0.06828198 -0.06366977  0.00888199 -0.07129226  0.02793499
 -0.0415441  -0.04578204  0.04268526 -0.01567087  0.00550796 -0.05316667
  0.05416529 -0.00298281 -0.0670587  -0.00319559  0.03066683  0.0240818
  0.04920142 -0.01643745 -0.00769424 -0.05390147  0.05626461  0.05015006
  0.00283828 -0.03682938]
admit    [ 0.7096158   0.03674528 -0.12453733 -0.04117675  0.00968558  0.01570633
 -0.03446284 -0.02128958  0.06803064  0.03377187 -0.03025585  0.03698405
 -0.02505308  0.04975947 -0.02270752  0.03425587 -0.0648685   0.01155737
  0.01383647  0.01716502  0.00132703  0.00350279  0.08053004 -0.05264795
  0.06238272  0.01628964  0.01680665  0.03054433  0.00816345  0.01342583
  0.05511772 -0.0358507  -0.01964262 -0.02390958 -0.02064968 -0.04172891
 -0.12226009 -0.02238877 -0.03711649 -0.00558683 -0.0047798  -0.02816306
 -0.01416923  0.0677663   0.00647704 -0.00487498 -0.03815113  0.01384207
  0.05083117 -0.00378335]
continue    [ 0.87112844 -0.02435436 -0.04669823  0.05143591  0.00508907 -0.08839542
  0.10659647 -0.02385555 -0.102969   -0.03658033  0.07654625  0.04735005
 -0.01719738  0.02442822 -0.04152207 -0.08140515  0.08906479 -0.03217458
 -0.00685328  0.03592594  0.0156991  -0.06803037 -0.03537459 -0.07302664
  0.05047384  0.01904623 -0.03369433  0.06221903 -0.02060888 -0.07776523
 -0.04202552  0.01865252 -0.00202492 -0.03088058  0.04312893  0.00284133
 -0.0241306   0.06065148  0.01089491 -0.00551979  0.0082531  -0.0113576
 -0.01124944  0.00994646 -0.00614922  0.01112474 -0.02890695  0.03243864
  0.01124984 -0.01918086]
premise    [ 8.15689338e-01  2.53687732e-01  2.04266813e-02 -5.68531542e-02
 -1.47336558e-02  4.88824886e-02 -3.56811448e-02  4.99717451e-03
 -6.39481662e-02 -5.80427847e-03 -4.85130668e-05  1.52073521e-01
  2.96267149e-02 -8.70343044e-02  4.15998957e-02  5.52449449e-02
  2.75439717e-05  7.37200650e-03 -3.50358024e-04 -3.20380140e-02
 -7.66358216e-03 -3.09168745e-02 -3.00987844e-02  2.47660622e-02
  2.61947764e-02 -3.03665328e-02  5.17179377e-03 -5.62930742e-02
 -2.21843381e-02 -4.84674941e-02  1.33336038e-02  6.53960452e-02
  2.74415129e-02 -1.36652088e-02  3.52535791e-02  3.52996965e-03
  6.39997771e-02 -3.82552241e-02  3.28512075e-02  3.19688990e-02
  3.33873914e-02 -2.68453926e-02 -3.52457698e-02  1.63150126e-02
 -1.00611694e-02 -3.30858590e-02  4.63460243e-03  3.06341881e-02
 -1.61656215e-02 -1.09006131e-04]
particular    [ 8.03786824e-01  1.04507316e-01  8.15281556e-02  1.65665587e-01
 -8.27576010e-02 -1.28098893e-02 -9.75916789e-02  1.38237777e-01
  3.61017606e-01  6.97475970e-02  1.12450150e-01 -1.88043029e-02
 -4.11937158e-02  4.18216811e-02  1.14591899e-02 -6.83346262e-04
 -1.30041927e-02 -4.81261436e-02 -1.94093481e-02 -7.78445742e-02
 -3.03292513e-02 -1.41539300e-02 -4.26854030e-02  5.45090492e-02
 -6.79374270e-02 -3.02818981e-03 -5.04627355e-02  9.10011353e-03
 -3.30380522e-02 -2.42668989e-02  2.04580110e-02  2.95897421e-02
  2.24518524e-02 -5.82663570e-02  1.18798012e-02  1.19549780e-02
 -1.81014216e-02  2.20987747e-02  5.00040210e-02  2.92183194e-02
  6.26518809e-03 -1.15250690e-02  1.76375163e-02 -6.11210128e-02
  4.32081770e-02  2.44596061e-02  1.28832202e-02  3.85638172e-02
  2.98247142e-02  2.38157550e-03]
disney    [ 0.86652543  0.24051407 -0.14588066  0.02410253  0.04648486 -0.11846266
 -0.03984225 -0.03039465 -0.03172626  0.02621093  0.05701669  0.01392078
 -0.00715724 -0.02930191  0.05600556  0.00800568  0.0356606   0.00428358
 -0.00275734  0.00786483  0.06794764  0.01276614 -0.03488585 -0.03557827
 -0.0156365   0.05733672 -0.03106774  0.00566215  0.01964696 -0.0275727
  0.02008264  0.00530373  0.00271796  0.01058646  0.02617486 -0.0191729
  0.02492922 -0.01974827  0.04103601  0.00342398  0.05128431  0.00611124
  0.01164608  0.01088677  0.0044961   0.05012671  0.04646305  0.00293756
  0.03476521  0.00134466]
realistic    [ 8.66828159e-01  1.53595953e-01  1.46510103e-01 -6.30510392e-02
 -9.01432011e-02  3.07636127e-02  1.54838486e-01 -9.14230953e-03
  1.04684928e-03  8.79184955e-02  1.06939492e-01 -9.23325855e-02
  1.56401575e-02  3.88033126e-02  1.15976342e-02 -6.80201981e-04
  7.60807476e-02 -6.58561644e-02  2.85214366e-02  1.98504228e-02
  2.64393604e-02  3.94445283e-02  9.69334214e-03  5.57219045e-02
 -8.27945262e-02 -5.41296423e-02 -2.33461467e-02 -7.62431418e-02
 -1.17605301e-02 -1.15301490e-02 -1.03681227e-02  3.78299326e-02
 -1.39989762e-03  2.01990461e-02 -2.78256675e-02  5.25149773e-03
 -3.32625654e-02 -2.60103120e-02  3.76629931e-02 -1.61592907e-02
 -2.93753780e-02  1.37818245e-03  8.85151663e-03 -4.16492196e-02
  2.66899120e-02  1.67690403e-03  3.56911263e-02  3.25303162e-02
 -8.60094036e-03  8.08281117e-04]
de    [ 0.482334   -0.06402132  0.168297    0.01841779  0.15457095 -0.06582685
 -0.09359335 -0.0352632  -0.05256087  0.03769808  0.00755007 -0.0386759
 -0.00565743  0.05214824 -0.01081289 -0.11029966 -0.08338623  0.07587738
  0.00905558 -0.04982196 -0.00875554  0.04225361  0.03066278 -0.03813649
  0.00336481 -0.04394949 -0.05753226 -0.06148127 -0.02148005 -0.00063263
 -0.08260105 -0.01067561  0.01293742 -0.03095467 -0.03942249 -0.00247693
 -0.09476294 -0.03856134 -0.02676155 -0.00085233  0.04372441 -0.03098211
 -0.00998783 -0.00402207 -0.04186444 -0.05056581 -0.04493673 -0.00721762
 -0.02446933 -0.09921648]
romance    [ 0.74219344  0.04457321  0.14044187 -0.05675048 -0.04373213  0.02206259
 -0.02112726  0.0054748  -0.06906182  0.13676865  0.03287036  0.20445937
 -0.08031422 -0.07699433 -0.08761773  0.10124726 -0.04465095 -0.00770799
  0.16592686 -0.01828331  0.11185513  0.02047615 -0.04911699  0.07883937
  0.05830066  0.07510744  0.01730959  0.03720242  0.11793931  0.09945531
 -0.07658789 -0.13744593 -0.04220125  0.03927042 -0.03508425 -0.08223651
  0.03406042  0.08821139 -0.02746789  0.00756762 -0.08767205 -0.07353774
 -0.04785599 -0.0615529   0.01334839  0.01102633 -0.03717227 -0.0287629
 -0.07814443 -0.04574209]
student    [ 6.77741864e-01  1.25197524e-01  8.00557503e-02  2.22116486e-01
  6.45522126e-02 -2.75647968e-01  1.07210789e-02  6.05301802e-02
 -4.17331518e-02 -1.80938156e-02 -6.26307690e-02 -5.75205376e-02
 -1.08319468e-01 -3.75779521e-02  4.00351229e-02  6.84239198e-02
 -1.39071252e-01  1.26179316e-02 -1.17944873e-01  7.31884171e-03
  1.99434888e-02 -1.01677408e-01  4.36070452e-02  2.07224169e-02
  4.76492789e-03  2.94671026e-02 -5.53433962e-02  6.89757788e-02
 -4.43657083e-02 -4.24361926e-02 -7.51621656e-02  4.57287147e-03
  6.22945158e-03  2.26846046e-02  9.71923336e-02  1.33709183e-01
 -1.11377311e-02 -3.26664962e-03 -5.97966347e-02  1.32853312e-02
 -7.38828778e-02  2.49125168e-02 -5.14760066e-03  4.85971376e-02
  2.87884568e-02 -3.60381953e-04  3.50935959e-02  3.01283707e-02
  4.03007912e-02  1.12643294e-01]
atmosphere    [ 0.7289784   0.19881972  0.15337272 -0.04840995 -0.01381562  0.01425379
  0.03467834  0.11959071 -0.09355618 -0.0014578  -0.0298011   0.0273099
 -0.00598296  0.00132281  0.03312029  0.06529206  0.06343259 -0.0125502
  0.11266855  0.03637574  0.01873844  0.02263836 -0.01246023  0.08178034
  0.01857911  0.03993771 -0.06571759 -0.06790295 -0.04013842  0.05112593
  0.00721156 -0.01150522  0.00424512 -0.05624813 -0.0024816  -0.02366776
 -0.01030731 -0.01748683  0.01157659  0.07145255 -0.00555014 -0.01817583
  0.00520123 -0.01040725 -0.10684143  0.01828985 -0.0152553   0.01096791
 -0.06593953  0.04311589]
screenplay    [ 0.58086077  0.11238124  0.19582273 -0.12059849  0.17919992  0.05165028
 -0.01247659 -0.00749022 -0.00434609 -0.15570551 -0.08285582  0.16243333
 -0.02489029 -0.05594145 -0.04403145 -0.1438026  -0.05923061 -0.00910347
 -0.07803218 -0.07127061 -0.09263001 -0.07721458  0.03452108 -0.19052179
 -0.05074258  0.03277669 -0.0615577  -0.01939047  0.04628796  0.02139555
  0.0563919  -0.08391373 -0.06833841 -0.00968573 -0.16191642 -0.05437135
 -0.01915175  0.04323239  0.05733528  0.06930582 -0.00464903 -0.05688848
 -0.08728809 -0.04675202 -0.04719568  0.04608355  0.13652005 -0.07788683
 -0.05964535  0.02138658]
copy    [ 0.77361945  0.04937563 -0.23205835  0.00243424 -0.01682294 -0.05183683
 -0.0952806   0.03235454 -0.09137006 -0.16588979  0.06200918 -0.03445912
 -0.01537452  0.09116353  0.06765736  0.11720537 -0.02359809 -0.03940561
 -0.01601141 -0.02998896  0.10052298 -0.07714285  0.01150591 -0.07839332
  0.03372408 -0.00943731 -0.04318069  0.01647123 -0.10996063  0.02089598
  0.10447511 -0.02163536  0.00695903 -0.02959476  0.05924431 -0.08588243
  0.01596457  0.04888496  0.0421854  -0.03201966  0.00451364  0.10289355
 -0.10422868 -0.06395494  0.0734918  -0.03083785  0.00591497 -0.13487229
 -0.01988774 -0.01926075]
baby    [ 6.53295794e-01 -3.40664785e-01 -1.55715466e-02  2.67563181e-02
 -3.42154429e-02  6.07490747e-02 -7.61791925e-02  1.16370320e-02
 -9.21552838e-02  5.45618438e-02 -1.97727140e-02  6.97593193e-03
 -2.05334587e-02  3.81630457e-02 -3.94140849e-02 -1.78447140e-02
  1.15133189e-02 -1.74072513e-02 -1.50264989e-04 -6.29720447e-02
  5.77742434e-03 -2.05820848e-02  9.51474407e-02  9.32925826e-02
 -4.16860327e-02 -1.36520451e-02 -6.62197500e-02  1.65573571e-03
 -1.00604013e-02  2.00248794e-02  2.90446015e-02 -3.48104596e-02
  5.67038094e-02  3.06805445e-02 -7.43140030e-02 -2.81017474e-02
  4.34515389e-02 -6.35296626e-02 -1.01102739e-02 -1.93772902e-02
 -1.31353761e-02 -3.77954044e-02 -6.23393862e-02  1.27774528e-02
  3.67762223e-02  1.74482157e-02  6.59877444e-03 -2.75836210e-03
  2.77190493e-02 -2.18604751e-02]
truth    [ 6.49102864e-01 -8.81225317e-02 -1.40111750e-02 -4.23256991e-02
 -7.76846648e-02 -1.16335875e-01  5.92821363e-02 -1.09906727e-01
 -5.49724855e-02  1.31941842e-04 -8.52582577e-02  8.40234916e-02
 -7.34143065e-02  6.54915062e-02 -8.51246069e-02  4.37220897e-02
  2.97191347e-02 -3.61848484e-02 -3.90657476e-02 -1.17482459e-01
 -8.53753267e-02  6.92037480e-02  1.69785925e-02  1.82818864e-02
  5.16294409e-02 -5.75051063e-02 -7.79157968e-02 -1.38694403e-02
 -5.44060029e-02  9.99256391e-02  4.74703675e-02  2.95469600e-02
  5.32083423e-02  1.08164536e-03  6.10260753e-02 -1.41973697e-02
  5.90053779e-02  7.41217197e-03 -3.78357488e-02 -3.85148333e-02
 -3.19210886e-02 -7.29091286e-02 -1.01664187e-01  2.10003250e-02
  7.81784090e-02  6.96410330e-04 -2.51528630e-02 -1.81073847e-02
 -6.29834222e-02 -4.05933572e-02]
b    [ 0.75679706  0.34659288 -0.22754003 -0.12458556 -0.01369548  0.10715624
 -0.22137669 -0.05335842 -0.10768702  0.05689328  0.17403445 -0.00336287
  0.10014164 -0.12033916  0.0457294  -0.00336802  0.07249086  0.07956952
  0.06102735 -0.01375683  0.02704981  0.02763955 -0.02704544  0.01472813
 -0.04812714 -0.02921438  0.02837892 -0.04308086 -0.00896516  0.03237571
  0.01450754  0.00245884 -0.0037447  -0.00146445 -0.02755693 -0.01603782
  0.03602192 -0.0195807  -0.00083577  0.01530998 -0.0112148   0.01037324
 -0.01262594 -0.01749684  0.02162407  0.01311061 -0.01920855  0.03729043
  0.00919292  0.00345134]
soldier    [ 7.12753170e-01 -3.39300885e-01  1.58341893e-02  5.36740733e-02
 -1.30012944e-02 -4.99012190e-02 -1.54650323e-01  3.47868104e-02
  8.91538255e-02  7.80029785e-02 -8.79599039e-03  7.25519731e-02
 -4.35847360e-02 -2.46416703e-02  4.17574937e-02 -1.69623211e-02
 -3.01836932e-03 -1.71566655e-02 -3.03786891e-02 -5.75612888e-02
 -3.76310569e-02  2.18891972e-02  6.46778635e-03  3.31507415e-02
 -3.33993299e-02  4.26928581e-04  4.58230902e-02  1.99061547e-02
 -3.64511519e-02  3.89060466e-02 -5.60665770e-02  1.58557499e-02
  1.36317368e-02  4.91002235e-02  7.85912295e-02 -5.96318629e-03
  9.71512668e-03  3.33935466e-02  5.37143341e-02 -6.65265602e-02
  2.30478791e-02  1.63757491e-02  1.09939668e-03 -3.94204257e-02
 -1.40806950e-02  1.10551556e-01  3.83018225e-02  6.68693839e-02
 -3.79672415e-02  8.65227641e-03]
marry    [ 0.5229659  -0.46499927 -0.0602377   0.1184706  -0.12628615  0.01132556
 -0.11891344 -0.03801393 -0.07655087 -0.2143463   0.05555832 -0.08808173
 -0.01203087 -0.14250108 -0.0510872   0.23099233 -0.16079726 -0.07600879
  0.08432324  0.02647462 -0.05260102  0.04687127  0.03767889 -0.14468508
  0.02022234  0.02330964 -0.02558719  0.00099249  0.1432644  -0.02457684
  0.00228814 -0.01987298 -0.08588154 -0.04135633  0.00282693 -0.11194495
 -0.04197581  0.0094706   0.01759197  0.03097327  0.04854288 -0.0510448
 -0.00689509 -0.01990248  0.08057854 -0.02068285 -0.05175573  0.0320136
  0.04481046 -0.00283397]
cartoon    [ 7.30288174e-01 -1.82709435e-01  1.13229095e-03 -1.49365278e-01
  1.90788875e-01  1.09783125e-01  5.50328561e-02 -4.95723309e-02
  2.23174358e-02  3.02471297e-01 -2.76819259e-03  3.63244894e-02
 -2.57022672e-02  1.24946758e-01  1.56515806e-01  2.70973417e-02
  3.62039527e-02  2.52655220e-02  2.17305552e-02  6.93452183e-02
  7.72978270e-02  3.99992830e-05 -4.19640297e-02 -8.37451294e-02
  5.21669817e-02  4.52166378e-02 -1.35234391e-02  1.05245688e-01
 -3.40658045e-03 -6.59735671e-02 -2.90728022e-02 -5.63304014e-02
  3.90565878e-02 -5.30163795e-02  2.86017128e-03 -4.06367354e-02
 -2.98735311e-02  2.10482231e-02  3.31443124e-02  1.95849878e-03
  6.09966509e-02 -1.78336170e-02 -3.10182611e-02  1.99928984e-03
  3.49390915e-02  2.26419311e-02  4.14765080e-02 -1.62645798e-02
  3.59038597e-02 -2.31095545e-02]
animal    [ 7.55973949e-01 -1.44430362e-01  1.11418983e-02 -7.01093682e-02
 -3.45863649e-02 -3.35576329e-02 -3.82837268e-02  4.52517854e-02
 -8.79094906e-02  1.79845469e-01  1.69325976e-02 -7.72211698e-02
 -1.95027025e-03  4.03999772e-02 -5.50929543e-03  3.72704348e-02
  1.28483105e-01 -3.00808353e-02 -2.76132795e-02 -3.20553075e-02
 -1.15379982e-01 -4.91194740e-02 -2.30814355e-04 -1.96902221e-02
 -6.53874162e-03  3.41670505e-02 -1.81772297e-02 -6.54201897e-03
  6.55493433e-04  7.40115674e-02  5.43185296e-02 -6.32052649e-03
  4.67454261e-03 -1.89818338e-02 -1.30029474e-02 -1.06729583e-02
 -1.43231717e-02 -3.52936368e-02  1.82028624e-02 -7.00565744e-02
  5.88158759e-02 -3.88759463e-04  4.93362782e-02  5.14641197e-02
 -5.04064078e-02 -2.79783860e-02  7.12533853e-03  1.04726292e-02
 -3.42043094e-02  3.03832357e-02]
charm    [ 8.54238770e-01  4.89232696e-02  1.21529755e-01 -3.77937737e-02
 -1.95659565e-02  2.05357499e-02  3.75627174e-02 -7.74480085e-02
 -7.64820796e-02  2.22802700e-03  5.06182624e-02 -3.64872483e-02
 -3.77279022e-02  7.23505321e-03  6.20957634e-03  7.60292693e-02
  5.07391304e-02 -3.54628585e-02  2.25396847e-02  4.11423272e-02
  1.19731727e-01  7.68736426e-02  5.12070062e-02 -2.57122205e-03
  4.33080213e-02  8.01038947e-03 -4.44416321e-02  2.85467542e-02
 -1.70281711e-02  2.17498503e-02 -1.21455752e-02  9.41077087e-03
  1.57776036e-02  3.95620354e-02 -3.10703994e-02  1.56780348e-03
  2.42237002e-02  6.11851153e-02 -4.14737574e-02 -1.07041252e-02
  1.58686916e-02  7.61491254e-03 -2.64004203e-02  5.09925541e-03
 -1.14768826e-04 -2.15502621e-02  3.19362630e-03  1.62662112e-02
 -3.21368052e-02  2.88672653e-02]
fast    [ 0.56329847 -0.03846905 -0.06417937  0.0110703  -0.05813594  0.02042388
  0.03306989  0.11606376 -0.04491362 -0.08935341 -0.07572718 -0.02058933
  0.0243175   0.0772346  -0.0006996  -0.02658404 -0.04642935  0.0524254
 -0.05198954  0.05339998  0.08759362 -0.0092592  -0.02789647  0.03665761
  0.02532808  0.01749394 -0.0305705   0.03429182  0.01916823  0.03258193
 -0.10331792  0.07599387 -0.06643753  0.01598163 -0.0116246   0.02702866
  0.01414498  0.02570439 -0.01634632  0.01544586 -0.00640029 -0.00550714
  0.00684572 -0.00118765 -0.01851739 -0.0059461   0.00135618 -0.03390706
  0.00585033 -0.00295816]
america    [ 7.86468882e-01 -2.68082822e-01 -3.28045640e-02  7.96707796e-02
  6.19048047e-02 -1.43514159e-01  8.90080838e-02  3.32094889e-02
  5.06019583e-03  5.29006351e-02 -9.02769520e-02  9.93050327e-02
  1.18051053e-01 -5.75555901e-03  2.09976767e-02 -2.90202883e-02
  6.37526250e-03 -4.77524111e-02 -9.04812743e-02  1.67419761e-02
 -1.88844835e-02  8.11760062e-02 -7.31631386e-02  5.71417054e-03
 -1.03725312e-01  3.14501102e-02  7.14902953e-02 -2.74068480e-02
  2.31742377e-02  3.83067463e-02 -3.26669605e-02  7.84697444e-02
 -3.21971294e-02  3.24786867e-02  1.07810119e-02  2.72478476e-02
  2.85799046e-02  2.23327313e-02  5.90926485e-03 -6.13813203e-03
 -2.78627732e-02 -6.68592748e-02 -1.80809735e-02 -2.42770345e-02
 -5.81953620e-03  1.18998594e-02  9.00409265e-05  3.39538598e-02
 -3.98200731e-02  1.02395511e-02]
bill    [ 0.79146527 -0.1458561   0.09439666 -0.02722626  0.09709122  0.07127624
 -0.12447478 -0.08276445 -0.03682665 -0.04191343  0.04063808 -0.04908492
  0.00972517  0.07104469  0.03515512  0.00112174 -0.01685515  0.08858072
  0.03870061 -0.0681915   0.0695341  -0.04112203 -0.00584186 -0.03227193
  0.04163093 -0.02305493 -0.02688223 -0.01573294 -0.04985057  0.01616131
 -0.03456472 -0.04007037  0.02712552 -0.02397316  0.05810673  0.00716194
 -0.06800753  0.02112247  0.0119757  -0.03391359  0.00981944 -0.05788025
  0.03561432  0.01785599 -0.05073014 -0.01152136 -0.04027015  0.02061768
 -0.01264723  0.01252895]
describe    [ 7.39656136e-01  2.27831351e-01 -1.83941182e-02 -1.35438472e-02
 -8.86391540e-02 -8.74068413e-03 -7.15837226e-02 -4.33634010e-02
  5.63565663e-02  3.20609487e-03 -5.53871165e-02 -1.15828788e-02
 -3.24115679e-02 -7.96515591e-02  3.82358899e-03 -5.77365391e-02
  2.21376283e-02  2.46295489e-02 -1.79049207e-03 -1.61081204e-02
  6.93987401e-02 -4.83072917e-03 -5.89810439e-03 -5.95699871e-02
 -8.69694279e-02 -7.88914978e-03 -6.77593194e-02 -6.06407093e-03
  4.89567689e-02  7.65638873e-02  6.01973976e-03  4.52484552e-02
  2.29868420e-02  1.34892488e-01 -3.56735539e-02 -1.95913031e-02
  4.24123609e-03  3.16156730e-03  4.46782029e-04 -8.57710349e-02
  7.04076839e-02  1.00215738e-01 -5.39118742e-02  3.67315158e-02
 -4.57029483e-02 -5.11554210e-03 -8.75044062e-03  1.91052969e-03
  4.48017184e-02 -4.86133027e-02]
build    [ 0.68788285 -0.03503093  0.22188536  0.06139167 -0.20764842  0.06639391
  0.07329391  0.00239132  0.00804907  0.02538856 -0.15613942  0.09062251
 -0.03543296  0.01733229  0.07535245 -0.06129438  0.00185392 -0.0084188
  0.08782639  0.04168039  0.07144442 -0.09162955 -0.03884463 -0.00101192
  0.03017836  0.00653747  0.00457821 -0.06391507 -0.06328382  0.03365889
 -0.0132434  -0.04785166  0.01493595  0.00433361  0.01231588 -0.00361087
 -0.0134512   0.02265183  0.05101041  0.09510837  0.01340127 -0.06952095
  0.01965515  0.00877832 -0.03041126  0.00657676  0.00170424  0.0238153
  0.0061791   0.04993342]
lame    [ 7.12941133e-01  1.30159382e-01  3.05172143e-02 -1.87878601e-01
 -1.35758246e-01  2.27629230e-01 -4.12397250e-02  8.83412374e-02
  1.15242942e-03 -1.71622811e-03  9.74699428e-02  4.65459063e-02
 -2.67511693e-04 -8.25140314e-02  6.38411776e-03 -9.40640855e-02
 -2.78162761e-02 -1.01576833e-01 -4.91464539e-02 -1.46194672e-02
  1.58114440e-02  4.63848795e-02  4.99393526e-02 -5.93997631e-02
 -8.47011536e-03 -2.16813754e-02  1.34844544e-02  9.45591906e-02
  1.03106343e-02 -1.18938428e-02 -7.95510469e-02 -8.35753811e-02
  5.95623756e-02 -3.49127798e-03  6.00991673e-02 -7.04779345e-03
 -4.59473769e-02  2.75996191e-02 -4.22081750e-02  2.58265834e-03
 -2.44963275e-02  2.22075743e-02  2.95014266e-02 -1.22753100e-02
  9.74635007e-03 -3.17983134e-03  1.04935099e-02 -1.94312571e-02
 -1.01988150e-02  3.13570701e-02]
pace    [ 5.75758268e-01  1.89001289e-01  9.06723849e-02 -5.21357248e-03
 -7.10145938e-02  5.06167222e-02  1.34567834e-02  1.01370140e-01
 -7.73795725e-02 -9.68498735e-02 -6.75233743e-02  6.47475799e-02
  2.96790248e-03 -1.20834539e-03 -3.43091652e-02 -1.07462009e-03
  5.65008556e-03  2.19400342e-02 -2.12456507e-02  3.81881363e-02
  5.91489774e-02 -2.97008993e-02  4.26055928e-02  3.74072991e-02
  4.28835204e-02 -1.16801224e-02 -2.98660137e-02 -1.58993608e-02
  3.27472106e-03 -1.90400197e-02  6.00436735e-03  5.35095702e-02
 -2.36740074e-02 -9.01029850e-03 -3.68013931e-02  2.25403990e-02
  2.41796114e-04  2.55877345e-02  1.77557117e-03  4.80379708e-02
 -2.71877349e-02 -8.43751594e-02  3.65510124e-02 -2.41143833e-02
 -5.50951135e-02  2.47840371e-02  9.51449799e-03 -8.93211198e-05
 -3.90875609e-02  1.97460053e-02]
eventually    [ 0.65430551 -0.4292159  -0.01816043  0.02081506 -0.14286481 -0.04735826
 -0.03832862  0.06661307 -0.11198204 -0.27577994  0.13046451  0.00452003
 -0.08641754  0.04399242  0.05467144  0.08814953 -0.01422132  0.06360108
 -0.04584723  0.04239134  0.04906194  0.08897941 -0.02653173 -0.02221623
 -0.06413664  0.01231306  0.04443836  0.04652483  0.03589996  0.12991645
  0.07650558  0.04551075  0.00117543 -0.08713309  0.05594909 -0.05083871
  0.00431818  0.05748489 -0.01293956 -0.00865157  0.01007623 -0.0265971
 -0.05231428  0.03188234  0.04488384 -0.00799748  0.04423421 -0.0380824
 -0.055191   -0.0850197 ]
possibly    [ 0.59394763  0.06515938 -0.07356957 -0.10597297  0.04399867 -0.065797
  0.0387834  -0.08235062  0.16314499 -0.07616075 -0.05525591 -0.02566057
 -0.04886746 -0.10994508  0.02722364 -0.10905397  0.0102244  -0.01885323
  0.00926911 -0.01126159  0.12232726 -0.01539155 -0.03850003 -0.06612763
 -0.03274939 -0.0331497  -0.14499443 -0.04213212  0.12112913  0.0471602
 -0.04874344  0.07455063  0.15053263  0.2838042   0.03519863 -0.05006151
  0.20459738 -0.02213167  0.27531581  0.04889205  0.02523738 -0.00574923
 -0.11349332  0.15309818  0.06119143 -0.04285245  0.00619403 -0.13080206
 -0.00624509  0.02581664]
third    [ 0.76538666  0.12308057 -0.04045979  0.21692678  0.00324042 -0.02257422
  0.03508872  0.0275559   0.05626799  0.01794224  0.00242679  0.06942466
  0.14403629 -0.01735834  0.03778203  0.00118215 -0.10841096  0.03604505
 -0.03350441  0.02717309 -0.01478941 -0.03180047  0.13498143 -0.04513371
  0.02987041 -0.01603512  0.02550057  0.00709993  0.03414232  0.03854824
 -0.00533938  0.08501422  0.01364867  0.05353048  0.01973464 -0.03133281
 -0.08237861  0.03349833 -0.00760481 -0.01178336 -0.02924776 -0.06326536
  0.04101769  0.06429707 -0.05306369 -0.00746919 -0.03719788 -0.03722926
 -0.07626627  0.02611812]
date    [ 8.83372762e-01  1.50154300e-01 -1.21115969e-01  2.53761528e-02
  4.06031007e-02  6.00304857e-04 -6.58245423e-02 -3.04048970e-02
 -8.56143541e-02 -6.58204757e-02  6.25299386e-02 -2.93047056e-02
  3.64763594e-02 -2.03322843e-02 -1.36128902e-02  1.73709663e-02
  3.73422291e-02 -6.86796383e-03 -2.15805725e-02  3.77423380e-02
  7.51410302e-02  5.58663599e-02 -1.52262333e-02 -2.44675385e-02
 -2.90840324e-02 -5.65074962e-02 -3.08716208e-02 -3.39435613e-02
 -2.44652251e-03 -4.09373343e-02  3.11660102e-02  3.48226880e-02
 -5.65486316e-02  7.16721383e-02 -2.52767881e-02 -7.14660731e-02
 -3.55356172e-02 -3.04248493e-03 -2.01754675e-02 -4.41315103e-02
  2.19399378e-02 -1.65203291e-02 -2.84696933e-02  1.28657800e-02
  4.55767196e-03 -1.24695345e-02  1.59371091e-02  2.23011398e-02
 -3.64986633e-03  5.43775458e-03]
nature    [ 0.74554101  0.09959115  0.16055851  0.08920955 -0.1069926  -0.1080013
  0.03364074 -0.02062094 -0.10870263  0.0527293  -0.05288509  0.01590272
 -0.03537077  0.04280178  0.0053033   0.03570555  0.07550895 -0.00908928
  0.0383461  -0.04866024 -0.07275752  0.00911267  0.035724   -0.01118515
 -0.0026499  -0.04299987 -0.0501119  -0.00854871  0.00597902  0.00833352
 -0.00608336  0.08751331 -0.01634682 -0.06570184 -0.00543007 -0.06988316
 -0.00458881 -0.00437609 -0.02841851 -0.09485975  0.04352625 -0.07818181
  0.02826261  0.0632761   0.04257582  0.01209524 -0.03445445 -0.00174283
 -0.00280468  0.03690914]
treat    [ 0.78384198 -0.06687871  0.00304954 -0.0502113   0.02364657  0.00411156
 -0.08560929 -0.07228103 -0.02765949  0.29138994 -0.09557444 -0.10021686
 -0.04998558  0.02899902  0.09591179 -0.01889158 -0.07815941  0.0591325
  0.06925906  0.0846666  -0.05613439 -0.08185897 -0.00773643  0.02969384
  0.02416043 -0.00790832 -0.05797827  0.11437728  0.01220117  0.01778817
  0.01668871 -0.02418692  0.01478347 -0.01170196 -0.02391502 -0.03419136
 -0.07521339  0.01319098 -0.01253081 -0.02128169 -0.00722527  0.02318876
  0.0836302   0.00644063 -0.00412    -0.02575692 -0.03973656 -0.03713403
  0.03723211  0.02714655]
list    [ 0.75477534  0.14315046 -0.12838572  0.02284155  0.10668989 -0.03955536
 -0.04143396 -0.05171268  0.02384039 -0.03008278  0.04589755 -0.02688778
  0.07760285 -0.00856415  0.01949578 -0.12676716  0.03215619  0.03654015
 -0.05807366  0.02681739 -0.04936092 -0.0108326  -0.03848838  0.04655875
 -0.07119395  0.05004122  0.03902226 -0.01345565  0.03046231  0.03369783
 -0.05019874  0.00812337 -0.12501387  0.05574688  0.02117766 -0.00975469
  0.02099588 -0.01461114 -0.02561532 -0.03703369  0.02365078  0.0215236
 -0.06467509  0.03316802 -0.04931161 -0.04804343 -0.01979412 -0.02440123
  0.02228174  0.00110495]
background    [ 0.68336601 -0.03826629  0.24702154 -0.04251766 -0.04240097  0.07493158
  0.05880417 -0.00535353 -0.05183649  0.0125128  -0.04044439 -0.0353651
  0.01299394  0.06652343  0.11409158 -0.037313    0.08297644 -0.1223923
 -0.00127479  0.00235772  0.09424125  0.06814539  0.06031649  0.06225157
 -0.05779279  0.17755059 -0.07986666 -0.06242026  0.0202121  -0.03329155
  0.09797971  0.01236104 -0.07630558 -0.06187775  0.07876095  0.11852981
  0.07275626 -0.03636457  0.00368014 -0.04977843 -0.03084401  0.00995252
  0.01713375  0.04952295 -0.0816846   0.00165955  0.00297034 -0.02777259
  0.02940979 -0.05763409]
appreciate    [ 8.57272533e-01  2.05220985e-01 -4.80573047e-02 -2.18002041e-02
  8.54591800e-03 -1.61049010e-01  8.82162152e-02 -5.42458581e-02
 -9.37660171e-03  1.79367672e-02 -1.06739042e-01 -5.73601880e-02
 -5.05083377e-02 -5.04503791e-02 -7.02693584e-02  7.79566844e-02
 -1.75748332e-02 -2.86533038e-02  7.02592489e-02  3.58498557e-02
 -1.75855108e-03 -1.28300513e-03 -2.63685429e-02  4.41323444e-02
  4.99878925e-02  6.58390587e-03 -1.57115065e-02 -4.28640278e-04
  1.67714581e-02 -2.27456864e-02  2.60857014e-03  8.97015143e-03
  1.86547663e-02 -1.10708423e-02 -2.65812812e-02  7.09685504e-02
 -6.54188205e-02 -1.71971504e-02 -2.20016887e-02  4.41865360e-02
  1.20754509e-02  3.09773426e-02  1.44590840e-02  2.64356637e-02
 -2.94418428e-02 -2.04241893e-02  1.85939951e-02 -2.58232482e-02
  2.61428035e-02 -2.91872666e-02]
indeed    [ 9.03800363e-01  1.56026832e-01  5.00018471e-02  1.92938285e-02
  1.80294626e-02 -7.37003689e-02 -5.61233163e-02  3.55974930e-03
  6.91604579e-02 -2.77286975e-02 -8.59827360e-02  6.70597960e-02
 -9.24188542e-02 -1.64064480e-02 -1.11278075e-02  3.95793573e-02
  6.08158341e-04 -2.18554079e-02 -1.16627129e-02  1.83712458e-02
  2.91529633e-03 -6.08294891e-02  3.17473203e-02 -3.14961800e-02
 -4.16671596e-02 -7.15049172e-02 -1.73930274e-02  3.09784386e-02
 -1.09278731e-02  5.19358649e-02  1.64929572e-02  5.63237890e-02
  1.47700133e-02  4.03799046e-03 -1.95579992e-02  4.06707323e-02
  1.15280528e-02 -7.31496204e-04  1.05943267e-03 -1.84525561e-02
 -7.30269255e-03 -3.26307239e-02 -1.25256174e-02  7.71935432e-03
  4.76884589e-02 -7.59305103e-03 -3.05279579e-02  9.12147984e-03
  5.25302024e-02 -4.29161947e-03]
difficult    [ 7.63079547e-01 -1.19902824e-02  1.26599093e-02 -5.78361044e-02
  3.78366691e-02 -1.59281675e-01  3.22853965e-01  2.50961451e-02
 -5.80618787e-02 -3.33119525e-02  1.48246468e-01 -6.35684348e-03
  2.30134678e-02 -3.15542534e-04 -1.26381641e-01  4.49719462e-02
 -1.00561536e-01 -1.03684817e-02 -4.15742471e-02  3.57356086e-03
  6.18506529e-02 -8.31364300e-02  5.31970516e-02  3.99350106e-02
 -2.04561188e-02 -2.94604571e-02 -4.97665538e-02  6.03877193e-02
 -7.51026336e-02  3.39468301e-02  7.04883215e-02 -9.50195108e-04
  1.35368810e-03 -6.61368752e-02  4.19888314e-02  5.98225834e-02
 -4.70803865e-02  3.83009269e-02  1.09039565e-02 -1.01102303e-01
  5.31849958e-02 -2.36577607e-02 -6.53208749e-02  1.37003987e-02
  2.63483101e-02 -9.17658865e-03  6.26226131e-04 -2.31497471e-02
 -7.14518143e-02 -3.12962010e-02]
male    [ 0.5479872  -0.1559307   0.22317067  0.06455792  0.0352655   0.03544807
 -0.02616378 -0.13909662  0.07837506  0.07663557  0.08808611 -0.12303025
 -0.03256266  0.02590952 -0.01516524  0.11885039  0.05012206  0.00681607
 -0.02663012 -0.01569359  0.03733237 -0.05386772  0.02783921  0.04515513
 -0.02997291 -0.02035599  0.16076249  0.02037881 -0.01804336  0.09074892
 -0.11160832  0.06063491  0.00589379  0.0492387   0.02960262 -0.02355097
  0.122725    0.1135022  -0.06391493  0.01232769 -0.09665927  0.05667057
 -0.01279113  0.02650233  0.04796256  0.07327488  0.08135493 -0.02849278
  0.02945126  0.0871129 ]
whatever    [ 7.72306456e-01 -1.51893148e-01 -7.08840128e-02 -7.58716310e-02
 -9.82123880e-02 -4.62838486e-02  3.12335919e-02 -2.47576047e-02
 -4.17138236e-02 -7.89885441e-02 -9.48146649e-03  2.25548206e-02
 -1.20128931e-02  1.36796731e-02  5.32084511e-02 -3.08481375e-02
 -1.19384395e-02  9.44243222e-02 -7.59402496e-02 -1.83469602e-01
 -4.23567535e-02 -3.19142710e-02 -3.18433092e-02  1.09866029e-01
 -8.31699121e-03  5.29636711e-03  5.21503734e-03 -4.79931736e-02
 -9.11206991e-03 -3.16810414e-02  6.29937216e-03 -2.34330527e-02
 -1.14763595e-02 -2.42648293e-02 -1.50649760e-02 -4.59125645e-03
 -1.66821066e-02  1.78831138e-02  4.88162787e-02 -7.20896807e-04
 -2.55315754e-03 -1.20844889e-02  3.82921531e-03  7.65586255e-03
  3.54947346e-02  2.59895963e-02  1.61543266e-02 -1.61243748e-02
  5.34008325e-03 -2.07950442e-02]
issue    [ 0.73634037 -0.06359337  0.01071851  0.01504439 -0.0743459  -0.10711223
  0.02539368 -0.04427198 -0.00733666  0.04023472 -0.06399943  0.04682636
 -0.01846677 -0.05087434  0.0710181   0.03865786  0.07638802  0.02404909
  0.02994637 -0.10977648 -0.05779438  0.0759985   0.08071881  0.08391584
  0.00849088 -0.08050715  0.06458864  0.06873588  0.01169842 -0.00832266
  0.10305841 -0.02091054 -0.04243067  0.03285469 -0.07928525 -0.0123781
  0.03452199  0.0160942  -0.0659113   0.00484241 -0.07331935  0.05563129
  0.05970862  0.00837602 -0.04655569 -0.00674103  0.0355655  -0.00995827
  0.03754744  0.04466216]
poorly    [ 0.58048449  0.21454365  0.14615406 -0.06797337 -0.00943014  0.01144847
  0.11610188  0.12152664 -0.07037619 -0.03861195  0.10901511 -0.05487733
  0.01447352 -0.07088882 -0.04907904 -0.15674788 -0.07304481 -0.00819326
 -0.14591399 -0.07681851 -0.05453178 -0.10927396  0.07762244 -0.17126615
 -0.04728739  0.03243629 -0.04517262  0.04495979  0.02753299  0.0029594
  0.01223723 -0.09672497 -0.04038618 -0.03150834 -0.12436629 -0.0468051
  0.03250732  0.06291642  0.058661    0.11569465 -0.0608211  -0.1190055
  0.02090234 -0.09508265 -0.02894065  0.02883171  0.08678569 -0.10171628
 -0.04151856  0.11055964]
struggle    [ 0.74846644 -0.25092231  0.16316767  0.09421944 -0.13961783 -0.1013065
  0.15129835 -0.10754595 -0.13146121 -0.02489738  0.06318789 -0.02939229
  0.02336843 -0.04257915 -0.04356717  0.05017797  0.04763521  0.00715371
 -0.00252938  0.05313204 -0.10023034 -0.03696237 -0.02637786 -0.03559396
  0.02706914 -0.01826366  0.03571019  0.05765108  0.06946547  0.06979481
  0.06506581  0.04603394 -0.00360195  0.03362567  0.03360724  0.00674689
 -0.04090294  0.00321215  0.04980759 -0.07274392 -0.02128393  0.04770126
  0.00463847 -0.07668752  0.01108027 -0.02978392  0.02730576 -0.03887735
 -0.02021864 -0.02007708]
average    [ 0.80711365  0.27553916 -0.02889147 -0.11749995  0.02223503  0.11294876
 -0.09856969 -0.01807991 -0.06951777 -0.06397892  0.02498438 -0.02500115
  0.05525176 -0.10181693 -0.00167038 -0.00206848  0.04533363 -0.08045109
  0.00291895  0.0372229   0.0199299   0.04176146  0.02801849  0.03506755
 -0.05067644 -0.00927609  0.05155713  0.00918782  0.01310087  0.00595541
 -0.03948855  0.00651269 -0.01884796  0.02285701 -0.04708197 -0.00301285
 -0.05406326 -0.00739693 -0.01101329 -0.0169947  -0.02137828 -0.02518686
 -0.00118117 -0.06629751  0.03658023 -0.00711733  0.00826851 -0.00767735
 -0.03733098 -0.02801316]
fear    [ 7.79820383e-01 -1.89509811e-01 -1.00824556e-02  9.05554542e-02
 -1.13286728e-01 -1.25061013e-01 -1.82020141e-02 -6.76863027e-02
  9.33701416e-02  5.99397241e-02 -5.34490941e-02  5.29287034e-02
 -1.46180894e-02  5.56588466e-03  2.91359788e-02 -2.20947833e-02
  1.24028447e-01  3.16492785e-02  7.05523001e-03 -1.63351542e-03
 -3.66266194e-02  6.88900475e-02  5.45025593e-02 -1.52382997e-02
 -3.33141059e-02 -6.55353116e-02 -3.06274245e-02  5.19014688e-02
  4.40143210e-02  6.25019459e-02 -1.09885624e-03 -6.94809953e-04
  2.04260191e-02 -5.69207801e-02 -3.72466520e-02  1.53261024e-02
 -1.51359090e-02 -1.38555984e-02  2.74007676e-02 -1.04670975e-01
 -3.92269001e-02 -3.54353269e-02 -1.23311972e-02 -1.15623020e-02
 -3.38346777e-02  2.53807261e-02 -6.82149875e-02 -7.03191587e-02
 -1.24477954e-02  2.38619325e-03]
sexual    [ 0.68110498 -0.00227045  0.12160341  0.11381386 -0.14387726 -0.05479561
 -0.01467083  0.1624773   0.061039    0.05332168 -0.00717747 -0.13006668
 -0.07987007 -0.02239638 -0.15881045  0.06248256  0.1624603  -0.00710511
  0.11555334 -0.12976999 -0.00623225 -0.07684656  0.05948326 -0.03079522
 -0.01976102 -0.00771939  0.0362554   0.0741934   0.02378898  0.02070415
  0.0087532   0.05762185 -0.06155227  0.03656316 -0.05485994 -0.01689249
 -0.06707611  0.04878062 -0.03978491  0.00432679 -0.0352444   0.01466187
  0.03493669 -0.02369117 -0.00558911  0.03036375 -0.00461613 -0.02638604
 -0.00329058  0.04328588]
japanese    [ 8.09592902e-01  1.23226674e-01  4.88390381e-02  1.27431979e-01
  2.36035592e-02 -1.68073197e-01 -7.37198506e-02 -4.44018190e-02
 -6.07877427e-02  1.04629773e-01 -6.58154086e-02 -5.92234758e-02
 -2.51927357e-02 -6.13971168e-03 -6.87527459e-04  7.06208758e-02
 -3.64603838e-02 -3.22061664e-02 -1.81320447e-02 -3.17265303e-02
 -4.24981431e-03 -1.06619424e-02  1.92363585e-02 -4.94328903e-02
  1.32904562e-02  4.96650407e-02  9.88059965e-02 -1.32019789e-02
  3.80576076e-02 -2.05504330e-02  4.75722209e-04 -7.40953573e-02
  2.33348809e-02 -9.95154948e-03  5.10158615e-04  7.34720637e-02
  2.42839789e-02  2.01706216e-02  2.53859588e-02  2.22590078e-03
  1.23192574e-02  2.97386655e-02 -3.90708645e-02 -7.61374616e-03
  5.36943923e-02  3.14642593e-02 -2.61409078e-02  6.70697148e-02
 -3.75091059e-02 -1.12093958e-01]
suspense    [ 7.28127170e-01  1.77881181e-01  1.12549980e-01 -6.29755663e-02
 -7.77063145e-02  2.89905366e-02  2.58031238e-02  1.75693716e-01
 -9.12553229e-03 -2.61769264e-02 -2.11417689e-02  9.19469007e-02
 -8.78792474e-02  4.81361925e-05 -7.06010160e-02  8.56556055e-02
  8.33602560e-02  5.14947337e-02  1.18300054e-01 -1.67906803e-02
  8.33196570e-02  3.46799870e-02 -2.85852070e-02  4.48662978e-02
 -2.74045382e-03 -9.97837028e-04  2.08675970e-02  2.13063103e-02
  1.22229337e-02  1.11428312e-01 -1.40615833e-01 -1.23536948e-01
 -5.54731548e-02 -3.60166801e-02 -8.60241438e-02 -2.67534556e-02
 -3.25196808e-02  3.22801678e-02  1.44330399e-02  7.56907399e-02
 -9.18021335e-02 -1.06174346e-02 -2.74344643e-02 -1.76484509e-02
 -6.62314547e-02  6.66184563e-03 -1.97083720e-02 -1.99792161e-02
 -9.48292886e-02  3.09833181e-02]
drug    [ 0.64306769 -0.2821262   0.02373894 -0.03788237 -0.10291295 -0.03986527
  0.00225962  0.11357504 -0.06495597 -0.04277714 -0.05206839 -0.05055432
  0.0688234  -0.08637556  0.07322439  0.02523906  0.12266024  0.00179436
  0.02994481 -0.20390211 -0.03470455  0.01737194  0.0592984  -0.02700362
 -0.0656755  -0.06387497  0.11582211  0.03916458  0.04194743 -0.04291568
  0.04092981 -0.05843653 -0.02446726 -0.0647556   0.0019217   0.03034472
  0.00548509  0.08981961  0.06281131 -0.00914066  0.04779781  0.10674682
  0.10765501  0.15095146 -0.04093959  0.06615775  0.02878137  0.01380175
  0.04013856  0.04321214]
secret    [ 6.06868002e-01 -2.31214542e-01  1.50100398e-02 -1.99174106e-02
 -6.65696226e-02 -7.71419596e-02  2.73587789e-02  1.81686540e-03
 -5.89801499e-02  1.38816978e-02 -1.73666448e-02  6.01127318e-02
 -2.51865945e-02 -3.95860029e-02 -3.61273891e-02  6.90085023e-03
  8.37535876e-02  4.96832621e-04  3.02832614e-02  1.33505834e-02
 -9.38519249e-02  6.67117341e-02  4.23856766e-02  1.16485040e-02
  2.58972976e-02 -6.64871395e-02 -3.81396372e-02 -8.71281708e-02
 -1.04215708e-01  1.20534308e-01  7.40120239e-02 -4.41151297e-02
 -7.44220310e-02 -4.63985066e-02  3.11539648e-02  7.92060734e-03
  4.02690182e-02  3.86734681e-02  4.24638941e-02  1.82156468e-03
 -2.44754737e-03  2.68564682e-03 -7.01190004e-02  3.97599704e-02
 -4.12164067e-02  4.21335299e-03 -3.66271906e-03 -3.29106916e-02
 -9.18445278e-02  2.56311720e-02]
notice    [ 0.85240131  0.02506502 -0.1101151   0.02590332 -0.0606407  -0.01385039
  0.00983116 -0.01983663  0.20495749 -0.03043743 -0.05665869 -0.03259833
 -0.00519443 -0.04306588  0.03667469 -0.01011859 -0.00491201 -0.03740865
 -0.02284084 -0.0410838   0.09797431  0.03911664  0.10029516  0.06527592
  0.02505116  0.00095968  0.02369292  0.01616504  0.05548168 -0.06763881
  0.1089685   0.00597452  0.00668299 -0.02152345  0.01027969  0.03290882
 -0.10669633 -0.04860602 -0.07144761  0.02235857 -0.01953085 -0.01785852
 -0.01557935 -0.01245691 -0.05960264 -0.03372333  0.01897519  0.02615535
 -0.03111757 -0.01334248]
appeal    [ 8.33346699e-01  2.12752976e-01 -2.31638914e-02 -4.75122430e-02
 -7.73497010e-02 -9.96731836e-02  4.65983271e-02 -1.14708054e-01
 -2.99763354e-02  5.55999522e-02 -1.05958640e-02 -1.36004213e-01
 -4.08941927e-02 -5.69191629e-02 -5.61970627e-02  3.67066456e-02
  9.63559451e-02 -5.41819571e-03  6.49016304e-02 -1.56731192e-02
  7.41148506e-02  9.06853473e-03  1.50477218e-03  3.93135681e-02
 -5.41245281e-03  1.40676960e-02  6.18250624e-02  2.05163793e-02
 -2.07445300e-02 -1.54446979e-02 -4.60735175e-02 -2.95462562e-04
 -3.13959979e-02 -1.73585284e-02 -2.21225153e-02 -2.08754246e-02
  6.91613550e-03  1.36979691e-02 -1.83096966e-02  2.36746151e-02
  4.27963571e-03 -1.82277969e-02 -3.17887040e-02  2.02774225e-02
 -1.92440825e-02  1.95980161e-03  3.54116646e-02 -1.77398431e-02
  7.25470989e-03  1.24332981e-02]
society    [ 0.72102407 -0.21192468  0.04044963  0.01821423 -0.0325998  -0.13959367
  0.1040211   0.00426875 -0.02137914  0.10827602 -0.09364505  0.00343734
  0.07368538 -0.07811074  0.00184475  0.00639621  0.10652017 -0.05691085
  0.04498337  0.02076195 -0.09666004  0.11686042 -0.00527994  0.01223661
 -0.0041326  -0.01569247  0.04751329 -0.00445172 -0.02325158 -0.00156899
  0.0485809   0.02438981 -0.05378695  0.0626927   0.03696205  0.0413813
 -0.08304989  0.10939384 -0.03524581 -0.0644326  -0.01682458 -0.01170299
  0.02923186  0.03344357  0.02223026  0.02660632 -0.01174265 -0.01152937
  0.03415016  0.02007789]
joe    [ 0.76396019 -0.29407876  0.12478731 -0.04338544  0.04453334  0.08886725
 -0.10028294 -0.05027512 -0.06599674 -0.050303    0.0844186  -0.08175417
  0.05124913  0.0662915  -0.01887283 -0.01211451 -0.01627916  0.13566963
  0.04736534 -0.05553962  0.04070696  0.05844416 -0.00186625 -0.0022782
 -0.03451093  0.03082057 -0.0331824  -0.07095797 -0.03849887  0.01623924
  0.02910511  0.02614753 -0.02527834  0.01366996 -0.02113951  0.03396925
  0.00081276 -0.01921053 -0.02966769  0.05334858  0.01843075  0.01247092
 -0.03936815  0.0213459  -0.00560514 -0.04216636  0.00801363 -0.0344529
  0.01153089 -0.04173342]
contain    [ 7.70435896e-01  3.76728590e-01  1.31897149e-02  1.04648466e-01
 -1.06640693e-01  2.84604001e-02 -1.27318597e-01  4.87252687e-02
  9.82633093e-02  8.57314189e-03  4.07434578e-02  4.87937127e-02
 -2.19668016e-02 -8.47675030e-03 -3.75673075e-02 -1.88190142e-04
  2.18700441e-02 -1.87410629e-02  2.76034925e-02 -5.28784598e-02
  2.25657562e-02 -3.78129218e-02  2.20137737e-02 -2.18842305e-02
  1.68809540e-03  2.95885635e-02  2.38762251e-02  1.07071591e-02
 -7.86519317e-02  1.16124534e-02  6.52782524e-02 -2.21764061e-02
 -8.16627378e-02  1.98890543e-02 -4.33279024e-02 -3.85775933e-02
  4.30066735e-02 -6.04117519e-03  2.88879180e-02  5.34587519e-03
  3.77097130e-02  7.98676974e-02 -1.71832275e-02  9.15103396e-03
 -1.86163551e-02  1.63298564e-02  1.52947815e-02 -2.94510744e-02
 -1.18432695e-02 -7.44165332e-03]
believable    [ 0.69733177 -0.02777787  0.38758287 -0.17063177 -0.11122672  0.14924742
  0.3214345  -0.16815753 -0.01342914  0.0303852   0.1428767  -0.10111721
 -0.02890775  0.03456659  0.04883971 -0.01082563  0.02308285 -0.01700827
 -0.01042981  0.03462681  0.12442914 -0.01037537 -0.02701272  0.03467718
 -0.03909332  0.01830786  0.01788084 -0.00370806 -0.03157627  0.00753746
 -0.02061372  0.00930501  0.0252128   0.01125512 -0.01148686 -0.02483391
 -0.04155464 -0.04586606 -0.01279774 -0.04595882  0.04444265 -0.01854694
 -0.00184513 -0.01699875  0.0390363  -0.00872309 -0.02192407  0.03037287
 -0.01051269 -0.00797884]
mistake    [ 0.58171462 -0.04889892 -0.0671295  -0.18310593  0.15811833 -0.20767583
  0.4006148   0.18451766 -0.05886305  0.08985668  0.42470846 -0.04715852
  0.01598833 -0.2417737  -0.06922592 -0.04608875  0.03910914  0.03806627
 -0.03663541  0.00575869  0.0066301  -0.01867761 -0.02178131  0.01638319
 -0.02417413  0.05013109  0.05645491 -0.08688871 -0.02539797 -0.02337585
  0.03015773  0.01604126 -0.01255376  0.03233019 -0.01740022 -0.02975818
  0.02461596 -0.02258634 -0.01978229  0.02222059  0.02410087  0.00199051
  0.04434454  0.00982601  0.00653613  0.01598182 -0.01512101 -0.02612853
  0.04244444 -0.00172254]
accent    [ 0.61016119 -0.07139432  0.15994043 -0.14979985  0.06786411  0.04170522
  0.05634382 -0.00824358  0.0519329  -0.00285977 -0.08577488 -0.07101679
  0.0547176  -0.15010905  0.05632115  0.04246073 -0.01367657 -0.01532271
 -0.10105844 -0.07481174  0.02784945  0.0813721   0.06474184 -0.11359697
 -0.03294823  0.01524586  0.05757034  0.00288108 -0.01305733  0.01655688
 -0.01862056 -0.07663642  0.05595022  0.03901853  0.06345535  0.08935955
  0.02769717  0.09691316 -0.02555925 -0.11807631  0.04008784  0.1539107
 -0.04395408 -0.00522289  0.0114084   0.12602382 -0.0657965   0.11568605
 -0.03093264 -0.0987226 ]
doctor    [ 0.70084403 -0.41317429  0.10863185  0.0055626   0.03801464  0.0021973
 -0.08572086 -0.03908581 -0.01043859 -0.11716611 -0.01296547  0.05552305
 -0.02302404  0.02473383 -0.11003042  0.03825128 -0.00402952  0.04942188
 -0.05751852 -0.09482374  0.02839288 -0.00284925 -0.01336515  0.01851955
 -0.0254865  -0.0424017  -0.00426483 -0.06625182 -0.10690492  0.05548289
 -0.04327988  0.01375046  0.02750968 -0.02231967  0.11485571  0.05000696
 -0.01356458  0.01159938  0.00531225 -0.01810651  0.05480587 -0.02661131
 -0.04722927  0.00405127  0.04933521 -0.04738588 -0.01132479  0.0135922
 -0.03669403  0.03234375]
choice    [ 0.72650824 -0.01031993  0.0930353  -0.19771367  0.24762759 -0.10637253
  0.21484672  0.08323197  0.01871299 -0.04641551  0.21580484 -0.00629638
 -0.02903968 -0.19763039 -0.0311815  -0.00511746  0.05089789  0.06717549
  0.01302009  0.04964561 -0.04408698 -0.09921561 -0.01808218  0.01154005
 -0.06617725  0.008125    0.0354566  -0.05252542 -0.01147436 -0.0057545
  0.05925923  0.06475741 -0.01466181 -0.04696581 -0.00718293  0.06285718
 -0.01579565 -0.05413201 -0.01669104 -0.06734195 -0.00891244  0.01419199
  0.03926327 -0.01916017 -0.01285272  0.06406037 -0.02302745 -0.01412085
  0.04373608 -0.03971732]
beauty    [ 8.09017351e-01  7.07164250e-02  9.07493308e-02  8.77925099e-02
  1.52810190e-02 -1.29264955e-01 -1.52806420e-02  4.37407779e-03
 -6.30535383e-02  9.12934856e-02 -4.93202877e-02  5.90734522e-02
 -2.10402741e-02  1.19294028e-01 -3.17343625e-02  4.49586746e-02
  8.04282775e-02 -6.10155205e-02  9.46532566e-03 -2.56504486e-02
 -4.98886418e-02 -1.29887705e-02 -2.94063232e-02  7.73668120e-03
  3.35380349e-02  3.68450683e-04 -6.30668069e-02  2.80386687e-02
  7.36903413e-02  2.31866446e-02 -2.97711854e-03  4.46229282e-02
  3.76264466e-03 -1.81063738e-02  5.03338368e-03  5.23792720e-03
  3.30617416e-02  5.46253101e-03  3.25313450e-02 -2.84962233e-02
  1.15801009e-02  1.46365663e-02  1.48051385e-02  2.71032192e-02
 -1.94473200e-02 -2.94109602e-02 -2.18797898e-02 -1.89342436e-02
 -8.37210652e-03 -2.85704046e-02]
okay    [ 0.87119231  0.06971644 -0.06281251 -0.11477932 -0.01651247  0.12594176
 -0.05251979  0.00773997 -0.05127441 -0.11563298  0.03735195 -0.01752307
  0.04661535 -0.00581374 -0.01602356 -0.01142588 -0.02359208 -0.04639016
 -0.01841961  0.0158286   0.00321055 -0.01757639  0.00238773  0.001776
  0.00950166  0.01093043 -0.03087043  0.00273997 -0.02791039  0.03697129
  0.03618845  0.04157915 -0.06405841  0.04846772  0.02363494  0.04002467
 -0.01151981  0.07095516 -0.04195652  0.02792588 -0.02001083 -0.07489973
  0.03511519  0.04018634  0.03856885  0.05524616 -0.03144862  0.01700991
  0.01210664 -0.03940142]
western    [ 8.20603273e-01  2.08937704e-02  1.91792446e-02 -2.28624096e-02
  1.85775702e-01 -8.03672368e-02 -5.66921796e-02  2.64671796e-02
  2.65117629e-02  1.74325953e-01  1.75334159e-02  5.02569423e-02
 -2.93562376e-02  8.72176073e-03  9.88577121e-02  3.72764672e-02
  5.43431167e-03  6.97150802e-03  2.78264757e-03  3.33504552e-02
  1.72474450e-02  5.27874721e-02 -2.61697535e-02 -1.61784780e-02
  1.83217757e-02  3.86213602e-02  2.98426460e-02 -4.21229810e-02
  4.40031410e-02  1.64337201e-02 -4.21773550e-02 -4.59791745e-02
 -7.21710989e-04 -3.09819370e-03  3.22663979e-03 -1.32602526e-02
 -2.53398151e-02 -7.90801898e-03 -8.66746956e-03 -5.16120894e-02
 -5.17896183e-02  6.48886803e-03  4.94641356e-03 -1.10206045e-02
 -2.49492311e-02 -1.40445816e-02  3.67783160e-02  7.11203134e-04
  2.04431435e-02 -2.49469633e-02]
suck    [ 0.81825327  0.20894195 -0.21359712 -0.19705725 -0.10542584  0.1976394
 -0.11388525 -0.07637643 -0.00398682  0.0116258   0.08623347 -0.00182674
  0.10181441 -0.1096432   0.03522153 -0.02848857  0.02391073 -0.00252517
  0.0356842  -0.01598661  0.00269715  0.07252151 -0.00233715 -0.04736489
  0.01417781 -0.05030919  0.01615349  0.0034997   0.01772577 -0.0295818
  0.05321631  0.01402551 -0.02705111  0.0102874   0.01109802 -0.01339287
  0.00285479 -0.01609213 -0.00703009  0.02384777 -0.01830377 -0.00356116
  0.03603658 -0.02385223 -0.03052243  0.03395523 -0.01335777  0.00360766
 -0.01214396  0.01989971]
fantasy    [ 0.79097236  0.16025993  0.06380904  0.04545068 -0.0827621  -0.03957878
 -0.09186465  0.00659417 -0.06705027  0.14890209  0.00146057  0.0965081
 -0.01496843 -0.00662778  0.02988022 -0.01142602  0.04183901  0.01089129
  0.11092338 -0.02141418  0.01006491  0.04651977 -0.0882729   0.0359515
 -0.05922245  0.04024488  0.04144545 -0.00675688  0.076703    0.05230697
  0.00882146 -0.0569785   0.0272056   0.01891156 -0.02343598  0.01813747
 -0.00205855  0.01419813  0.0593712  -0.04255355 -0.04635257 -0.04220999
  0.04306947  0.02112846 -0.00419442  0.02578245 -0.0168111  -0.03107532
 -0.00763074  0.00968982]
masterpiece    [ 8.40201442e-01  7.92393035e-02 -8.55007921e-02 -6.25317255e-02
  1.52499620e-01 -1.37865109e-01  2.50987389e-02  4.38645181e-02
 -2.09606405e-03  1.77474375e-01 -1.94611261e-02  2.83360059e-02
 -1.29423209e-02  7.53987153e-03  2.15384266e-02  2.31544040e-03
 -3.57276149e-02  3.47722001e-02  4.07256670e-02  1.64592029e-03
 -1.15272870e-02  8.11848881e-03 -1.31467098e-02  5.58159280e-02
 -1.38661773e-02  1.93158920e-02 -2.70397108e-02  1.23897987e-02
  5.65612043e-02  2.73972912e-02 -6.78821646e-02 -9.04519311e-02
  3.42957757e-02 -1.79172690e-02 -6.98877241e-04 -6.84163544e-02
 -2.32368148e-02  6.27346476e-03  8.60869564e-03 -2.03020784e-02
 -8.99641534e-03 -3.81781016e-02  9.92890831e-03 -2.68676640e-02
  3.55273132e-02  1.00328048e-02 -2.56621377e-02 -1.00060082e-02
 -3.68318715e-02 -3.11403604e-02]
dr    [ 0.74255749 -0.15669404  0.19528377  0.03935527  0.08220487 -0.03503894
 -0.09652772 -0.05435381 -0.04057683  0.07933812 -0.00630494 -0.03206989
 -0.06494755  0.02931856 -0.07602102 -0.07164328 -0.02199939  0.09382872
 -0.00816534 -0.08373503  0.07087174 -0.0471265   0.03159653 -0.02727245
 -0.06870585 -0.03570434  0.01877813 -0.04376909 -0.07845146 -0.04062696
 -0.0666891  -0.00553405 -0.01153349 -0.08888529  0.02897622  0.02621957
 -0.02396034 -0.05785027 -0.04907781 -0.03166742  0.02446065 -0.03754894
 -0.01755329  0.06956296 -0.04341563 -0.00206917 -0.01300833 -0.0113803
 -0.01221797  0.01911722]
development    [ 0.30308207 -0.00980494  0.42877635 -0.04660827 -0.28499328  0.30418481
  0.32125302 -0.32902503  0.01812408  0.09077618  0.12011984 -0.10592321
 -0.02425494  0.20929671  0.28630908  0.0760916   0.03522024  0.09517026
 -0.1344913   0.03108944  0.12142512 -0.08271319 -0.06865203 -0.09292535
 -0.11183041  0.05727993 -0.01499691 -0.02405866 -0.05394778 -0.00568343
 -0.08158385 -0.07769975  0.00529244 -0.02564154  0.0066921  -0.03052465
  0.03743062 -0.06676298  0.03380086  0.02904877  0.00221619 -0.0359969
 -0.03374409  0.03475281  0.04655392 -0.00920903  0.00436889  0.05851943
  0.03095933  0.02422563]
free    [ 7.27898068e-01 -1.97004097e-01 -2.83021036e-01  3.33131411e-03
 -6.01851057e-02  4.26909236e-02  3.69127938e-03 -4.12905726e-02
 -1.21939477e-01 -1.55037109e-01 -6.45503551e-03 -2.76819696e-02
  2.25322745e-01  6.89252960e-02 -4.00730741e-04  7.00018968e-02
 -3.72031308e-02 -6.74256430e-02  4.30136717e-02  2.00439177e-02
  1.92151177e-02 -8.70300076e-03  1.69297915e-02 -3.45724692e-02
  1.92286717e-02  4.59956178e-02 -1.64101208e-02  6.23553697e-02
  2.08690918e-02  2.28730559e-02  3.96215391e-02 -5.78522737e-02
  1.97582611e-03 -1.20203635e-01 -3.10978782e-03 -4.69405521e-02
 -2.85094715e-02  5.13348485e-02  6.21277762e-02 -5.69695488e-02
 -8.43891395e-03  1.99767456e-02 -1.19688681e-02 -4.74846927e-02
 -1.83476438e-03  2.16017091e-02 -1.49835007e-02  8.64299448e-02
  3.67683606e-02 -1.90415240e-02]
reveal    [ 0.75768464 -0.03013478  0.12033892  0.05028736 -0.2890949   0.03299328
  0.08740088 -0.03884616  0.07287379 -0.07189289 -0.10313768  0.08908097
 -0.14734533  0.06413053 -0.07103244 -0.09802863 -0.05200069  0.09843995
  0.00926592  0.06929736 -0.02380061  0.06992289  0.03160437 -0.02556263
  0.04271443  0.03813244  0.05808806 -0.03834382 -0.05493932 -0.0704022
 -0.04998822 -0.0281466  -0.04463082 -0.02414217  0.02997643 -0.05495251
 -0.02532193 -0.02978329 -0.02228354  0.00630775  0.01755834  0.00963891
  0.0403272   0.03267601 -0.02793921  0.03302754 -0.02543263  0.0048577
  0.03049687 -0.00724525]
emotional    [ 8.11440380e-01  5.61841201e-02  2.08599155e-01  3.48026483e-02
 -1.15548893e-01  2.96083999e-02  9.95688402e-02  6.73971383e-02
  1.13530996e-01  2.27473162e-02  6.30039571e-02 -9.87297602e-02
 -3.49419375e-02  9.86434093e-02 -3.90790863e-02 -1.03485043e-02
  1.50315805e-01  7.87142510e-02  1.29270440e-01 -7.44820315e-03
 -2.58353367e-02 -2.00436141e-02 -1.00966810e-02  2.04269721e-02
 -5.37170130e-02  5.99763530e-02 -8.10380254e-02  2.23599111e-02
 -6.41434550e-04 -1.35829708e-02 -1.25939223e-02  3.11651190e-02
 -9.28843834e-03 -3.99081796e-02 -1.42313166e-02 -2.15608400e-02
 -1.05768163e-02  4.67074665e-03  1.12053874e-03  6.30291853e-03
 -1.60427631e-02 -4.45508717e-03 -5.89791876e-03 -1.87198668e-02
  6.62167956e-03  1.10506512e-02 -8.10936769e-03  2.68502318e-02
  1.43215307e-02  6.43911431e-02]
weird    [ 8.34319667e-01  1.73664367e-02 -3.75055888e-02 -1.68932124e-01
 -8.17745631e-02  1.30888808e-01 -1.02422903e-01  6.14743019e-02
 -8.40971832e-02  1.32984547e-01 -1.80494840e-03 -8.46836806e-02
 -4.47207356e-02  2.88862702e-02  7.33008650e-03 -9.34474982e-03
 -6.03843507e-02 -5.97879326e-02 -3.42229697e-03  3.56325527e-02
 -8.95895586e-03  1.17022392e-01 -2.97707590e-04  8.43986866e-02
  1.72422014e-02 -4.61739378e-03 -7.41450054e-02  1.40570328e-03
 -2.21507862e-02 -3.91005199e-03  5.58765394e-02  3.67328699e-02
 -1.53009660e-02  5.35422040e-02  4.61323752e-03  7.19350557e-02
 -4.65302921e-02  1.15518892e-02 -4.24729555e-02  5.98207936e-02
  1.64968908e-02  5.75241638e-02 -1.91687422e-02  2.22329175e-02
 -1.96393908e-02 -2.05801189e-02  6.70145529e-02 -2.31386902e-02
 -3.48530873e-02 -2.30901742e-02]
hop    [ 0.65078394 -0.10916722 -0.23330627 -0.11810805  0.0151111  -0.08362823
  0.0078138  -0.12149558  0.10725155 -0.15643086 -0.09255337 -0.05421004
 -0.0991687   0.08011851 -0.01310905 -0.1062541   0.06511551 -0.01084297
  0.1407916   0.23468354  0.22624117 -0.15835088 -0.00254938 -0.04128741
 -0.23473402 -0.0936968   0.08436511  0.07243158  0.09786459  0.05230766
  0.0424774   0.01905444 -0.03072775 -0.14031286  0.07484652  0.04919424
 -0.00562149  0.02561391 -0.13748603 -0.0432099   0.04656496  0.00902526
 -0.01150267 -0.02341703 -0.02377323  0.01694438 -0.01320898 -0.02160908
 -0.04775826 -0.03183574]
unless    [ 0.78006285 -0.05152302 -0.24599014 -0.14176905  0.09996943 -0.03524054
 -0.03968124 -0.04460132  0.07814996  0.10033446  0.04200485  0.01079023
 -0.00607361  0.1315861   0.00495821  0.13120144 -0.10637018 -0.05800381
 -0.04971946 -0.0070977  -0.04994401 -0.04413859 -0.04032892  0.05901826
  0.05474497 -0.00694665 -0.04596463 -0.00139074  0.00791132  0.0107143
 -0.07209984 -0.08472742 -0.00690296 -0.06657222  0.03076951 -0.00079329
 -0.07315152 -0.00390839  0.04464319  0.02640829 -0.0251187   0.04151169
  0.04233331 -0.0209548  -0.02519475  0.03512256  0.03082447  0.01814098
  0.01521462  0.04261266]
superb    [ 0.62598731  0.21831796  0.34271507  0.01707514  0.1268848   0.12855115
 -0.08265546 -0.07825894  0.01314046 -0.2044834   0.0609586  -0.11999657
  0.13150838 -0.00379629 -0.10613168 -0.13154574  0.05191978 -0.13651565
 -0.08925749  0.05881983 -0.09229544 -0.01676905  0.01586608  0.04703191
  0.06084426 -0.01996934 -0.03227595  0.14562017  0.06322729  0.05384326
 -0.03988897 -0.07665828  0.00262237 -0.01473451  0.02250646 -0.10240625
 -0.04844149  0.02295865 -0.05559591 -0.01222786  0.04918196 -0.04143616
  0.06938626 -0.03552918  0.01890883  0.01607925 -0.05603239 -0.00067706
 -0.11050076  0.03296411]
memorable    [ 0.72684442  0.08722927  0.24125282  0.06856158  0.01462492  0.02503417
  0.10241141  0.13111933  0.36927778  0.05008049  0.23035623 -0.08918371
 -0.02408731  0.05433304  0.00493175  0.00757993  0.0145922  -0.0378241
 -0.00821387 -0.02862827  0.03401847  0.00190635 -0.08758516  0.07893473
 -0.03549133  0.11164884 -0.10756355  0.01249218 -0.03886743  0.02964319
  0.02938659 -0.03175923 -0.00106211 -0.00104739 -0.03807389  0.02525455
 -0.05328214 -0.02243087  0.00188452 -0.02031285  0.0330731  -0.01035922
  0.02915876 -0.02615762  0.03702025  0.00324854 -0.02606181  0.01100564
  0.00850082 -0.00758728]
shame    [ 0.83157979  0.11940372 -0.00992813 -0.08238849  0.09627838 -0.09516076
  0.03375128 -0.04714481  0.05707975 -0.07127063 -0.1052721  -0.04152469
 -0.01779844  0.00095674 -0.01222625  0.05588813  0.01918618 -0.00341369
  0.02806639  0.02928305 -0.07632718  0.06390143 -0.05240239 -0.03592879
  0.06329504 -0.02112893  0.0307517  -0.03776705  0.0583832  -0.03785777
 -0.01919867  0.03079866  0.03951705  0.02196155  0.02690752  0.02214865
  0.04177116 -0.01912861 -0.00412837  0.09783203 -0.02467154  0.01730793
  0.00342552  0.0123039  -0.00679123 -0.06438875  0.04257929  0.01051438
 -0.06348836  0.04204508]
earlier    [ 6.71173145e-01  1.84326969e-01 -8.11827242e-02  3.77594775e-01
  2.02974548e-01  6.60600808e-02  7.56111880e-02 -1.96535532e-02
 -8.37426292e-02  3.16728707e-02 -9.09500108e-02 -1.16233167e-01
 -2.48442185e-01 -7.18280079e-02 -3.74491346e-02 -3.56320117e-03
 -6.36390622e-02 -3.54099784e-02 -7.24158510e-02 -5.54171050e-02
 -7.27365738e-03  3.82011619e-02 -1.64465566e-01  4.33486994e-02
 -1.00942217e-01 -6.25501648e-02 -5.71682197e-02  1.03211879e-01
 -1.29689802e-01 -1.26332680e-01  3.63001161e-02 -1.51422297e-02
  2.69874086e-02 -3.53621122e-02  3.93182920e-02 -1.20112751e-01
  4.89837223e-02 -3.82276648e-03  3.87210079e-02  4.04110977e-02
 -3.23119289e-02 -2.16821708e-02  3.73009413e-02 -2.79406105e-04
 -5.70432636e-02  3.65678946e-02 -4.21374453e-02  3.17411877e-02
 -3.78378829e-02 -2.14290664e-02]
older    [ 0.67268383 -0.19055819 -0.01677123  0.16218166  0.0053613   0.07082662
 -0.11539263 -0.10179629 -0.10850523  0.06684975  0.06030059 -0.16225876
 -0.10846749 -0.10807751 -0.08433253  0.16112695 -0.09613346 -0.10638902
  0.00916521  0.0280845   0.03459966  0.08222719  0.03728864 -0.00151977
 -0.03579697 -0.06230421  0.03843416  0.0714609   0.02714396 -0.19569856
 -0.00611243  0.0288717  -0.06040729 -0.01620888 -0.13648135 -0.06979402
  0.00431867 -0.06745584  0.1126375   0.07368835  0.00310857  0.01587519
  0.01338391 -0.0595703  -0.05519074 -0.01373524 -0.05099162 -0.01358225
 -0.01569309 -0.08929758]
otherwise    [ 0.81280615  0.12339193 -0.13492923 -0.10767588 -0.0128259  -0.05265636
 -0.01417135 -0.10744479  0.13013224 -0.10809174 -0.09067052 -0.0692147
 -0.08357719  0.02313823 -0.05889772 -0.04139634  0.08349342 -0.03772419
  0.0930263   0.08699096  0.10428895 -0.17118256 -0.01083252  0.03542107
 -0.1453435  -0.02614461  0.06524623  0.00197298  0.0355125   0.00642973
  0.00651984  0.0167972   0.02226476 -0.13978548  0.04589602  0.02177393
  0.0192519   0.00849834 -0.10007321 -0.00976263  0.00816724 -0.04592259
  0.01245262 -0.05342328  0.01293208  0.00871728  0.02283635  0.03117817
 -0.01513518  0.01615287]
footage    [ 0.72139079  0.03112591  0.03048429  0.12489079  0.07395957 -0.10685472
  0.02427665  0.14943546 -0.07512178  0.00425321 -0.1574268  -0.07159876
 -0.06416975  0.15727217  0.04104224  0.02404855  0.08036231 -0.07812172
 -0.03373914  0.0201844   0.02784397  0.00566182  0.08542543 -0.12198516
  0.0973085   0.01125841  0.08504101 -0.07264979  0.02551705  0.01574759
 -0.02971727 -0.02120439 -0.01751415 -0.03997483  0.03403533  0.04772134
  0.05848276  0.02384824  0.082772    0.04691509  0.10423032  0.08883915
  0.09925419 -0.03646041 -0.05811062  0.05911135 -0.00845323 -0.02709565
  0.00888637  0.0509923 ]
box    [ 0.4533123   0.02489009 -0.09081953 -0.00173347  0.03566323 -0.03220833
 -0.07322052  0.02930208 -0.04446223 -0.02119303 -0.00420177 -0.01068041
  0.0575951   0.0375557   0.06192868 -0.01225576  0.01124974 -0.05316224
 -0.05417122 -0.00444606  0.0811631   0.0135359   0.01506443  0.01105333
 -0.0152289   0.04003341  0.01773151 -0.07534178 -0.12950806 -0.04097981
  0.07806956  0.00532707 -0.0582977  -0.05865716  0.01144081 -0.0729137
  0.03592928 -0.0250617   0.00098647 -0.00805933 -0.06869772 -0.02622433
 -0.04069669 -0.10784386  0.09801171 -0.02611096  0.02681848 -0.07400069
  0.00413983  0.05348498]
20    [ 0.39535646 -0.02606079 -0.25657593  0.44998148  0.25359515  0.42681861
  0.23279603 -0.02142244 -0.10375959  0.02110961 -0.07113635 -0.065959
 -0.28497023 -0.11453615 -0.02052068 -0.08001856  0.04612143 -0.00401396
 -0.100622   -0.03352449  0.05555497  0.06316475 -0.1294375   0.02904095
  0.12517935 -0.11710302 -0.01058109 -0.06033115  0.09048542  0.05721262
  0.04672339 -0.04780276 -0.03380266 -0.0978987  -0.01507802  0.03580673
 -0.00790692  0.03119064  0.00291663 -0.02482462  0.03063267  0.02298272
  0.0210888   0.01189885  0.01903434  0.0243278   0.01055949  0.01702418
  0.02751462  0.07118578]
convince    [ 0.74107828 -0.15549301  0.03823729 -0.06405344 -0.12579551  0.0105428
  0.04318071 -0.13558951  0.07781897 -0.08300293 -0.07708918 -0.02223284
  0.02889478 -0.13026397 -0.09498769 -0.0970918   0.05685975 -0.06163648
  0.03992111  0.0041926   0.07073182  0.0349765   0.00709923  0.09916112
  0.00444851 -0.03205643 -0.02613695 -0.05440923 -0.09401604  0.04042302
 -0.05120641 -0.07435621  0.07829781 -0.00625105 -0.00181275  0.00118263
 -0.18880431  0.06042689 -0.08507557  0.02821938 -0.0242639   0.08220832
 -0.05225541  0.00960856 -0.04315103 -0.00756498  0.0447802  -0.01916307
  0.09821336  0.02547874]
suggest    [ 0.76271408  0.08216483 -0.25382599 -0.02402015  0.00426431 -0.10482629
  0.00670006 -0.16145558  0.08166736 -0.03955671 -0.06046109 -0.03831484
 -0.07149604  0.10521076 -0.07587837 -0.05944436  0.03355008 -0.10994756
  0.05220791  0.13655307  0.12189504 -0.23350577  0.03802694 -0.01750414
 -0.12182624 -0.02777734  0.0359799   0.04734977  0.04538635 -0.01991168
 -0.00087565 -0.04560212 -0.00410781 -0.15083331  0.01522578  0.05245694
 -0.063951    0.02777516 -0.04314477 -0.0348161   0.00869139  0.0453058
 -0.01607441 -0.0103051  -0.05199104  0.03189584  0.00710006  0.05631561
 -0.01837162 -0.01274194]
jane    [ 0.6772815  -0.23413838  0.08483938 -0.01752405  0.08820029  0.01091002
 -0.03452991 -0.10513743 -0.07369868  0.15167959  0.10099028  0.08055239
 -0.00352649  0.15309565 -0.1520832  -0.08286789  0.0139054  -0.03196167
  0.02589071 -0.07440229  0.03397756 -0.08243792  0.02672358 -0.05492754
 -0.05609591 -0.00593911  0.00759267 -0.02538462  0.10413848  0.00892562
  0.01349081 -0.06783675 -0.04370801 -0.01080409 -0.05416787 -0.07827243
  0.04215132 -0.03175679 -0.01302688 -0.03759043  0.0346371   0.00308985
 -0.14325443  0.02892025  0.05236031  0.01032069  0.02978296 -0.02622769
  0.08483112 -0.02836816]
imdb    [ 6.59307085e-01  1.38196057e-01 -2.09909028e-01 -8.28562093e-04
  8.29312834e-02  1.07702842e-03 -4.00114506e-02 -6.44221221e-02
 -1.21771466e-02 -4.01040640e-02  2.28970177e-02 -3.59619325e-02
 -4.89783382e-02  7.14360722e-02  6.50974041e-02 -7.51213678e-02
  2.85777447e-02 -8.11360525e-02 -2.58833160e-02 -5.65503432e-02
 -1.07644127e-01  3.78933477e-02  1.18356270e-01  1.03586151e-04
 -1.28352524e-01  5.12839252e-02  4.50367093e-02 -2.35606907e-02
 -1.06988447e-01  6.26260002e-02  6.58888721e-02 -1.77690803e-03
 -4.69693792e-02  3.19283221e-02 -1.12831552e-01  5.10730356e-02
 -6.13906698e-03  3.64291742e-02 -6.83862541e-02  8.92693175e-02
  1.94953791e-03 -2.73551486e-02 -5.60356107e-02 -1.28323531e-02
  1.54892710e-02 -5.77421538e-02  4.67273651e-02 -1.65670355e-02
  1.74185162e-02  1.16153770e-02]
crazy    [ 7.29973827e-01 -3.16990448e-01 -7.29402353e-03 -9.61491741e-02
 -8.83814652e-02  4.21635564e-03 -5.65551374e-02  1.41674204e-02
 -7.05345945e-02  4.92648065e-02 -7.69636551e-03 -3.87385535e-02
 -4.82460576e-02 -2.83986410e-02  4.62845444e-02 -3.48756029e-02
 -3.48195941e-02  7.24423963e-02 -1.23083726e-01  4.20591869e-02
 -2.48506278e-02 -2.41301161e-02 -1.04596103e-01  7.83025736e-02
 -1.41730075e-02  1.13301527e-01 -6.59596357e-03  2.78105467e-02
  5.62372040e-02 -2.32170195e-02 -1.60767803e-01  7.30054110e-02
 -1.81349177e-01  4.52744390e-02  4.87618773e-03  1.43513425e-02
 -6.35631401e-02  5.16674288e-02  1.30118192e-02 -2.08991828e-02
  7.35080094e-02  6.64056963e-03 -3.26699564e-02  5.63656169e-02
  3.41726569e-05 -5.80926351e-02 -5.51017137e-02  8.86251674e-03
 -3.03527751e-02  3.95453954e-03]
bother    [ 0.60950596  0.00524042 -0.21605471 -0.23856352 -0.06514337 -0.03713633
  0.14190033 -0.17307731  0.21281457 -0.01601356 -0.14920863 -0.05383881
 -0.08821974 -0.03325711 -0.10884437 -0.02551975 -0.01472976 -0.0456331
 -0.07653256 -0.21474521  0.10911727  0.1173817   0.07694251  0.04543532
  0.18574492  0.23249924  0.0828072  -0.01157489 -0.01485364 -0.05268532
 -0.0859741  -0.02980791  0.12922082 -0.06639839  0.07306846 -0.06685393
 -0.05235292 -0.12796867  0.05687076 -0.11604465  0.01651176 -0.06009599
  0.01493559 -0.10604504 -0.04583757 -0.04215626  0.0496461   0.03985984
 -0.06241909  0.02157442]
dramatic    [ 0.78009087  0.08167182  0.24363513  0.00691    -0.047984    0.08877592
  0.00968396  0.19232126  0.05550059 -0.02399002  0.06481847  0.00131297
 -0.01377285  0.10903628 -0.14035008 -0.10745909  0.03407464 -0.00434385
  0.11226215 -0.07700196  0.01171977 -0.01717573 -0.09634419  0.08887753
 -0.01648729  0.04126061 -0.03219573 -0.00504938  0.036946    0.00215981
  0.02037821 -0.01873393  0.01552886  0.0567782  -0.01783072 -0.02405503
 -0.05075612  0.03342944 -0.02531744 -0.03682635  0.0024327   0.05531524
  0.02190181 -0.00358327  0.00137263 -0.03005882 -0.02961104  0.01537187
 -0.0271314   0.03026137]
spirit    [ 7.40853960e-01 -9.43012846e-02  2.60698148e-02  2.75320292e-02
 -9.50887027e-02 -4.75193911e-02 -2.58899245e-02  7.73125453e-03
 -1.31652648e-01  3.26428713e-02 -6.16536690e-03  9.75885343e-02
  3.30258568e-02  2.15378764e-02 -3.12115086e-02 -1.40679811e-02
  5.67463473e-02 -5.31883875e-02  7.13574202e-02 -1.14078551e-02
 -4.44581735e-02  5.14378439e-02 -2.21578202e-02 -4.21504059e-02
  1.97114311e-02 -7.25354682e-03 -3.31798496e-02 -5.70210206e-02
 -4.63421317e-02  6.45160517e-02  2.53247098e-02  2.44681335e-02
  6.21953531e-02  1.66530020e-03 -3.46514513e-02 -2.71587633e-02
 -6.27791654e-03 -1.15703548e-02 -1.33598236e-02 -3.95158082e-02
  2.02881214e-02 -6.96672321e-03 -1.30644142e-02  6.86226447e-02
 -9.08223450e-03  3.97921971e-02  5.76836456e-04  6.64557421e-02
  2.41229699e-02  4.64134554e-02]
fly    [ 0.73266077 -0.23923999 -0.04824035 -0.02922404 -0.04583724  0.07742165
 -0.03093404  0.12517102  0.0443528   0.13635953 -0.13162774 -0.07042673
  0.09467055 -0.00964609  0.07672805 -0.10966316 -0.02257453  0.00818375
  0.05875101  0.08221813  0.0249115  -0.04393344  0.01333974 -0.04566997
  0.02165154 -0.01882876 -0.0107602  -0.05894629 -0.05372982  0.04459396
 -0.00954624 -0.09354693  0.03223817  0.08814432  0.00965254 -0.0523266
  0.08984107 -0.08873153 -0.05389825 -0.00642204  0.06225787 -0.00877451
  0.06494009  0.01543587  0.00522313 -0.08688273 -0.01209647  0.0056646
 -0.0196247  -0.0199789 ]
forward    [ 0.39643143 -0.01519448 -0.06082309 -0.040826    0.02759005  0.06903798
 -0.03416693  0.09251979 -0.10684241  0.0801544  -0.02328563 -0.08868593
  0.02773967  0.22560716 -0.07696103 -0.00594004 -0.01749199 -0.25997645
 -0.17095924  0.15496149  0.10916731  0.13989342  0.07966416  0.14544047
 -0.04991122 -0.13829487  0.05090499 -0.17663591 -0.00478555 -0.10555764
 -0.0716134   0.15302679  0.00876021  0.07472839 -0.040325   -0.0183876
 -0.07957341 -0.06350586 -0.02581008  0.08705864 -0.14617103  0.03174127
 -0.11177296 -0.08581265  0.02395244  0.11724397  0.11776542  0.01823113
  0.01118184 -0.0667996 ]
badly    [ 0.7325101   0.16540077  0.06226278 -0.07087156  0.00078254  0.01522695
  0.10498858  0.11720594 -0.03629152 -0.04416852  0.11435743 -0.06190634
  0.04371142 -0.05964641 -0.09103154 -0.1485421  -0.06471327  0.01668097
 -0.1158236  -0.03221053 -0.07491704 -0.06374099  0.05369977 -0.13508252
 -0.02491047  0.00316021 -0.04558845  0.01838926  0.02939237 -0.00324303
 -0.0036029  -0.05493843 -0.02003646 -0.00898247 -0.05966911 -0.01764011
  0.01576678  0.04769881  0.03597002  0.09809797 -0.07821491 -0.08779524
 -0.00505294 -0.05143109 -0.02575971  0.02022596  0.05628434 -0.06790982
 -0.03205205  0.10031258]
towards    [ 0.47743464  0.03327151  0.01905074  0.07323209 -0.25477837  0.01615036
 -0.01885319  0.13901733  0.04794098 -0.12098764  0.01521675  0.01485326
 -0.17807807  0.11916562 -0.16442236 -0.07649086 -0.00102347  0.39872507
 -0.02885234  0.35842368 -0.21787786  0.20731349  0.0972826  -0.00949408
  0.00948213  0.02454173  0.06931752 -0.02767106  0.0600131  -0.16417094
 -0.02968532 -0.0756093   0.08108195 -0.08276749  0.04422271 -0.06131477
  0.05632676  0.06303663  0.0882562  -0.00352069 -0.0578997   0.13213488
 -0.02565129 -0.01623266  0.05781376 -0.02588735 -0.01632527  0.0244849
  0.02675186  0.00757862]
hot    [ 7.24502281e-01 -1.92143146e-01  5.79327323e-03 -6.86581309e-02
 -1.28751853e-02  1.26666261e-01 -1.56879081e-01  1.06189628e-01
  4.67823914e-02  8.99661933e-02  3.67573497e-02 -1.67701575e-01
  4.55849654e-02  4.42332021e-03 -2.50087587e-02  1.07930570e-01
 -9.31307381e-02 -1.38310918e-01  2.25228885e-02  2.56514000e-02
  6.35570282e-02  4.02349989e-02  4.31323449e-02  5.08369800e-02
  7.85520864e-05 -3.60654361e-03  3.56959084e-02 -5.73011911e-02
  7.47831968e-02 -5.16016042e-02  1.02318815e-02  5.37266589e-02
 -5.08095774e-03  2.10270057e-02  1.99259738e-02 -3.48151441e-02
 -5.56422496e-02  3.14631436e-03 -7.74291712e-02  9.49452216e-02
  6.10824590e-03 -1.14498031e-02 -3.27481825e-02 -1.08302196e-02
  6.81348828e-02  5.27007806e-02  5.43876263e-02  1.37878231e-02
 -2.05169865e-02  5.29437848e-02]
interested    [ 0.74012033  0.02904757 -0.13212264 -0.04959876 -0.04392243 -0.12347471
  0.05053295 -0.08815309 -0.02480159 -0.07773475 -0.0472262  -0.08999138
 -0.09191858  0.17026232 -0.04876     0.09018731 -0.03594262 -0.11629602
  0.00272525  0.06328882  0.03464032 -0.0094813  -0.02571219 -0.04031735
  0.01531945 -0.0526375   0.06266603 -0.04387464  0.06576969  0.02163113
 -0.00802663 -0.0639776  -0.03503486 -0.03922593  0.04636392  0.0776922
 -0.04336181 -0.01098021 -0.03382239 -0.00234206 -0.03607583  0.010871
 -0.00442683  0.00409561 -0.08501496 -0.03704996 -0.01066538  0.01943283
 -0.04575353 -0.00595788]
project    [ 0.80090754 -0.07657349  0.05345965  0.03542146  0.12899962 -0.18199339
  0.04166081  0.06032329 -0.10638311 -0.08380695 -0.10377613 -0.08463842
 -0.0768299  -0.04312028  0.10373764 -0.02307446 -0.04591776  0.04220512
 -0.02242281 -0.00902308 -0.04960266 -0.05967122 -0.01339241  0.00227161
 -0.00572635 -0.01997064 -0.00887006  0.05580156 -0.02660669  0.00954251
 -0.02815954 -0.01448876 -0.03393392  0.05528031  0.00898822  0.02520513
 -0.01815528  0.0337404  -0.00104691  0.04943825 -0.03701535  0.04161845
 -0.01008209  0.03334923  0.03717258 -0.01602687 -0.05465622  0.06337086
  0.01361015  0.04304955]
previous    [ 7.59032905e-01  2.74161094e-01  2.81911972e-02  2.68800541e-01
  5.04542432e-02 -1.66011850e-01 -2.59075202e-02  1.11740014e-02
 -2.36782289e-02  7.04839629e-02 -4.09875042e-02 -6.36241121e-02
 -1.09116853e-01  7.56167022e-02  3.06855953e-02  2.80539631e-02
 -9.71163987e-02  1.25155591e-02 -7.32697397e-02 -4.92901203e-02
 -6.37073520e-02 -4.39036695e-02 -1.09246627e-02  4.17343809e-03
 -9.07890023e-03  1.21785667e-03 -4.71257265e-02  3.58192520e-02
 -7.94778350e-02 -1.30615247e-02  6.56565977e-04  3.63253491e-02
  2.80593714e-02  1.05843876e-03  1.67878530e-02 -5.64094285e-02
  2.47039086e-04  2.15578310e-03 -6.49029336e-03  2.75271432e-02
 -3.59232282e-03 -2.08274414e-02  2.30186692e-02 -7.17602252e-03
  3.25871789e-03 -1.71743563e-02  2.56391669e-02  5.73885725e-03
 -2.10960786e-02 -2.08618123e-02]
costume    [ 0.50196176 -0.01454248  0.20716206 -0.10561675  0.13851356  0.06520277
 -0.04898895  0.17297933 -0.10645179  0.06483827 -0.14371386 -0.04698112
  0.11677943 -0.02871587  0.08517302 -0.0475186   0.06984686 -0.18679587
 -0.10606363  0.14881804  0.06164615  0.09327192  0.03553665  0.05303116
 -0.05843538  0.07073246 -0.06657912 -0.10623447  0.07676177 -0.04615323
  0.09004489  0.00202691 -0.02672139 -0.08065672  0.10720758 -0.13256908
 -0.00458344 -0.01136569  0.0656917   0.011836   -0.12920926 -0.11274319
 -0.08666144 -0.08424366 -0.04932331 -0.04330159  0.1027488   0.12672112
  0.04929791 -0.08120761]
hat    [ 8.02384663e-01  5.58210864e-02 -5.90406159e-02  6.85358816e-04
 -7.89006583e-02  3.30819884e-02 -6.72489261e-02 -8.04148345e-02
  2.30223519e-02  5.26577289e-02 -2.25345968e-02 -6.79189974e-02
 -1.31981907e-02 -1.00603702e-01  4.11209582e-02  4.05134412e-02
  1.16315643e-02  1.08101836e-02  1.62748587e-02  2.35528334e-02
 -1.91422446e-02  6.30766997e-02  7.28989464e-02  9.16900050e-03
  3.05530722e-02 -4.59797372e-03 -2.05251608e-02  4.16820355e-03
  1.92099629e-02 -3.95299285e-02  9.32588114e-03  2.47950822e-02
 -8.34281238e-02 -1.83816192e-02 -5.13232033e-02 -1.26725456e-02
  8.51347147e-02  1.88065708e-02  5.01177329e-03  4.91129596e-03
  8.61813409e-02 -3.66678785e-02 -3.67884205e-02 -8.21660836e-03
 -5.84950250e-02 -3.41342402e-02 -5.94517038e-02 -4.61435956e-03
  5.29042490e-02  1.40854206e-02]
total    [ 0.72914331  0.15125315 -0.1894078   0.02260735 -0.02708495  0.11768387
  0.08152669  0.01392108 -0.02785691  0.04632927 -0.00563079  0.00410192
  0.24254027 -0.01114845 -0.02940622  0.00704    -0.05211636  0.1061083
  0.0314509  -0.0233053  -0.04165527 -0.00716613  0.07450781 -0.01135803
 -0.01616629 -0.00294342  0.03532303  0.02449056  0.04161983  0.09534186
 -0.01869294 -0.00303731  0.02002027 -0.06501669  0.02341239 -0.06767369
  0.05885646  0.04818785 -0.01058274  0.00496505  0.00979223  0.01491868
  0.03008713 -0.03710239 -0.01819798 -0.01738921  0.0575215   0.01267076
 -0.01225196  0.07302981]
sing    [ 0.50142771 -0.12202535  0.03804644 -0.01488391  0.02793692  0.05167893
 -0.03232311  0.00231413  0.13681483  0.02481777 -0.02445531 -0.05157975
  0.05792171 -0.07187516 -0.06380374 -0.05375564  0.02529326 -0.02409592
  0.04365539  0.03386368  0.06289933  0.121708    0.04470462 -0.03199359
  0.04053335  0.22910295 -0.09273519  0.0253451   0.102928   -0.05850557
  0.16103274 -0.05244118 -0.07479929  0.03726052  0.06455768  0.12248339
  0.16263997  0.061151   -0.02009475 -0.0390392  -0.02562826 -0.05810679
  0.06007445  0.14751349  0.0324758   0.01884838  0.07055273 -0.08731449
 -0.07612709 -0.05721828]
lover    [ 0.77545651 -0.0469495   0.01822278  0.1393553  -0.03623545 -0.09037178
 -0.17809937 -0.05644543 -0.08010602  0.0265539   0.09294611  0.05683862
 -0.03531469 -0.06665747 -0.10610211  0.10055811  0.0289699   0.0591327
 -0.0446919  -0.02352696  0.03400507 -0.06610886  0.09950981  0.0160845
  0.01873632  0.01941646  0.01311586 -0.03719018  0.02990797  0.09942305
 -0.0464155  -0.03802378  0.08678161  0.06821706  0.07169571 -0.05349127
  0.07503119  0.03349618 -0.04871632 -0.00447173 -0.01040321  0.02878498
  0.08190763 -0.03311401  0.03980157  0.02092528  0.04437677  0.00888035
  0.01576425 -0.0432978 ]
incredibly    [ 7.80699463e-01  2.18787860e-01  9.30035931e-02 -1.07832574e-01
 -2.63179465e-02  1.04925181e-01  2.30661126e-02  1.33008897e-01
 -5.85023984e-02 -2.38181326e-02  7.39698527e-02 -2.10269855e-02
 -3.96173824e-03 -8.71594747e-02 -5.72708872e-02  3.90095919e-03
  3.11025697e-02 -8.42378169e-03 -1.61299201e-01  3.70673630e-02
  1.46564546e-02 -5.15411626e-02  4.12100639e-02 -3.36850022e-02
 -5.29895167e-02 -5.33837264e-02 -8.50842754e-04  2.13793896e-03
  1.38173581e-02 -1.09330941e-02 -4.59090891e-04  1.82993854e-02
  3.33005647e-02  1.53378604e-02  2.11156191e-02  5.45917355e-02
 -1.38061201e-02  5.08968199e-02 -5.45584447e-02 -3.77510684e-02
  4.05946009e-03 -3.82346406e-03 -3.70569471e-02 -1.53434988e-02
 -4.43410485e-02  7.01205130e-02  8.61515167e-03 -4.29179632e-02
  2.46243461e-02 -4.69512099e-02]
quickly    [ 0.71072098 -0.16935709  0.04174731  0.03757795 -0.12202839 -0.05426957
  0.06982461  0.08580304 -0.05925361 -0.11714475  0.08653355  0.0365256
 -0.06646593  0.0364212   0.02436959  0.04524579 -0.02331137  0.04450867
 -0.04983293  0.01653289  0.05479763  0.05079523  0.01972498  0.02481061
  0.01420752 -0.00875778 -0.00988575  0.04149661 -0.01026737  0.04350283
  0.02832006  0.02816477  0.00729185 -0.09002028  0.04505369  0.04620689
 -0.02060306  0.06979647  0.00727746 -0.00479626  0.05155845 -0.08756853
 -0.07268874  0.04474142  0.04345936  0.01590811  0.07879541 -0.06802648
 -0.06907002 -0.10479228]
plenty    [ 0.78173919  0.11860416  0.04647625  0.0369023   0.02105832  0.10594616
  0.02628174  0.14595059  0.01339658 -0.06386629 -0.08354273  0.01144653
  0.1304785   0.10498151 -0.06701349  0.16939359 -0.01545208  0.04732876
  0.06878945 -0.05104783  0.00883053 -0.02500683 -0.01708734  0.04562833
 -0.05728011  0.00123483  0.09497132 -0.01734962 -0.01323335  0.07505685
 -0.07635596 -0.09895717 -0.02118012  0.01355448 -0.09213753  0.03290304
  0.0016072   0.03930781 -0.01841523 -0.01590529  0.01590125 -0.02142585
  0.02159745  0.07317854  0.03645629  0.00710465 -0.04162622 -0.03617625
 -0.06963747  0.06856399]
creepy    [ 0.75779351  0.04667959  0.1753446   0.00757818 -0.04384239  0.04521084
 -0.0156842   0.12420652  0.00464889  0.03325183 -0.00106001 -0.04254065
 -0.08248723  0.05909066 -0.06649722  0.07621958 -0.0482089  -0.12343139
 -0.03263363  0.10828637  0.05666279  0.0906655   0.07188025  0.11757271
  0.00845412  0.05424845 -0.07418393 -0.11008309 -0.07090652 -0.00340503
 -0.03266457  0.01959644  0.00648496 -0.00869018 -0.00385558  0.0251952
 -0.0597643  -0.02353017 -0.05513739  0.02240819  0.04001628 -0.04148069
 -0.03647712  0.03998701  0.01886654 -0.00342883  0.03773964 -0.01807483
 -0.03961667  0.0167481 ]
personal    [ 0.71392584 -0.06380237  0.1140622   0.08900121 -0.03906696 -0.12895862
  0.10714934 -0.03537328 -0.05507036  0.06408265  0.04127301  0.09639069
 -0.05113228  0.03558906  0.04433665  0.00371609  0.00804088 -0.03925611
  0.08012087 -0.02483899 -0.09240527 -0.01222151  0.00367777  0.02404528
 -0.02515881 -0.02889172 -0.04273637  0.053485    0.04879332  0.06295921
  0.06531237  0.04632876 -0.04256118 -0.01153851  0.01476733  0.0344307
 -0.07493068 -0.0576237   0.07493749 -0.06924205 -0.10664187  0.0334118
  0.02842993 -0.07423481  0.02938337  0.01232628  0.01540349 -0.03624534
  0.02029412  0.00290523]
party    [ 0.75673872 -0.27521046 -0.06876802  0.03771954 -0.05096622  0.00971659
 -0.13722391  0.1101835   0.09418283 -0.00750061  0.08568101 -0.0049009
 -0.01043139 -0.00242061  0.01091088 -0.05770728  0.0282213   0.10510527
 -0.03733241  0.02037722 -0.01907609  0.02118137 -0.08811179  0.03753192
 -0.02223708  0.12426731 -0.03681041  0.08477122  0.01249007 -0.00661929
 -0.04056226  0.02673153 -0.08511653  0.03718745 -0.00374304  0.0673901
  0.00086874 -0.04565536  0.05170109  0.00989528  0.01480075  0.0058513
 -0.00159468  0.01114738 -0.01067002 -0.02554233  0.01122596  0.05768518
 -0.02245464  0.06448978]
cheesy    [ 0.76535498  0.24940022 -0.04824005 -0.19059922 -0.04520703  0.1941737
 -0.15362723  0.14894927 -0.0782477   0.10945506 -0.03550775 -0.00113807
  0.05568715 -0.06362409 -0.02624886 -0.02993307  0.02051132 -0.05548759
 -0.04752145  0.01928136  0.05165429  0.06383403  0.0521552   0.01472099
 -0.07237794 -0.04647006 -0.00331611  0.04092471  0.04625898  0.04119083
 -0.05407789 -0.05595333  0.00611947 -0.01681641  0.03256405 -0.05697287
 -0.06437662 -0.02369653 -0.02210727  0.03527961 -0.05302606  0.06381351
  0.06834357  0.09258833  0.1107529   0.02110366  0.0063565  -0.04089162
  0.02017484 -0.07319036]
control    [ 0.64531987 -0.24926988  0.07736568  0.01449698 -0.12243397 -0.11683802
  0.04541039 -0.02974008 -0.02632221 -0.09411256 -0.0862511   0.02957265
 -0.00672829 -0.07370069  0.08549644 -0.01512787  0.10829053 -0.00881159
  0.02271171 -0.04525006 -0.00488512  0.04554082  0.0704241   0.06865194
  0.0173877  -0.13898735 -0.07807815 -0.02510256  0.02599737 -0.08652542
  0.02458818 -0.01994057 -0.01009746 -0.03039663 -0.09949784  0.02489944
 -0.02837391  0.06481056  0.1047368  -0.04602292 -0.03255282  0.04044833
  0.02402961  0.03466876 -0.07363292  0.02849359  0.00176269  0.02639487
  0.04087066 -0.02754358]
girlfriend    [ 0.73008665 -0.36416829 -0.07328955  0.00529259 -0.01471539  0.03092332
 -0.10955681 -0.09265144 -0.0649443  -0.0538621   0.1256284   0.00575686
  0.08638196  0.01050738 -0.14671329  0.01668406  0.00737002  0.08244632
 -0.00628619 -0.00837273  0.13361768 -0.05420038  0.06468387 -0.00113115
  0.03531009  0.01678987 -0.04297268 -0.00283538 -0.02456232  0.00491159
  0.00806823 -0.09252831 -0.00963877  0.00715626  0.04776485  0.01810282
  0.0052652  -0.01644709  0.00392624 -0.01111093  0.09321645 -0.00610199
  0.04854284  0.00390593 -0.05557987  0.10822781  0.01402756  0.02854918
  0.01219807  0.03559028]
perfectly    [ 0.64902364  0.11808973  0.23543688  0.01897123  0.08982942  0.05017604
 -0.0374966  -0.06862845 -0.00603046 -0.12022937  0.04726227 -0.09244361
  0.15179914  0.00328377 -0.04526825 -0.11982525  0.01542915 -0.02155701
 -0.03135073  0.05969179 -0.05097833 -0.01353571 -0.04697774  0.14469537
  0.1367708  -0.03753528  0.10840706  0.06994641 -0.04812419  0.07546698
  0.08374523 -0.02824183 -0.01093837 -0.04521959  0.0526094  -0.01548187
  0.12131641  0.01807002  0.06387283 -0.02417232 -0.01492534 -0.04423441
 -0.02582367  0.02514044 -0.08796286 -0.00111784 -0.04814691  0.01268063
  0.07817189  0.0142105 ]
beat    [ 0.72840138 -0.32002337 -0.0880887   0.03679904 -0.07870548  0.06178621
 -0.10889276  0.04172106  0.10180602 -0.06062516 -0.0072481  -0.11446422
  0.04917646 -0.12197187  0.11925757  0.07740088 -0.10084502 -0.02433236
  0.06932875 -0.0056415  -0.02156273  0.03932301 -0.04163121 -0.14420355
  0.02906808 -0.02351646 -0.00592667  0.01403674  0.02579093 -0.05765081
  0.0171624  -0.04224702  0.0526908  -0.02192254 -0.03375323 -0.02422872
  0.03162172  0.01093748  0.00783122  0.01907904  0.03361094  0.00377684
 -0.01009433  0.0492693  -0.01488673 -0.02682479 -0.01576059  0.02085649
  0.03145476  0.02729568]
deep    [ 0.83006327 -0.03446507 -0.0328001  -0.05773916 -0.1846828   0.05985875
 -0.03906951 -0.08739571 -0.07779474  0.0146309   0.05134115  0.10506075
 -0.0114338   0.06782984  0.0275916  -0.02592919 -0.03442538 -0.03286573
  0.03708814  0.00541531 -0.07560541  0.06748806 -0.03297158  0.08483281
  0.00473286  0.01219306 -0.01956423 -0.02990995 -0.00379402  0.01909381
 -0.02507881  0.01597882 -0.05353039 -0.0404078  -0.01173199 -0.05636437
  0.01123743  0.0404065   0.01227217 -0.02538256 -0.0505046  -0.01241967
 -0.00125733  0.00380344  0.02602559  0.05764251 -0.05085658  0.04020665
  0.01734717  0.02100241]
unique    [ 8.29782767e-01  1.99986625e-01  1.80418938e-01  4.08999726e-02
 -4.62132487e-02 -1.01147432e-01  1.64247550e-01 -2.32813318e-02
 -7.77149222e-02  9.83929730e-02  9.62605948e-02  3.31675437e-02
 -2.86714865e-02  6.66935617e-02  7.96652979e-02 -3.55185812e-04
 -3.72242544e-02 -5.51609755e-02  4.11463116e-04  4.81505492e-03
  9.18134372e-03  5.73939597e-03 -3.67596725e-02  5.45350316e-02
  2.07017544e-02  2.76541536e-03 -7.04405244e-02 -1.32744843e-02
 -5.68501629e-02 -5.59987293e-02 -3.29775544e-02  2.78187655e-02
  2.68817683e-02 -3.35562518e-02  4.32744110e-02  1.59019397e-02
 -6.64255291e-03  2.23412484e-02  4.02311190e-04  6.13429536e-03
  4.57378085e-02  3.82415318e-04  6.50144984e-02  1.52896543e-02
 -2.25077995e-03  2.18716550e-02 -4.96962900e-03 -3.28189335e-02
  6.48543643e-03 -2.11438388e-02]
plus    [ 7.75422921e-01  1.10975058e-02  1.28962322e-01  3.20399738e-02
 -1.08171942e-02  1.77432479e-01 -3.96973646e-02  9.17944774e-02
  1.29208108e-01 -4.45428851e-02  1.62637397e-02  1.84002947e-02
 -3.17652183e-02  3.07546728e-02 -2.26502420e-02  6.54153886e-02
  6.46771394e-03 -1.44162704e-02  3.57344237e-02  1.49962723e-02
 -3.54421337e-02  4.04610444e-02 -5.01017594e-02  2.46595147e-02
  3.49895697e-03  1.17764352e-02  3.36240044e-02 -2.16764049e-02
 -6.19777254e-03 -9.25951560e-03  3.41565089e-02  6.02190505e-03
 -1.00910929e-01 -3.40155391e-03  1.38568253e-02  7.38049886e-04
  2.81598048e-02  1.04902328e-03 -4.35383083e-02  5.67074590e-02
 -1.40585333e-02  9.12176657e-02 -3.50997330e-03  3.00795064e-02
 -3.22753715e-02  3.68572802e-02  9.37645680e-03 -9.03028491e-03
 -1.50600277e-03  4.40322264e-04]
jump    [ 0.7480442  -0.18392067  0.00420498 -0.01757824 -0.05267286  0.00538591
  0.20242678  0.29248276  0.06024931  0.09421994  0.10555754 -0.06389204
  0.04598642 -0.05066528 -0.06326465 -0.10717507 -0.04361975  0.01847502
  0.09310728  0.03572883  0.04897792 -0.15605935 -0.07513916 -0.01762761
 -0.02922527  0.03547611  0.02887558 -0.02502462 -0.04035448 -0.02940954
  0.01240522  0.01164661 -0.02950324  0.01204825  0.00316912  0.00093828
  0.03323487 -0.02586718 -0.05268802 -0.00207276 -0.01605552 -0.00798492
  0.03004028 -0.02025266  0.00845799  0.01827664 -0.00669996  0.01181917
  0.0120727  -0.02323205]
gay    [ 0.80033002 -0.04707157  0.08773861  0.09425285 -0.08043219 -0.09388917
 -0.0272476  -0.12211149 -0.05067399  0.08168295 -0.00715933 -0.13879748
 -0.03561534 -0.05857181 -0.00529409  0.10984075 -0.08171217  0.01116242
 -0.0553419  -0.01662804 -0.04267137 -0.04120313  0.01097482 -0.04938633
  0.0195996   0.05208515  0.06559607 -0.04081952  0.03234002 -0.00808474
 -0.03318975  0.09309059  0.05772402 -0.04149777 -0.0060101  -0.02578712
  0.01484077  0.03377053  0.04692151  0.00492408  0.01102024  0.01278217
  0.01477383 -0.02014945 -0.02102    -0.0577149  -0.0111677  -0.01721362
  0.01669836  0.03632353]
hardly    [ 8.50554605e-01  6.34503892e-02 -9.04777122e-03 -3.95080228e-02
 -1.50999197e-02 -3.56389496e-02  8.27812103e-02  1.00748829e-02
  8.07176249e-02 -4.25507330e-02 -1.93959897e-03 -2.34867935e-02
 -2.96147703e-02  3.75045233e-02 -3.97978811e-02 -1.52582814e-02
  3.09553696e-02 -3.22358079e-02  9.82236756e-03 -1.40521873e-02
  6.98832726e-02  1.17329738e-02 -3.63684296e-04 -8.04923878e-02
 -6.41151952e-02 -5.23243674e-02  2.11095577e-02  1.43278311e-02
  3.89110830e-02  1.64531132e-02 -2.46387254e-02 -8.02462710e-03
  3.94925078e-02  8.40710535e-02  6.22925093e-02  3.29588018e-02
  8.52680504e-02 -4.12699728e-02  1.19407059e-01 -1.29190798e-02
 -4.38468326e-03 -1.07573983e-02 -5.29620142e-02  7.92499256e-05
  1.76600392e-02 -9.93653116e-03 -3.18552532e-02  5.43791319e-02
  2.01472467e-02  4.02853460e-02]
week    [ 0.66509037 -0.09376666 -0.25712269  0.16206022  0.09478672  0.07374206
 -0.00655809 -0.01116481  0.06975064  0.02042812  0.0791043   0.15723817
  0.07015631  0.12543434  0.05272325  0.02769678  0.04336451  0.00507372
 -0.11487755  0.07159939  0.08325012 -0.12668008  0.11549892 -0.01818924
  0.14193905  0.02806682  0.03994246  0.07038575  0.00644817 -0.03019326
  0.03417874  0.07237859  0.05282981  0.09890308 -0.00960176 -0.09214568
  0.00686494  0.05994217 -0.03002667  0.03606294 -0.09403952  0.07307885
  0.05021594 -0.04499301  0.01742816 -0.01409541 -0.04814593  0.03286783
 -0.00309842 -0.03195299]
bear    [ 0.82706074 -0.07608822 -0.06924133  0.08515104  0.03729986  0.02632385
 -0.03916328 -0.1276445   0.00401286  0.09616825 -0.05446926 -0.05826152
 -0.06888061 -0.0344408  -0.07721075  0.03891743 -0.05818658 -0.01505227
 -0.01882308 -0.04812363  0.05945283  0.04303788  0.03935946 -0.02797239
  0.02017832  0.00656501 -0.04366293  0.07611755 -0.03391394 -0.01926205
 -0.01649273 -0.01964297  0.04178961  0.04553196  0.01010963  0.02443149
  0.05758261 -0.07257632  0.07798673  0.01157295 -0.00840201 -0.01855051
  0.05167526  0.01073014 -0.08220069  0.03272153 -0.02199237 -0.0285148
 -0.02159909 -0.00638647]
trouble    [ 7.04782917e-01 -3.01454150e-01 -1.20488704e-01 -6.86416975e-02
 -1.38400273e-01 -2.14514849e-02 -2.00104938e-02  4.27593619e-02
 -1.52684113e-01 -3.09091678e-01  2.77444431e-02 -8.61812779e-02
 -3.28279131e-02  3.58243577e-02  1.08512722e-01  1.42996295e-01
 -1.35233056e-01  3.33735036e-02  6.97356969e-02 -3.50176517e-02
  4.63552681e-02  3.73364860e-02 -6.60375787e-02 -5.79793131e-02
  5.33381134e-02 -6.86594652e-03  1.02625237e-02  3.87687332e-02
  6.35916014e-02  3.98838710e-02  6.87690336e-02  1.96959133e-02
 -7.20660320e-02  7.10095605e-03  6.79524298e-02 -3.93229382e-02
  3.64487434e-03  3.75409184e-02  1.08002582e-02 -4.38834261e-04
 -2.86514232e-02 -1.51598936e-02 -4.20900364e-02 -1.97249288e-02
  3.66077508e-03  2.29150085e-03  1.28803509e-02  1.81175713e-02
 -1.13121822e-02 -3.14321107e-02]
ghost    [ 0.57955878 -0.10042012  0.14211432 -0.02843705 -0.14689017  0.09983261
 -0.02511505  0.00711664 -0.16586037  0.18697519 -0.02462494  0.30406441
 -0.08091768  0.08200652 -0.08293651 -0.18527101 -0.19823513 -0.26999786
  0.13745683 -0.01203686 -0.0300789  -0.1114996  -0.09350708 -0.01807481
  0.04705375  0.07418651  0.0867742  -0.00720963 -0.01054985  0.01062453
 -0.01763595  0.09453543  0.05285074 -0.00761291  0.03361094  0.03050476
 -0.01545387 -0.09930249  0.0176577  -0.02814861  0.00691921 -0.01259306
  0.01148493  0.03120386  0.03872264  0.00576189 -0.00401052 -0.01717939
  0.0183731  -0.01304481]
70    [ 7.04497599e-01  1.49589118e-01 -1.29916440e-01  1.26608272e-01
  1.75315937e-01  3.58143554e-02  3.76412756e-03  6.76722157e-02
 -1.26486849e-01  1.63345860e-01 -3.07896071e-04 -4.04174581e-02
 -4.31607596e-02 -4.79689324e-02  3.49588059e-02 -1.90259441e-02
  5.43290373e-02  5.22095574e-02 -2.16222681e-02  4.42758957e-02
  6.11784239e-02  5.47793346e-02 -9.01144524e-02 -4.80285469e-02
  1.01900935e-01 -2.74684885e-02 -2.78336595e-03  1.69196666e-02
  3.08016644e-02 -3.26121821e-03 -6.79745439e-02 -1.53496390e-02
  2.50237923e-03 -5.86504457e-02 -2.78396823e-03  5.11096724e-02
 -1.09382349e-02 -5.26161984e-02 -6.58384276e-02 -2.92808895e-02
  1.65600775e-03 -6.09507467e-02 -1.63390357e-02 -3.10075369e-02
  1.36787848e-01  8.91524374e-03  6.12912882e-02 -3.01668429e-02
  6.89831709e-02 -5.86505258e-02]
business    [ 7.69445992e-01 -2.00850864e-01 -2.54842024e-02  1.16293929e-02
 -8.81098136e-02 -5.22717089e-02 -9.56831952e-02 -6.06382435e-03
 -1.40165148e-01 -6.81958374e-02  2.37465407e-02  1.45197456e-02
  6.55558806e-02 -1.16827709e-01  2.27409967e-02 -4.43401242e-02
  1.53601284e-01  5.68735362e-02  3.18674153e-03 -3.40326036e-02
 -2.12090217e-02  4.59511045e-03 -7.23720536e-02  2.65059213e-02
 -1.29674026e-02  1.71922395e-02  3.82364408e-02  4.48059777e-02
  2.03236843e-02 -9.05515566e-02 -3.50651410e-02  3.46861876e-02
 -8.95255146e-02  3.02012903e-02  8.76017248e-04 -1.19044880e-02
 -1.53156285e-02 -7.28190849e-04  3.11281252e-03 -3.03234571e-02
  3.14879247e-02 -3.30953192e-02  1.46703694e-02 -1.98992443e-02
 -1.07777589e-02 -4.68419377e-02  5.03814016e-02  3.14478521e-02
  9.23154592e-03  3.10535721e-02]
answer    [ 0.45527694 -0.1021322  -0.07846715 -0.08064024 -0.03496517 -0.04359449
  0.04073858 -0.0456479   0.07931349 -0.0326332  -0.01809435 -0.00054505
 -0.07190784 -0.00603758  0.03783379 -0.0193961   0.00721836  0.00686963
  0.02023087 -0.021943   -0.04740467  0.03660513  0.0067502   0.03988903
 -0.00508245 -0.0216325  -0.01712936 -0.01168423 -0.04674344  0.04440678
  0.04108698  0.07509613  0.03201024 -0.03436561  0.0352963  -0.03049662
  0.00147533  0.01268525  0.00444214  0.03079004 -0.04945273 -0.06779025
 -0.0650062  -0.00280191  0.03753174  0.03099357 -0.00294616 -0.03507065
 -0.06384153  0.01264279]
design    [ 5.52175972e-01  6.81860856e-02  2.29347222e-01 -9.48023299e-02
  6.49401769e-02  8.17330281e-02  4.56094526e-02  6.08503275e-02
 -4.71146909e-02  2.52008557e-02 -2.23580156e-02 -2.11455826e-02
  8.65482430e-02 -2.04028239e-02  1.49755200e-01  8.34210518e-03
  1.22286561e-01 -9.79710195e-02 -1.46293791e-01  9.03980911e-02
  1.23175916e-01  4.80170485e-02 -1.05122338e-02  3.36869126e-02
 -8.94939414e-02  8.39800065e-02 -8.65082841e-02 -9.80453610e-02
 -1.11527483e-04 -4.47845820e-02  9.30908079e-02 -3.87489502e-02
 -4.60058475e-02 -7.75523064e-02  8.83218913e-02 -7.47326309e-02
  2.46893658e-02 -1.60374440e-02  1.05025491e-01 -4.76039023e-03
 -9.52058363e-02 -1.59022195e-01 -8.39000785e-02 -5.83828317e-02
 -5.08072110e-02 -9.87040373e-02  9.59263151e-02  1.82453075e-01
  9.96258528e-02 -3.96584312e-02]
studio    [ 0.80684565  0.12231252 -0.03989809  0.10837684  0.09246747 -0.23339221
  0.07128343  0.0565863  -0.05299903 -0.08013014 -0.01827056 -0.07432272
  0.01905524 -0.07221795  0.0217239  -0.05315251 -0.00108547 -0.00514286
  0.02955117 -0.00279266  0.05799204  0.02912888  0.01374593  0.00686378
 -0.05322213  0.03143064  0.00221401 -0.04793596 -0.01448804 -0.00908062
  0.00582266 -0.02127795 -0.01428134 -0.01733086  0.04867317  0.00928041
  0.07165133  0.01914755 -0.05860442  0.04836807 -0.03002401 -0.02769459
  0.00545173 -0.00661751 -0.00081999 -0.03733866  0.02494181  0.05013691
  0.02876954 -0.01349389]
thought    [ 0.86539443 -0.0601919  -0.06032245 -0.05476444 -0.02116797 -0.02982012
  0.04420851 -0.03602559  0.08102466 -0.05845177 -0.05893468  0.04259235
 -0.06949432  0.03648642  0.04255745 -0.07320921  0.06043701 -0.00145051
  0.06279291  0.01810332  0.05949377 -0.01864077 -0.00614725  0.00606352
 -0.02416449  0.01316181 -0.01361282  0.02395269  0.06199033  0.05873038
  0.00633096  0.01526371 -0.07000799 -0.02774787 -0.0437601   0.02666739
 -0.03537329  0.01989329  0.00524482  0.04106266 -0.03668892 -0.02170677
  0.00777611 -0.01126104 -0.01038315  0.04765263 -0.06908397  0.05096938
 -0.02628848 -0.01010078]
living    [ 4.64466110e-01 -1.76221175e-01 -1.01972436e-02  2.82736496e-02
 -3.11679675e-03 -5.96496261e-02  8.54734932e-02  4.84449503e-02
 -5.72523800e-02  9.38313417e-02  1.12989446e-01  2.35894464e-02
  1.02371817e-01 -1.59142803e-01 -6.86599048e-02  3.29754768e-04
  1.04957976e-01 -1.19562261e-02 -2.38370670e-02  8.26339258e-02
 -5.66625489e-02  4.23270200e-03 -1.70732993e-02 -6.85105472e-03
 -3.78171716e-02 -1.54743047e-02 -7.63084348e-03 -7.40271760e-02
 -8.37120563e-02  5.42801912e-02  1.21659986e-02 -1.18203277e-02
  2.54066278e-02  4.08662196e-02 -3.46248975e-02  2.28838153e-02
 -3.39419588e-02 -9.82637169e-02  9.85979640e-02 -7.25358842e-02
  1.16249526e-01 -8.84019960e-02  4.18365017e-02  7.38734928e-03
 -5.34576066e-02  7.12796480e-02 -4.30509850e-02  4.54892941e-02
 -8.51522475e-02  3.18450875e-02]
christmas    [ 8.01740337e-01 -2.96175897e-02 -1.18703682e-01  3.61872933e-02
 -9.94061140e-03  4.27267367e-02 -6.18958049e-02  2.17596578e-02
 -3.75695538e-02  6.97561014e-02  7.47333479e-02  1.38247566e-01
  3.60370091e-02 -1.46017319e-02  1.83038013e-02 -1.13441324e-03
 -6.53238635e-02 -8.73792875e-02  8.76461374e-02  6.85809594e-03
  3.20476441e-02 -1.17635315e-02 -3.72388631e-02 -1.07244360e-02
  1.65275475e-02  8.87741784e-02 -3.12707401e-02  4.60613213e-02
 -5.42852414e-03  1.02877340e-02  7.16352142e-02 -5.34391318e-03
  3.29488772e-02 -2.80706441e-02  1.31122115e-03 -4.06318644e-02
  1.98001020e-02 -5.82471443e-02  3.05557681e-02 -2.92102739e-02
 -1.21170344e-02 -2.82826287e-02 -1.00905187e-02 -9.71115928e-03
 -7.62909249e-03  4.94503766e-02 -1.77991272e-02 -2.35732554e-04
  8.20911953e-02  7.09593292e-03]
potential    [ 0.79029922  0.18164901  0.04810696 -0.10700714  0.00787682  0.05217582
 -0.01645199 -0.02811369 -0.02137285 -0.02102767 -0.04477646  0.11817252
  0.00637546  0.00441505 -0.01174019  0.05116064  0.09540531  0.00301894
  0.15457347  0.0018625  -0.01902952  0.06767737 -0.05754022 -0.05522791
  0.06390054 -0.07061878  0.03786525  0.02657058  0.00901754 -0.08818878
 -0.0536168   0.08725405 -0.07996464 -0.04934389 -0.01110957  0.00608177
  0.11756604 -0.06999242  0.0448192   0.12306363  0.01504768  0.01967372
 -0.05603679  0.00982019 -0.06122489 -0.05343374  0.01692626 -0.01336094
 -0.05503362 -0.05736128]
color    [ 7.07438958e-01  5.36850926e-02  1.36763544e-01  7.78849264e-02
  9.21345634e-02 -1.24035127e-01  5.47577498e-02  1.82720818e-01
 -6.59842694e-02  7.53929473e-02 -1.53813141e-01 -1.02199919e-01
  6.18974897e-02  3.46115693e-02  3.09793614e-02  4.22891561e-02
  5.48842137e-02 -1.10467245e-01 -2.64788206e-02  3.39655726e-02
  6.01866804e-02  2.79045696e-02  8.77261777e-02 -1.71505755e-02
 -1.47668705e-02  6.90916093e-02 -3.38053939e-02 -1.10379229e-01
  6.08561360e-02 -4.05246088e-02 -2.15548828e-02  1.02391165e-01
  1.23809762e-04 -1.35988442e-01 -3.39151964e-02 -5.60866292e-02
  1.02431186e-01  9.28268555e-02  2.37125318e-02 -5.54291838e-02
  5.27735293e-02  3.43894487e-02 -2.00651379e-02  1.94289745e-02
 -1.64651529e-01 -4.29965770e-03 -5.94536545e-02 -1.16283185e-02
  5.03794796e-02  1.07137360e-02]
rate    [ 0.75896538  0.27653124 -0.20458686  0.0574705   0.05791692  0.03115684
 -0.09781636 -0.10895121  0.10999215 -0.06813749  0.05829019 -0.01389003
 -0.0012377  -0.08714609  0.09589959 -0.09931167  0.09111952  0.01132946
  0.06974056  0.06796554  0.06970199 -0.12127963  0.12887124 -0.01258294
 -0.02711513 -0.02604026  0.09330987 -0.00547889  0.04117573  0.0479796
  0.05745618  0.05481234 -0.00337451 -0.02372686  0.03126394 -0.02911482
 -0.07042439 -0.01086078 -0.11081058  0.03405271 -0.02863137 -0.05175562
  0.01215697  0.03104488 -0.01992802 -0.01258718 -0.10826251  0.02419016
 -0.04615254  0.0014792 ]
adventure    [ 0.79817558  0.08318383  0.06594076  0.05432951  0.00413468 -0.05760356
 -0.07715722  0.03370385 -0.04286768  0.06203837 -0.01415283  0.18656437
  0.01118908 -0.01682037  0.05695084  0.07579049  0.01848252  0.07479404
  0.0882122  -0.02218388  0.08044466  0.01169297 -0.0448365   0.09142717
  0.03477867  0.03699884  0.0331263  -0.00326907  0.08723271  0.02642005
 -0.03842582 -0.11669984 -0.06684821  0.01002153 -0.00706146 -0.06302142
 -0.04372501  0.03166727  0.01081402  0.07785972 -0.01504643 -0.02358535
 -0.00919571  0.0054647  -0.0048182   0.02414038  0.00217123  0.00193888
 -0.0276306   0.00155197]
various    [ 0.74088112 -0.05828935  0.21934033  0.18480373 -0.17295969  0.02702205
  0.15954097  0.00958934 -0.00235144  0.04993638  0.00129186 -0.15312581
  0.13903488  0.10452501  0.11187999  0.02740886  0.0544767   0.00300019
 -0.05051023 -0.08751688 -0.07046547 -0.05016776 -0.08253313 -0.018815
 -0.06798616  0.00558143 -0.00282278  0.0165768   0.00333508 -0.02424504
  0.02571525 -0.02232308  0.00381143 -0.01248504 -0.02414519  0.06615946
 -0.0446061   0.0830531   0.0354171   0.00782329  0.04606143  0.01021573
 -0.00288837  0.04971893  0.03942354 -0.07642645  0.04113526 -0.00570151
  0.02674332 -0.02512439]
band    [ 0.62748123 -0.22914105  0.07691562  0.06301903  0.13143416 -0.00965402
 -0.0581338  -0.01031064  0.04863312 -0.00136057  0.01044575  0.01743106
  0.046845   -0.01620578  0.01048134 -0.0048641  -0.00272774  0.03173352
  0.01211531 -0.0440393   0.01482665  0.04082694 -0.05133796  0.01290221
  0.03003808  0.06273498  0.01900935 -0.00073444 -0.03112991 -0.06279626
  0.07008113 -0.03272802 -0.01661028  0.01463297  0.14916287  0.09675366
  0.07511229  0.0116038  -0.04459603  0.00707445 -0.12600314  0.01541344
  0.04768186  0.10517183 -0.06577072  0.04827613  0.0986929  -0.04009403
  0.00984338  0.06830934]
edit    [ 7.41972410e-01  1.76757044e-01  1.01201119e-01 -3.43398744e-02
  3.71091819e-02  2.48209550e-02  2.97853799e-02  2.16409645e-01
  2.84463935e-04 -7.00164062e-02 -1.18742109e-01 -5.76691945e-02
  5.55934761e-02 -3.17940055e-02 -5.99488843e-02 -1.34727062e-01
  4.38279001e-02 -5.81773665e-02 -3.91477440e-02 -4.68202170e-02
  3.88030587e-02 -6.91680535e-02  9.88881556e-02 -9.26780801e-02
 -1.46007821e-02  5.15223764e-02 -1.32600337e-01 -2.71290332e-02
  9.58677287e-03 -1.71183385e-02  5.31203015e-02 -7.99563598e-03
  4.28293579e-03  6.81452589e-03 -3.96637293e-03 -3.35308988e-02
  3.97809879e-02  6.20272174e-02  5.28431645e-02  7.54649256e-02
 -5.67957696e-02 -3.02746960e-02  2.90177412e-02 -1.77414417e-02
 -2.98982357e-02 -5.95636204e-03  7.25453480e-03 -4.02324163e-02
  3.38526596e-02  9.81705513e-03]
scifi    [ 0.69958216  0.31846372 -0.13147418 -0.00202624  0.03090167 -0.04091818
 -0.13094208  0.00301786 -0.06066371  0.09633911  0.07991681  0.08608261
  0.03664547 -0.00138071  0.04305283  0.05355248  0.04890737  0.01212493
  0.05641773 -0.01057666  0.06352437  0.01734261 -0.06090112 -0.04800647
 -0.01958236 -0.00574922  0.05960416 -0.00370671  0.02088585  0.02547425
 -0.08797743 -0.0980729   0.04233355 -0.03162419 -0.03014516 -0.02539506
 -0.02489396  0.01240421  0.00979674  0.02283533 -0.00784525 -0.02826367
 -0.03066098  0.03342733  0.0376693  -0.00463077  0.02861028 -0.01868323
  0.05027057 -0.0717361 ]
award    [ 4.11791869e-01  6.23879781e-02  2.90527641e-02  7.56312963e-02
  1.75173513e-01 -2.16305666e-02 -6.06174535e-02 -5.99893446e-02
  4.01774547e-02 -1.84283359e-01  2.36960439e-02 -1.67573595e-02
 -1.12197083e-02 -3.57058340e-04  4.46250828e-02 -5.70639992e-02
  5.47374005e-03 -2.43302914e-02  7.68831322e-02  2.94944865e-02
 -4.12888930e-02  7.06659883e-02 -8.25489023e-02 -4.97941899e-02
 -9.58259299e-02  2.21830565e-02 -3.17105151e-02  4.54981155e-02
  1.40450489e-01 -3.42260250e-02 -5.02133327e-02  8.78058984e-02
 -4.09861076e-02  1.89816272e-01 -4.45570975e-02 -1.99305970e-01
 -1.28065853e-01  3.84914482e-02 -2.98022676e-02 -2.38059153e-01
  1.93865746e-01  4.51113634e-02 -4.03136253e-02  1.97905994e-03
 -6.77567889e-03  1.13944397e-01  2.86826743e-01  5.28995902e-02
  1.17840435e-03  5.89706660e-02]
cat    [ 0.61894252 -0.26011501 -0.01113725  0.00143334 -0.00448649 -0.01114031
 -0.17423289  0.03833324 -0.00638433  0.16658232  0.05491658 -0.03050495
 -0.01392085 -0.02870532  0.06001011 -0.01114089 -0.02310254 -0.04538603
 -0.05510443  0.05785788 -0.02925927  0.00344101  0.07014189 -0.00980547
 -0.00469121  0.00522679  0.03983974 -0.05460387 -0.02652938  0.03750629
 -0.01096971  0.08968478  0.00935218 -0.0410056  -0.05670469  0.00112842
  0.07994896  0.09176104  0.02949287 -0.04854791  0.05771414  0.01136013
  0.0347463  -0.01138655 -0.17611397 -0.0901225  -0.02969164 -0.05473485
  0.03352497  0.06016292]
powerful    [ 0.83420322  0.18897263  0.1450291   0.14274387 -0.03116159 -0.14245396
  0.04073288  0.09154071  0.09296311 -0.01104656  0.09100991 -0.01025375
 -0.06724573 -0.01660604 -0.05784622 -0.03399026 -0.03643902 -0.07011793
  0.05194282  0.03937632 -0.05031591 -0.02182031  0.00796821  0.05184016
 -0.02126652  0.02456976 -0.08346104 -0.03379373  0.00872516 -0.00178987
 -0.02092913  0.01767239  0.06501099 -0.01534356 -0.05534554 -0.03613165
  0.01760751 -0.0433461   0.04659806 -0.02031439  0.04974935 -0.01471574
 -0.01273772  0.02047265  0.03680398  0.01607862 -0.0097511  -0.01266591
 -0.00440881  0.03168445]
front    [ 0.54555688 -0.21929207  0.01608194  0.02163517 -0.04364994 -0.03367804
 -0.03065758  0.07739521 -0.04007774 -0.02194942 -0.08823654 -0.0593257
  0.09321679 -0.03463944  0.07711158 -0.06940321  0.03215516 -0.02169455
 -0.06020525  0.03745607 -0.06882332 -0.05679204 -0.03920303 -0.05866799
  0.12101591  0.02309144 -0.04657221 -0.0029349  -0.05642813 -0.03896548
 -0.06737208  0.00186544 -0.0356094  -0.03066758 -0.07516644 -0.00120178
  0.06677451 -0.02603877 -0.07324024 -0.05910302 -0.06063354 -0.00479052
 -0.0324732   0.00406962 -0.01625309  0.05384698 -0.03681449 -0.03110283
  0.04097555 -0.05417904]
ben    [ 7.52461734e-01 -2.38936575e-01  1.39886171e-01 -1.04817437e-01
  1.10741130e-01  1.23863292e-01 -4.19963209e-02 -1.53785319e-01
 -9.88400023e-02  4.68909290e-02  8.26100982e-02 -6.51844808e-02
  4.25833008e-02  5.78241254e-02  1.32111816e-02 -3.76997064e-02
 -1.52354939e-02  1.36332444e-01  2.27893881e-02 -5.77175948e-02
  2.80150164e-02  8.92415862e-03 -8.70974542e-03 -5.39251239e-02
 -5.61482581e-02 -6.74833996e-02 -4.95509132e-02 -5.15703658e-02
 -4.67573219e-02  1.41211091e-04  1.74968471e-02 -3.84029087e-02
  3.28131937e-02  1.38005591e-02 -1.51774990e-02  1.13032816e-02
 -1.49479343e-02  6.27707704e-03  5.12381777e-03  4.37575461e-02
  1.25933373e-02 -1.38311815e-02 -3.94368664e-03  7.85103957e-03
 -7.59989583e-02  4.73452269e-03 -2.87481093e-02 -9.71776384e-03
  5.68523287e-02  3.34521474e-02]
term    [ 0.71355731  0.08308035  0.11123681 -0.0048322  -0.06729126 -0.00482326
  0.00312461  0.00520702 -0.08877546 -0.05291938 -0.08114995  0.07901631
  0.01110944  0.02687027  0.10818143 -0.03157919  0.09195586 -0.08367866
 -0.07210313 -0.06032437  0.08138644  0.13920566  0.03904865 -0.08364156
 -0.10826367  0.05913934  0.00446109  0.11998829 -0.02874293  0.14081332
 -0.00578522  0.07983149  0.18694499 -0.1087206  -0.1149476   0.02782814
  0.0358274   0.02841296  0.01009306  0.11212579  0.07000139  0.11069631
  0.07661222  0.02857518 -0.02693093  0.00117929  0.0581869   0.05305985
  0.05623122  0.00420301]
inside    [ 7.14932435e-01 -3.05252815e-01 -4.87061380e-02  2.79514857e-02
 -1.24919525e-01 -1.35984329e-02 -6.95158276e-02  1.17308963e-01
 -4.09158454e-02 -2.25131671e-02  3.67536352e-02 -9.64977810e-02
 -9.29158218e-03  1.13571415e-01  1.22840669e-01  4.19606387e-02
 -1.67011398e-02 -1.33031475e-01 -6.24572524e-02 -3.15249233e-02
 -1.04521940e-01 -2.63144438e-02 -8.85990928e-02  3.44055602e-03
 -2.70078983e-03 -8.53987492e-02  8.99877889e-03 -6.11600136e-02
  5.25137945e-02  1.30097863e-02  8.69493131e-03  4.79462453e-03
 -8.43601728e-02  3.96486688e-02 -1.96935215e-02 -5.26979507e-03
 -1.22065077e-02 -3.80046216e-02  9.26182358e-05 -3.50025369e-02
 -3.98818224e-02 -5.78526744e-02  2.48787234e-02 -2.86437543e-02
 -2.71382512e-02  6.57692558e-02 -3.42568193e-02 -6.74372301e-03
 -3.67292197e-02 -3.52793472e-02]
amount    [ 6.66747228e-01  5.69494106e-02  7.72919647e-04  5.12596560e-02
 -1.68597278e-02  5.76497147e-02  1.53049474e-01  6.81562213e-02
  5.35895633e-02 -6.44552374e-02 -1.49933047e-01  1.54392680e-02
  2.69613979e-01  3.26453362e-02 -3.14414672e-02  1.18895273e-01
 -7.41585309e-03  7.35971616e-02  9.42283331e-02 -9.61223629e-02
  1.33325997e-02 -7.82506657e-03  5.19079405e-02  5.61383188e-02
 -8.83609001e-02 -6.37104644e-02  1.14968889e-01 -8.38966458e-04
 -2.31924391e-02  3.10172968e-03 -9.35410923e-02 -2.99381512e-02
 -6.89248134e-02 -7.13960293e-02 -5.13921890e-02  1.63528927e-02
  4.79724609e-02 -4.38327271e-02 -2.17116759e-02  1.70890895e-02
  3.25410954e-02  1.55136281e-02  5.35450150e-04  6.04495827e-02
  2.29976111e-02 -1.40003850e-02 -1.06920187e-02  3.72298931e-02
  6.20292862e-03  1.03847871e-01]
flaw    [ 0.81435403  0.31288952  0.0765433   0.0343526  -0.12102825 -0.03529182
  0.03611821 -0.09077445 -0.02103918  0.01490354  0.06596732 -0.01394893
 -0.05415283  0.02553514  0.1051179   0.04660874  0.01214953  0.0445202
 -0.06669164  0.01143137  0.02708554  0.00924976  0.02349081 -0.04054205
 -0.01625988  0.00125217  0.00600478  0.03023567 -0.05148957  0.03577113
  0.05098858 -0.01371128 -0.00444643  0.02157038 -0.02335415 -0.04069355
  0.048111   -0.03511734 -0.05339718  0.00767383  0.01893496  0.003218
  0.01018675  0.03517278 -0.03739909 -0.06137725  0.02596524  0.01384574
  0.00095931  0.01969995]
success    [ 0.80167322  0.11169404  0.02914313  0.19019292  0.06287252 -0.15851317
  0.04217935  0.0149328  -0.03904803 -0.02010025  0.02919639  0.07854783
  0.01508492 -0.08486416  0.03057843  0.00453887  0.06389332  0.03379322
  0.07033577 -0.02826157  0.05388378  0.07996035 -0.00755466 -0.05121786
  0.04007377  0.00527198  0.03887094  0.00564305 -0.0821992  -0.00098909
  0.05269098  0.03134358 -0.02143464 -0.00192152  0.03355622 -0.05507662
 -0.03689365 -0.00141259 -0.06426556  0.03970756  0.00267691 -0.01637861
 -0.04017211  0.01799016 -0.04346378 -0.05268084 -0.01336425 -0.02197175
  0.00305853  0.03195193]
30    [ 0.44145106  0.01755921 -0.23987397  0.41899576  0.22732187  0.39244819
  0.19947905 -0.00420768 -0.1105725   0.03795879 -0.07018783 -0.04966339
 -0.23260724 -0.11471819  0.01448384 -0.09530999  0.07264626  0.02212982
 -0.08126411 -0.02705223  0.09771135  0.05091428 -0.07563095  0.00552089
  0.20995261 -0.12998218 -0.01241965 -0.08795713  0.14462998  0.12777009
  0.04348585 -0.00492046 -0.05768977 -0.1015423  -0.02160923  0.07591942
 -0.00260528  0.0092136   0.00359899 -0.02828383  0.02962391  0.01550832
  0.00216245 -0.00348154  0.04973773  0.00601585  0.02671025  0.0267829
  0.01659287  0.07750533]
eat    [ 0.71085944 -0.37425923 -0.18539861 -0.07802413 -0.07353421 -0.00344925
 -0.00473287  0.04367366  0.03552142  0.05199643 -0.04748711 -0.12136775
  0.04302006 -0.07117481  0.08197263  0.0098202  -0.07102985 -0.07579715
  0.08007397  0.06646678 -0.13602565 -0.06181379 -0.04448458 -0.02284013
  0.01641021  0.04095503  0.04414298  0.03429476  0.01935447  0.0226852
  0.01525689 -0.00801023  0.00463034 -0.11051109 -0.05345543  0.02491883
 -0.07170462  0.0048375   0.00323674  0.00194621  0.05295414  0.0539257
  0.02972403  0.02189993 -0.04479109 -0.00513217 -0.00534915  0.03536742
 -0.03719811 -0.02952216]
la    [ 5.74160203e-01 -1.14456934e-01  9.28026985e-03  2.15110775e-02
  4.47886488e-02 -2.57583841e-02 -6.51606529e-02  2.29847700e-02
 -1.06633301e-01  6.53695827e-02 -9.73257580e-03  1.81138460e-04
  5.76836536e-02  1.78320796e-02  1.85809767e-02 -4.46060104e-02
 -2.75808010e-02  2.91019216e-03 -2.25951614e-02  3.28785044e-04
 -3.55979681e-02  2.08417971e-02 -1.88999068e-02 -3.85810499e-02
  1.85109732e-02  2.69358849e-02  2.24550898e-02 -8.10479501e-02
 -2.43210841e-02  4.96029004e-02 -1.31704176e-02 -2.39422287e-02
 -1.00781214e-02  1.13342585e-02  1.09325683e-02 -3.98988633e-04
 -1.23417386e-01 -2.79595918e-02 -2.44954079e-02  6.57070715e-02
  2.41912471e-02 -2.66315890e-02  7.19817925e-03 -3.70145640e-02
  9.03392969e-03  2.93179907e-02 -2.94573615e-02 -4.85121783e-02
 -5.46027102e-02 -7.66452808e-02]
apart    [ 0.640975    0.03433596  0.04555075  0.06212964 -0.09931479  0.06695499
 -0.03209267  0.02980607  0.01136172  0.01482802 -0.01123726  0.02367474
  0.01695218 -0.00330072 -0.01093012  0.02499527  0.05778182 -0.02682073
 -0.07416799  0.01157224  0.02047004  0.01695678  0.02682996  0.05889803
 -0.01970025 -0.00551685 -0.02694078 -0.00909536  0.08030646  0.01272326
 -0.01551559 -0.00462916 -0.04021821 -0.04776999  0.12933966 -0.07736442
  0.0033921  -0.02762258 -0.01178011 -0.00240258 -0.04907941 -0.11992939
 -0.10053307 -0.10731949 -0.03098733  0.01713548  0.06224572  0.06720618
  0.095756   -0.13090343]
outside    [ 7.17645670e-01 -1.13454520e-01  4.43034336e-02  1.52015771e-01
 -1.18094111e-01 -1.69386910e-01 -7.50710376e-03  3.75017197e-02
 -4.58920375e-02  5.94725357e-02 -9.02044104e-02 -2.26382124e-02
  4.37892046e-02  6.52614620e-02  4.75663825e-02 -3.18819752e-02
  8.46560203e-02  9.88084554e-05 -1.36332114e-01  5.20526875e-03
 -6.66765389e-02 -2.88203722e-02 -5.02462999e-02  7.56718181e-02
 -5.72635351e-02 -4.10426790e-03  4.09768528e-02 -4.59263929e-02
  6.49978867e-02  2.29892614e-02 -5.49914108e-02  2.98289890e-02
 -1.29579785e-02  5.29098613e-02  6.70745506e-03  7.56070997e-02
  3.93337932e-03 -2.11174269e-02  8.88879328e-02 -1.60713629e-02
 -3.49508057e-02 -6.29757128e-02  5.14516177e-02  2.54384890e-03
 -4.96912156e-02  4.50352573e-02  9.79204215e-03 -5.56262952e-02
 -5.84270435e-02  1.72099985e-03]
rich    [ 0.61806617 -0.34175241  0.12455667  0.02795417 -0.13489865  0.0703285
 -0.07954105 -0.02016701 -0.16391506  0.0274557   0.08103849 -0.08843819
  0.00605524 -0.21046937 -0.04612292  0.14067301 -0.06555836 -0.11484187
  0.01249719  0.05966411 -0.03290831 -0.04384459  0.03427305 -0.03677774
 -0.02955634  0.05838374  0.03588501 -0.09289343  0.09819329 -0.05523307
 -0.00841748 -0.02362951  0.01059816 -0.05948981 -0.0436237   0.03505158
 -0.03910465 -0.00758316  0.02997113  0.03648694  0.06186534  0.04719141
 -0.10118399 -0.02320054  0.04083712 -0.05149995  0.03660663 -0.03930446
  0.03043965  0.01778809]
spoiler    [ 6.68459979e-01  3.15333409e-02 -1.58000492e-01 -1.25851494e-01
 -1.12145714e-01  5.96891381e-02 -1.96509964e-02  5.75942308e-03
  9.41240300e-02 -1.16122390e-01 -5.18379720e-02  4.05458507e-02
 -1.51661654e-01  7.35211800e-02 -1.03981159e-01 -7.78053035e-02
 -2.30079025e-02  1.58162011e-01 -1.68175967e-02  5.26111309e-02
 -1.56402816e-01  7.99613175e-02  7.25463280e-02 -1.36541289e-02
 -3.01491536e-03  5.85629332e-02  8.16603372e-02 -3.43731463e-02
 -7.45983150e-02 -4.55860766e-02  5.23877681e-02 -6.30993568e-02
  2.99747095e-02 -4.80059895e-02 -4.78730466e-02 -4.58400675e-02
  5.09418618e-02  4.54570454e-02 -1.20900719e-03  3.42918092e-02
  7.33213275e-03  3.27194017e-02  2.11363257e-02 -2.51708235e-02
  4.14796436e-02 -1.64417345e-02  4.75962848e-02  6.06777343e-02
 -2.24163962e-04  2.11891636e-03]
dumb    [ 7.92065228e-01  1.11063933e-01 -3.84743645e-02 -1.83996102e-01
 -1.44192192e-01  1.59058298e-01 -2.41200158e-02 -3.61820722e-02
  5.76611601e-03  1.04869042e-01  1.28749550e-01 -7.27422736e-02
  7.85206171e-03 -7.94224631e-02 -2.48701773e-02 -1.12582731e-02
 -1.95438999e-02 -1.22484958e-02 -1.11820186e-02  1.71935657e-02
  7.10899271e-02  9.34630649e-02 -5.30621817e-03  4.35320616e-02
 -1.05311238e-02 -3.52385436e-03  4.04847206e-03 -3.81068537e-02
 -2.96941067e-02 -1.54285552e-04  1.59184371e-02 -1.05122179e-02
  5.49800962e-02  3.93440168e-02 -6.35839423e-03  5.19356961e-02
 -1.37571924e-02  4.38193723e-02 -6.58207290e-02  4.87537180e-02
  1.03350078e-02  4.42060111e-02 -3.52239234e-03  6.93862185e-03
 -7.84959587e-03 -3.00807692e-03  2.24726343e-02  2.31114084e-02
 -9.94271263e-03  2.71918283e-02]
fairly    [ 7.37391180e-01  1.91538048e-01  1.69116714e-01 -9.24402672e-02
  3.75310954e-02  1.34885228e-01 -8.58792026e-02  2.61423294e-02
 -5.21847277e-04 -1.37630709e-01 -1.00623183e-01  1.23697349e-01
 -3.08689078e-02  2.20834168e-02 -3.44070624e-02  1.20380467e-01
 -1.48962250e-02 -1.34247982e-02 -2.83589834e-02  8.74042414e-02
  1.95312343e-02 -8.35437040e-02 -6.51152151e-02  5.19380851e-02
  1.81700040e-02 -3.17080456e-02  1.37096807e-01 -5.75360067e-02
 -1.48546919e-01 -3.90122325e-02  8.60513738e-02  1.01514980e-02
 -3.23098745e-03  1.77932029e-02 -7.00103085e-02  8.96828977e-02
 -1.79997777e-02  7.57236253e-02  7.82433211e-02 -4.86697571e-02
  3.66149346e-02 -1.43635771e-01  7.63488136e-02  2.02571849e-02
  1.26800922e-01 -2.30384866e-02 -4.13843615e-02  5.56349590e-02
  6.97093084e-02  6.12211810e-02]
blow    [ 5.31794520e-01 -8.28596756e-02 -1.29239959e-01 -1.21296823e-02
 -1.37687165e-01  5.25360601e-02 -9.62783592e-02  5.33551219e-02
  1.16892576e-02 -1.28709137e-01 -1.46811847e-02 -2.80630499e-02
  2.23591856e-02 -5.27483427e-02  8.73311455e-02 -7.95828188e-02
  1.86381829e-02  1.08020447e-02  5.72573419e-02  8.65146374e-02
 -8.66520557e-04 -1.70251310e-02 -8.63346737e-02 -5.98066164e-02
  1.46341946e-01 -7.14534905e-02 -6.68773503e-02 -6.82193576e-02
 -1.06508436e-01 -4.88535974e-04 -9.73613400e-02 -1.33212997e-01
 -2.53296375e-02  5.31099317e-02 -1.15226551e-01 -2.80860743e-02
  1.45426622e-01 -9.36759000e-02 -1.89284826e-01 -9.13954987e-02
  3.66748454e-02  2.45835524e-02  2.20226974e-01 -1.99986816e-04
 -3.58842878e-02 -1.12290481e-01  1.29297701e-01  1.05647197e-01
 -7.29617151e-02 -1.83847894e-01]
political    [ 0.76396993  0.10700022 -0.01881131  0.0542207  -0.0227654  -0.12663928
 -0.01862465 -0.00968998 -0.03896061  0.02694441  0.01218745  0.05284742
 -0.02654303 -0.06543049  0.02937549 -0.01878487  0.04041841  0.00816749
  0.06612429 -0.06088295  0.01456995  0.05616819 -0.00101517  0.06256108
 -0.0935331  -0.07575504  0.00469234 -0.0061551  -0.00186979  0.01504735
  0.01057959 -0.01818933 -0.05581969  0.00472491 -0.00546921  0.00654241
 -0.03734377  0.03695269  0.01450692 -0.05373825 -0.02357686  0.01655804
  0.00464829 -0.04483679 -0.05710911 -0.0082052   0.00171854  0.00210429
 -0.05593459  0.04173025]
lie    [ 8.29128208e-01 -3.52357744e-02 -1.63179483e-02  3.25623754e-02
 -8.52340036e-02 -3.32640998e-02 -4.02957481e-02 -2.04208392e-02
 -5.07759667e-02  4.60932197e-03 -7.53127549e-02 -1.66146468e-02
  1.90592310e-02 -1.45600589e-02 -7.18897863e-03 -7.84190982e-02
 -6.24980836e-03 -2.01935082e-02  2.95874870e-02 -3.99765123e-03
 -4.97242274e-02  1.85009787e-02  1.03163830e-02  1.28371740e-02
 -7.76736354e-03 -5.10047923e-02  3.31745550e-03 -1.02063946e-02
 -4.55824324e-02  6.07024130e-02 -9.24164837e-03  7.89183435e-03
 -7.22777017e-02 -6.87544400e-03 -3.61716338e-03 -4.37889272e-02
 -1.70749164e-03 -1.51655541e-02 -5.19557713e-02 -2.64323982e-02
 -1.24122686e-02 -4.39395587e-02 -1.01549852e-02  1.53493987e-02
  6.37483365e-03  2.25287217e-02 -7.99986234e-04  3.04154117e-02
  4.58969837e-02  1.40194678e-02]
company    [ 7.60458088e-01 -5.63163319e-02 -4.71636058e-02  7.99713165e-02
  8.14880462e-02 -1.82063386e-01 -2.36848816e-04  6.81482161e-02
 -1.17151654e-01 -9.15849808e-02 -1.29216136e-03  3.17339460e-03
  5.16980186e-02 -9.90513727e-02  4.91830465e-02 -4.25383686e-02
  5.06093734e-02  6.33908111e-02 -5.39322503e-02  1.02112644e-02
  7.59809630e-02 -1.88103426e-02 -3.69189561e-02  1.22195359e-02
 -4.67135539e-02  5.21430421e-02  1.82408236e-02  3.25780040e-02
 -6.23096976e-02  2.12863816e-02  4.38358838e-02 -8.38767210e-03
  1.70086647e-02 -5.92110886e-02  7.63819563e-02 -1.24453616e-02
  7.39001584e-03  3.32432046e-02  2.31378249e-02  2.90585609e-02
 -2.20448158e-02  2.28132645e-02 -6.67103152e-02  3.70729395e-03
 -2.84761778e-02 -8.99805066e-02  3.56776058e-02  7.12008732e-02
  1.89845936e-02 -1.86521382e-02]
scream    [ 0.8091395  -0.08904152 -0.10566532 -0.04763983 -0.04009495  0.04866633
 -0.05899169  0.06360707  0.02715666  0.11208963 -0.02101843 -0.13791612
  0.03702298 -0.07428478  0.05002859 -0.06266906  0.01487984  0.03348802
  0.06079933  0.09357813 -0.00583034 -0.08729687  0.00313569  0.00946004
 -0.02957904  0.02923456 -0.03190695  0.04344172  0.01985273  0.00971124
  0.01783397 -0.01335905 -0.04361639 -0.02231862 -0.03685045  0.00509488
  0.06095672  0.0178059  -0.04927638  0.0281239  -0.00622241 -0.00676707
 -0.00564883 -0.01296533  0.04068626  0.04687732 -0.02828324  0.0605778
  0.01463668 -0.06315626]
william    [ 6.32970656e-01 -9.32118522e-02  2.60922722e-01  3.20404725e-02
  2.45911230e-01 -9.69482139e-03 -9.84069207e-02 -1.73685556e-01
 -5.17814536e-02 -4.07069163e-02  5.12300445e-02 -1.23143900e-01
  5.01243259e-02  3.85093910e-02 -6.82844596e-02 -1.37844519e-01
 -1.32462382e-01  7.23283394e-02  6.95526394e-02 -3.89943467e-02
  4.70736278e-02 -2.64866687e-04  5.45551162e-02 -3.03151828e-02
  1.94277079e-02 -2.76196730e-02 -1.63416692e-02 -1.93589554e-02
  1.96416083e-02 -1.35189035e-02 -8.51772194e-03 -3.89365940e-02
  3.24170207e-02 -6.86183535e-02 -2.37519278e-02  2.62206587e-02
 -6.01146690e-02 -7.36214909e-02 -9.36880612e-03 -9.40054127e-03
 -6.35624687e-02  1.10592141e-02  1.59352946e-02 -1.45316769e-02
 -1.77523040e-02  7.55944214e-02 -4.83724752e-02 -2.27770731e-04
  8.79930377e-03 -4.25809052e-02]
nudity    [ 0.50858353  0.06848997  0.05637875  0.00997632 -0.09019985  0.02120962
 -0.04590819  0.17867368  0.10427738 -0.01223829 -0.12126782 -0.12508126
 -0.06021169  0.01821593 -0.11544172  0.11840087  0.11103885 -0.00821939
  0.0761109  -0.17293717  0.06715584  0.01316097  0.08219409  0.00822633
 -0.00299231 -0.03424653  0.20181313  0.10599876 -0.07557692  0.04758254
 -0.14984591  0.0231297  -0.14945528  0.0150902  -0.08661881  0.01029382
  0.05443094  0.02795005  0.01662067  0.01247299  0.02396307  0.05365002
  0.04514649  0.10135779  0.02610929  0.11917244  0.06718833  0.01055532
 -0.03983529  0.0704343 ]
location    [ 0.68181078  0.1594427   0.24780473  0.11800215  0.06380173 -0.1072466
 -0.04639404  0.16386182 -0.11127107 -0.07303776 -0.18793388 -0.01444168
  0.00622394  0.07415991  0.04128504  0.03107624  0.07116261 -0.08766115
 -0.09471012  0.00103293  0.01366557 -0.05170742  0.05132631  0.04692327
 -0.00816169  0.05699233 -0.00640687 -0.10834016  0.00793887  0.00571548
  0.0468392   0.01123311  0.01843221 -0.05687729  0.10250028 -0.01697636
  0.04773119 -0.04619463  0.03238619  0.07877442  0.04877109 -0.0205154
 -0.006497   -0.03358797 -0.06154307 -0.01342369 -0.04300254  0.11555763
 -0.03265097 -0.01939411]
water    [ 7.10490327e-01 -3.22711408e-01 -6.11620961e-03 -5.83936856e-02
 -6.15587882e-02  4.76154845e-03 -1.59354401e-02  1.70739572e-01
 -5.80618485e-02  3.98785875e-03 -7.86826703e-02 -4.98554430e-02
 -3.38097324e-02  9.89551939e-03  1.55360184e-01 -8.59732338e-02
 -8.63936125e-02 -5.97814462e-02  1.62727803e-02 -2.77607842e-02
 -1.03529084e-02  2.32066862e-04 -7.39225028e-03  6.17492993e-02
  5.95930490e-02  2.70574535e-02  8.57726817e-04  1.49319733e-02
 -1.94110571e-02  5.61800547e-02  5.81665961e-03  2.01455391e-02
  1.95058875e-02 -1.03101519e-02  5.79600915e-03 -6.73159278e-03
  8.92787291e-03 -2.98877841e-02 -1.08105200e-02 -6.95375916e-02
  1.66928943e-02 -8.26526264e-02 -2.57410654e-03  2.65661031e-02
  2.64454674e-02  3.80642382e-02 -9.15415581e-03 -8.11226672e-02
 -1.46472623e-02 -9.51397212e-03]
respect    [ 0.83066324  0.03046649  0.05686086  0.01024159 -0.01038236 -0.06202338
 -0.04540428 -0.09144303 -0.03587088 -0.00443818 -0.04494514 -0.01397722
  0.01390965 -0.05638704  0.03777965  0.09163465  0.0556565  -0.02434063
  0.12878459 -0.00621788 -0.0781402   0.06127     0.05646525 -0.07910628
  0.07848999 -0.02538624 -0.03297244  0.11342709  0.04077335 -0.01887971
  0.03449942 -0.00995263 -0.07205143 -0.05577164 -0.03644371 -0.04750472
  0.00805967 -0.00360572 -0.04052205  0.01588455  0.07786162  0.03202296
 -0.01404908 -0.07935183  0.04028196 -0.03249884 -0.03695103  0.05801519
  0.05379615 -0.00375671]
amaze    [ 0.87390739  0.13544734 -0.05514322 -0.08542758 -0.04945112  0.11218594
 -0.01837037 -0.01993921 -0.01451999 -0.01285693  0.06991706  0.008284
  0.08923875  0.03662422 -0.05567769 -0.00482382  0.06125564 -0.12339505
 -0.00359242  0.02038066 -0.01361743  0.03120493 -0.04614771 -0.03496219
  0.0383586  -0.04308003  0.00598053  0.04938194  0.02407103 -0.02401902
  0.09366294 -0.01002173 -0.00489173  0.03524498 -0.02411883 -0.02072844
 -0.04566738 -0.01596795  0.02358238  0.0240492   0.00748074  0.02352196
  0.00993167  0.04157315 -0.00865395 -0.03375572 -0.02456111 -0.00236873
  0.00941059 -0.01738102]
appearance    [ 0.6374877  -0.0026045   0.07280056 -0.06420555  0.17873768 -0.18510023
  0.41348536  0.18712342 -0.06804585  0.07563638  0.32207763 -0.0573893
 -0.02448473 -0.1791139  -0.04261394 -0.0634357   0.03888806  0.06763059
 -0.02422838  0.07051847  0.06345706 -0.02246951  0.03493945 -0.02748304
  0.05628892  0.0493688   0.0784092  -0.08551638 -0.00295477 -0.04362415
  0.0279718   0.08612982 -0.04599663  0.04709802 -0.02974974 -0.04556824
 -0.03398364 -0.03444983 -0.07999466  0.01955596 -0.00075165 -0.03183639
  0.03865491  0.0395939   0.02790114 -0.00184815 -0.03833502  0.00347172
  0.01413122 -0.01234223]
claim    [ 8.60788747e-01  4.24366739e-02 -4.39622731e-02  2.52784200e-02
 -9.44759069e-03 -2.01952083e-01  2.83199883e-02 -3.92551010e-02
 -5.92577809e-02  1.95163516e-02 -4.78312091e-04 -4.53547813e-02
 -2.56179185e-02 -7.41935298e-02  1.43724145e-02  4.61673909e-02
  1.32108456e-02  3.28905332e-02 -5.74499371e-02 -4.51508582e-02
 -8.81529394e-02  3.25973312e-03  1.29268041e-03 -7.29453860e-02
  1.59223088e-02  6.36340944e-02  4.81265713e-02 -6.67245451e-02
  3.65796665e-02  1.66854976e-02  3.63474608e-02 -1.00804294e-02
  4.76372680e-03  1.17250415e-02 -3.97894205e-02 -3.11567988e-02
 -5.56948839e-02 -6.28018507e-02 -1.84112277e-02 -5.46962827e-04
  2.36613513e-02  1.44782166e-02 -7.71464460e-03  2.23063649e-02
  1.36935404e-02 -7.84282550e-02  1.20622831e-02 -4.27571116e-02
  1.74435094e-02  2.14575753e-02]
90    [ 0.42580048  0.06701848 -0.18895909  0.22842769  0.12527665  0.24525996
  0.1498067   0.03760122 -0.05111896  0.04274534 -0.06321581 -0.03662238
 -0.10481348 -0.08640093  0.04175937 -0.09595606  0.07361536  0.06326827
 -0.01772617  0.00903952  0.07182036  0.01314546 -0.01627726 -0.01691779
  0.30063398 -0.16269044 -0.03185018 -0.15568702  0.21934552  0.27873308
 -0.00247539  0.01134011 -0.09549917 -0.18307575 -0.05267162  0.24221311
  0.01243398 -0.0056327   0.04580996 -0.06990486  0.09325493  0.03222862
  0.01282357 -0.11017763  0.16934415 -0.0208511   0.16059957 -0.00504013
  0.10316375  0.08602795]
tone    [ 7.56817001e-01  2.17558239e-01  1.38519607e-01  1.20572970e-01
 -6.50499248e-02 -1.15732124e-01 -2.18488972e-02  8.32542019e-02
 -6.41757783e-02 -5.76508897e-02 -3.47305578e-02 -6.24866892e-02
 -4.18758339e-02  3.80247498e-03 -4.76289958e-03 -7.01430387e-04
  4.63901176e-02 -1.55061918e-02 -1.92158367e-02 -1.90099418e-02
  8.91064001e-02  3.59876749e-02  6.92682457e-02  6.58186846e-02
  2.47378458e-02  3.02992560e-02 -5.16780501e-02 -2.72768344e-02
 -3.17323275e-03 -2.43438838e-02  5.16602588e-02  2.22897605e-03
  2.65145624e-03 -3.64422525e-02  3.11761348e-02 -3.76655809e-03
  5.36110562e-02  4.69421348e-02  1.86588849e-04 -9.66911052e-03
 -2.31459372e-02 -8.86544214e-02 -1.51334091e-02 -9.65087559e-02
 -8.06382385e-02  3.68840991e-02  2.15686607e-03  6.71459310e-02
  2.43523181e-02 -2.96366580e-02]
portrayal    [ 0.73167829 -0.04642407  0.29228107  0.08327125 -0.05256905  0.01854141
  0.08611568 -0.21847146 -0.03210044  0.08965858  0.03179612 -0.04773965
  0.04119912  0.0386819   0.05233357  0.09512009  0.0813567   0.02017467
  0.02081448  0.03199485 -0.09293481  0.01049212  0.03850965 -0.02541152
 -0.10219547  0.01697843 -0.05560117 -0.05377582  0.04337945  0.06480891
 -0.00949393  0.05844521 -0.00341155 -0.01657043 -0.01269859  0.00452784
 -0.01031266 -0.0183037   0.00927815 -0.06747791  0.02795669  0.02295298
  0.00936726 -0.05131676  0.03925443 -0.05656679 -0.03017876  0.01636331
 -0.03951029  0.0128944 ]
crew    [ 5.91777311e-01 -2.84287312e-03  1.27647055e-01  3.52881213e-02
  1.31838379e-01 -1.31646003e-01  9.51509099e-03 -1.12492069e-02
  3.42629519e-02 -1.77194509e-01  3.82928639e-02 -1.48266516e-01
  1.38856910e-01 -4.29476460e-02 -1.40148275e-02 -1.10001287e-01
  3.26974024e-02 -7.89494538e-02 -5.39451953e-02  6.69880724e-02
 -1.19252740e-01 -5.93370025e-02 -1.10414507e-01  1.95157864e-01
  2.11530802e-01 -4.64137076e-02  1.97683649e-01  1.59809865e-01
 -7.16738267e-02  1.47198066e-01  3.23847136e-02 -5.14559855e-02
 -4.03706746e-02 -5.07561998e-03  1.10039301e-01 -5.13307574e-02
  1.25187948e-01 -5.68223519e-02  8.51653185e-02  7.97396672e-02
 -2.44014049e-02 -2.65350401e-02 -1.31264962e-01  8.58791034e-02
 -1.05911820e-01 -1.87774266e-04  1.51809847e-02 -2.37571096e-02
  1.30733983e-01 -4.75085240e-02]
plain    [ 7.05769382e-01  1.47760877e-01 -1.81214054e-02 -1.86449138e-01
 -4.78460167e-02  1.98539638e-01 -9.81591699e-02  6.02613783e-02
 -5.29701721e-04 -3.64626714e-03  4.60035608e-02  4.82542439e-02
 -3.16577846e-03 -1.19122449e-01 -2.29515277e-02  6.06391624e-02
  2.21805340e-02 -3.57963140e-03 -1.91297417e-01 -7.81726373e-02
 -3.39408154e-02 -6.33420676e-02  3.31854294e-02 -1.29997722e-01
 -5.46440155e-02 -4.76815223e-02  9.86324146e-04  1.71413735e-02
  1.04833332e-02  1.22206921e-02 -4.83726558e-02 -4.08665628e-02
  7.47856651e-02  2.50125834e-02  4.94903236e-02  8.16890588e-02
  8.89928581e-03  1.49991149e-03 -3.64357070e-02 -8.22781828e-02
 -9.54780981e-03  2.73530013e-02 -5.32154055e-02 -2.68965552e-02
 -3.31123316e-02  7.93943475e-02 -1.49888462e-02 -8.40934787e-02
  6.94745197e-02 -7.85034374e-02]
vampire    [ 0.77153731 -0.00479974 -0.10860155 -0.0563719  -0.05742929  0.04447925
 -0.19431419 -0.01010296 -0.05157029  0.08834233  0.07766425  0.00935639
 -0.01840941  0.00772162  0.04323945  0.01078837 -0.03530815 -0.00952557
  0.00306839 -0.07463419  0.03271067  0.02110362 -0.00973068  0.02715098
  0.00262844 -0.02151882  0.09686332 -0.04667144 -0.01230095  0.0929322
 -0.04617677  0.04427462 -0.03017999 -0.02224452  0.02678495 -0.03956834
  0.02059266 -0.05424823  0.01133666 -0.01212711  0.03909439 -0.04281887
  0.03013886  0.07910853  0.01050375  0.02432834 -0.01508118  0.05509352
 -0.06808566  0.04383239]
scott    [ 5.55642867e-01 -7.58710541e-02  2.34774736e-01  3.96227709e-02
  2.14666709e-01 -5.07812660e-02 -7.98501365e-02 -5.80216388e-02
  3.77186230e-02 -1.04526753e-01  5.62780727e-02 -2.78989259e-02
  1.89196523e-02  6.73085045e-02 -5.69111844e-02 -5.60806297e-02
 -6.81734812e-02  6.13241670e-02 -4.13460641e-02 -4.66301140e-02
  5.08654638e-02  6.23055699e-02  2.37870266e-03  2.24179087e-02
  5.79602588e-03 -3.64924148e-02 -6.07684845e-02 -7.47193788e-02
 -3.21769532e-02 -1.48569121e-02 -3.14110929e-02  5.89352988e-02
 -1.19923859e-03 -7.70610327e-03 -2.81656755e-02  5.39158104e-02
 -7.95932324e-02  3.44042720e-02 -1.29713573e-02  3.86666860e-02
  4.04282947e-04  9.43723723e-03  4.02687963e-02 -2.40382234e-03
 -1.57750162e-02  1.69914090e-02 -3.59170027e-02  4.18673597e-02
  2.25569388e-02 -1.28614872e-02]
recently    [ 7.04976807e-01  5.90338344e-02 -2.96990878e-01  1.13694402e-01
  1.06443147e-01  5.86631320e-03 -3.23336624e-02 -6.39910870e-02
 -1.14068964e-01 -1.72010398e-02  1.18981320e-01  5.21951589e-02
  6.83918502e-02  2.45766818e-01 -1.03615460e-01  1.19219595e-01
  2.43742746e-02 -1.03000271e-01 -1.05240125e-01  4.75207899e-02
  3.49657708e-02 -1.05816769e-01  5.24419325e-04 -7.75668428e-02
  4.81756516e-02  3.28452332e-02 -3.63952266e-02  7.38463248e-02
 -1.24144801e-01 -4.96157314e-02  7.79488336e-03 -5.80016150e-02
  1.89373203e-02 -2.77337120e-02 -3.16218242e-02 -3.79818839e-02
  3.91259223e-03  3.56904674e-02  7.64827997e-02 -3.84063263e-02
  1.65326186e-02  8.29671793e-02 -5.53369007e-02 -6.93938297e-03
  2.66469588e-02 -4.24051444e-02  3.12987223e-02 -7.65400749e-02
 -5.39152930e-02 -1.87018767e-02]
setting    [ 0.78080098  0.16872195  0.31725022  0.04728153  0.01149816 -0.00680731
  0.03367791  0.01545937 -0.07568388  0.01264907 -0.07131836  0.12518656
  0.00834068  0.03975408  0.08019307  0.00367228  0.01782708 -0.05380675
 -0.00628647  0.03869312 -0.00690097 -0.01303253 -0.01283062  0.05100396
  0.01074302  0.08052744 -0.01388474 -0.07966211  0.01875987 -0.03544009
  0.01377888 -0.02215403 -0.00488827 -0.02765916  0.06363043  0.01851607
  0.01992275 -0.06861506  0.05206488  0.03638993  0.04641955  0.00223323
  0.05154917  0.00765834 -0.05102111  0.01017371 -0.01311646  0.09282215
 -0.06062473  0.02116041]
disappoint    [ 8.49617207e-01  2.33380615e-01 -2.37063059e-01 -7.17409265e-02
 -8.18200155e-02  6.48708318e-02 -1.21515763e-01 -6.35940228e-02
  4.93953807e-03 -1.46035619e-02  2.14472409e-02  2.39301410e-02
 -4.21765333e-02  8.47123480e-02 -7.97283155e-02 -2.53022779e-02
  5.44859630e-02  5.63649968e-02  1.80509153e-02  4.90265435e-02
  5.84440733e-04  3.96148705e-02  2.40141013e-02 -1.04499862e-02
 -3.29952316e-03  3.54467142e-03  4.39627444e-02  2.80428701e-03
 -1.08333848e-02 -3.57460401e-02  4.08418687e-02 -3.47936003e-02
 -4.07571969e-02 -2.07728598e-02 -4.69736014e-02 -2.10490671e-02
 -2.44516214e-02  2.57093921e-02  1.74497207e-02 -2.20519147e-02
  6.69455385e-03  1.56248616e-02 -8.09381473e-03  1.48031934e-03
 -7.48377309e-03 -1.59716419e-02  5.18177609e-03  1.89270260e-02
  4.83997916e-03  1.14634154e-02]
cute    [ 0.778893    0.04387664  0.00835489 -0.1401697  -0.08140562  0.16628596
 -0.10074755 -0.03121613 -0.03914574  0.1260851   0.06214647 -0.06910218
 -0.02189297 -0.05360272 -0.09236091  0.0842736  -0.03306721  0.0025613
  0.01177814  0.03003342  0.09074332  0.08391841  0.0341322   0.11576177
  0.03962633  0.0377219  -0.07650194 -0.00623298  0.00826169 -0.0262663
  0.0225243   0.01386702 -0.027049    0.10617508 -0.02277184  0.07125067
 -0.00862958 -0.00927729 -0.06428789  0.11374645  0.00329139  0.03846922
 -0.06151025  0.02755749  0.02146515 -0.01679558  0.05115659 -0.02687868
 -0.05427227  0.05075383]
talented    [ 0.49766186 -0.06041749  0.25853062 -0.03094011  0.24588129 -0.02679386
 -0.08181526 -0.18907329  0.1438474  -0.0452489   0.05325429 -0.17581144
  0.1597773  -0.07098368 -0.05619214 -0.12471687 -0.06194639 -0.12380838
  0.00629501  0.05263652 -0.16440574  0.0977687  -0.09245374  0.07030459
  0.17613285 -0.04561582  0.14510531  0.11118111  0.07383549  0.01253197
  0.04076744 -0.05766796  0.02033266  0.02901215 -0.03408575  0.06396849
  0.05199631  0.02849368  0.01028602  0.11339456 -0.02196224  0.1026205
 -0.04458807 -0.03722495  0.05378255  0.00842825 -0.05355147  0.10232277
 -0.07131393 -0.05496673]
concept    [ 8.28295052e-01  1.79194462e-01  3.85853696e-02 -6.62835695e-03
  1.39280684e-02 -4.41336627e-02 -5.57077230e-02  2.05217602e-02
 -9.46370547e-02  3.96081704e-02 -9.83215414e-02  1.07108022e-01
  2.12070466e-02 -3.48610704e-03  5.41701914e-02  4.25548175e-02
  5.14752924e-02  9.06935990e-02  2.17618489e-02 -6.17715889e-03
 -2.67518825e-04 -7.30772518e-03 -1.87463753e-02  2.84921276e-03
  2.85279379e-02 -1.43852706e-02 -1.19521112e-02 -3.08073718e-02
 -2.40164119e-02 -2.29971864e-02  5.48539988e-02  2.16770356e-02
  2.59258528e-02  1.53192000e-02  3.97279232e-02  6.57554937e-03
  1.25615420e-02 -6.12450988e-03 -2.83227933e-02  5.77799905e-02
  6.32115140e-02  2.82707330e-02  2.91472684e-02  1.70085410e-03
 -4.66018133e-02 -8.27964451e-03 -2.49115572e-02  2.27869195e-02
 -2.22105857e-03  4.84704210e-02]
serve    [ 0.68254345  0.10349806  0.12108933  0.08110558 -0.08984399  0.0068882
  0.099414   -0.02701513 -0.00241375 -0.06262452 -0.14483122  0.02240193
  0.04104861  0.00939765 -0.05507183 -0.03538462 -0.06561102  0.01095025
  0.07552152  0.09173239  0.05210502 -0.01970429  0.00306472 -0.04996947
 -0.0842475   0.01790951  0.05879362  0.00679238 -0.02559038 -0.02937897
  0.03128424  0.0052827   0.00144074 -0.01665493 -0.01406307  0.04077958
  0.01237528  0.06756187 -0.03828767 -0.01307876 -0.00394157 -0.10437001
  0.12112603  0.01596251 -0.01386786  0.0379564   0.01541989  0.03200037
  0.07935601  0.03054608]
share    [ 0.81166329 -0.07933479  0.00682438  0.08191951 -0.15217968  0.00157952
 -0.02937195 -0.10681285  0.10018736  0.04982067  0.00543201 -0.01584896
  0.0056807  -0.04579056 -0.03662717  0.09283382  0.07986319 -0.03014141
 -0.00219005 -0.02837754 -0.06750171 -0.01316751 -0.00297033 -0.02966551
 -0.04513194  0.06051783  0.018527   -0.02046632  0.05178571  0.05705677
  0.04371647 -0.05148527 -0.07584302  0.03756862 -0.02954282 -0.0355566
 -0.05287922 -0.06482011 -0.00111887 -0.01698784 -0.09616197  0.02587432
  0.05609677 -0.0568007   0.00570908 -0.02743666  0.01995738  0.00367982
  0.02664364  0.01270564]
store    [ 3.31332001e-01 -1.12584318e-01 -1.35482766e-01 -1.25413155e-02
  2.16919129e-03  1.67032342e-03 -9.44557244e-02  4.79605370e-02
 -3.59110714e-02 -9.56336800e-02  3.68315512e-02  4.78729248e-02
  8.34653417e-02  5.15405523e-02  7.10251745e-02 -6.04222038e-02
  3.59818690e-02 -3.82100839e-02 -9.75647046e-02 -1.77445672e-02
  1.56851163e-01 -3.95361328e-03 -7.76128823e-02  2.22259388e-02
 -2.65258491e-02  8.30910529e-02 -1.64054697e-02 -2.01569568e-02
 -1.47552489e-01 -4.28619597e-02  8.25854193e-03 -1.58089653e-04
 -1.30051440e-01 -9.62884587e-02  1.15937035e-02 -3.57752053e-02
  5.62096874e-02 -1.49568681e-03  8.44404590e-02 -9.71780832e-02
 -5.66510741e-02  2.04348991e-01  2.38794402e-02 -1.59671140e-01
  1.45463439e-01 -1.31319838e-01 -1.25958167e-01 -1.78432049e-01
 -1.92435124e-02  1.29540548e-01]
era    [ 8.24756865e-01  2.08909473e-01  5.54122459e-02  1.74379474e-01
  6.52872591e-02 -2.10754495e-01  3.47465340e-02  4.46665612e-02
 -1.04837633e-01  3.88029734e-02 -5.13998937e-02 -3.10803876e-02
  1.10691989e-02  1.96495194e-02  1.75582858e-02  5.91214387e-03
 -1.37617538e-02  5.72120877e-02 -1.56157275e-02  7.39696369e-02
 -1.21256500e-02  3.91597248e-02  1.23034440e-02 -5.41536822e-02
 -1.77988037e-02  7.02721875e-02  2.48973666e-02 -3.06855498e-02
  3.30027167e-02  1.35412927e-02 -7.82237506e-03 -3.37065621e-03
 -1.06288901e-02  2.98588920e-02  3.94303075e-02  2.28955580e-02
  4.34522127e-04 -1.40133444e-02 -8.38794911e-03 -1.07733348e-02
  1.01608585e-02 -4.01269278e-02  1.58635592e-02 -1.75664571e-02
  2.18746186e-02  4.68178480e-02  2.81598890e-02  3.02164978e-02
  1.60868995e-02 -2.39705885e-02]
track    [ 5.88832007e-01 -1.50064789e-01  1.99580986e-02  3.75354083e-02
  1.89128794e-02 -4.44135218e-02 -2.69302911e-02  7.15655116e-02
  2.72434652e-02 -4.90698270e-02 -4.86933842e-02  2.91069621e-02
  9.43243530e-03 -2.74740574e-02  1.00794350e-01 -8.70805094e-03
 -7.32676027e-03 -3.35568509e-02 -5.67676508e-02  8.86698381e-03
  4.40087338e-02 -1.89359892e-04  1.04267445e-02  4.69057085e-02
  6.56746753e-03  5.98813052e-02 -1.46971474e-01 -4.02969026e-02
 -7.18968125e-02  6.05046197e-03  8.32080045e-02 -5.03089622e-02
 -3.63428576e-03 -2.43726401e-02  4.28469397e-03  3.49334312e-02
  1.27669532e-02  7.77237896e-02 -4.01030006e-02 -4.25679050e-02
 -4.02736471e-02  1.48595029e-01 -3.42112571e-02  5.25103103e-02
 -4.50606227e-02  3.37164824e-02 -1.63336430e-02 -1.06940038e-02
 -2.46772759e-02 -7.93861790e-02]
pure    [ 8.03134896e-01  2.49487750e-01 -6.82373632e-02  8.78304391e-02
 -3.63745254e-02  2.87394684e-03  4.68166783e-04  5.05326779e-02
 -9.04864870e-02  5.31988862e-02  1.84249117e-02  2.50682049e-02
  2.72375894e-02  2.16494721e-02 -8.77631331e-04  3.15140577e-02
 -4.65946732e-02  4.08459523e-03  2.96098250e-02 -9.13440729e-03
 -1.26557301e-02 -9.30516447e-03  1.07005530e-02  1.85082117e-03
  5.70291625e-02  7.05729369e-03 -4.15052289e-02 -1.04227738e-02
  7.77437516e-02  4.34426769e-02 -9.60970192e-02 -5.92125490e-02
  4.22125387e-02 -6.67739393e-02  1.13466670e-02 -2.03400403e-02
  4.50832914e-02  3.48745949e-02  1.52179694e-02 -6.00700256e-02
  1.21072402e-02  4.04937413e-03  2.09848534e-03 -4.68469513e-03
 -5.52325784e-03  8.23448781e-04 -2.23811301e-02  4.30519207e-02
  2.73503640e-03  2.03380829e-02]
public    [ 0.7463125  -0.07959546 -0.08826136 -0.01034077  0.00944043 -0.09528679
  0.01096484  0.00946882 -0.11993791  0.03574539  0.01424766  0.02725075
  0.00503365  0.00196773  0.06317667 -0.12788223  0.07996223  0.03372351
 -0.04828403 -0.06881948 -0.00701845 -0.00133945 -0.00737296  0.07208724
 -0.01917404  0.01876626  0.02966872  0.00913951 -0.00853804 -0.05146416
 -0.00345823 -0.03200713 -0.05468961  0.07229344 -0.00572552  0.01325524
 -0.04044603  0.08280506 -0.06587964 -0.04497396 -0.07146586 -0.00766838
 -0.06515004  0.03006817  0.05060376  0.00947759 -0.04100156  0.05219131
  0.01455433  0.09263345]
incredible    [ 0.82857048  0.24389198  0.05855897  0.05719223 -0.03549542  0.04526097
 -0.09713129  0.00916369 -0.07427735 -0.04993194  0.01305206 -0.06595798
  0.11382424  0.03739508 -0.10863352 -0.06601295  0.05658071 -0.14313464
 -0.0127159   0.07312026 -0.04112598  0.00922428  0.00991278  0.03770695
  0.01105359 -0.01774287 -0.01348898 -0.02876682  0.05737432  0.00352704
 -0.02815115  0.01546359  0.02060717 -0.04451903 -0.01001762 -0.08056942
 -0.01706442  0.00441312  0.01784877  0.02972249  0.03384163  0.01769665
 -0.02107842  0.04192394  0.00433452 -0.03591104 -0.04888163 -0.00544827
 -0.03111598 -0.00597588]
exist    [ 0.8248929   0.05931058 -0.02145403 -0.04731645 -0.13210347 -0.04977284
  0.0635113  -0.13946049  0.08908161  0.13420891 -0.08603965 -0.07484982
 -0.02692172 -0.06203916  0.07597593 -0.01297469  0.03700651  0.01463943
 -0.00091194 -0.05162647 -0.03189058  0.10324241  0.01259275 -0.05364077
  0.04990945  0.02093972  0.0196886  -0.01461477 -0.00203342 -0.02404217
  0.03245043  0.01687071  0.04190492  0.05639595  0.08601283  0.02372975
 -0.02560956 -0.07311705  0.0367412  -0.06783304  0.01704631 -0.07988435
 -0.01676095 -0.00231178  0.01036783 -0.06064224  0.0110566   0.00575971
 -0.03378178  0.07726653]
tension    [ 0.57963348  0.06894028  0.2155622   0.02736862 -0.16792748  0.02990435
  0.09530271  0.10280986 -0.03483488 -0.01863499 -0.08537203  0.03393121
 -0.05592041  0.06529732 -0.01320727  0.06750692  0.13242947  0.05990924
  0.1222204  -0.01890282  0.03455532  0.04729221  0.01887138  0.01473407
  0.03778205  0.04340703 -0.02502589  0.02818482 -0.02824029  0.06440125
 -0.1002668  -0.05417129 -0.06107102 -0.03158241 -0.06483934 -0.04223378
  0.00369501  0.02415637 -0.01962652  0.08400667 -0.09659999  0.02110174
 -0.00252683 -0.04032601 -0.1415704  -0.0072408   0.02141747 -0.00803637
 -0.07623795  0.03787603]
player    [ 0.56774503 -0.16936512  0.16695361  0.01394456  0.18545571 -0.01314598
 -0.0398674   0.00946197  0.03314199 -0.08289006 -0.03067427  0.02679755
  0.00225177  0.00291389  0.00737987 -0.02464767  0.03542382  0.01602297
 -0.00146784  0.00139722  0.08858095 -0.03223151  0.02668022  0.06658949
  0.01474171  0.0967651   0.10611916  0.03122808 -0.15985903  0.01985545
  0.054082    0.03336608 -0.05825313  0.0398176   0.05050026 -0.07716332
  0.00509475  0.03051697 -0.04340103 -0.09092625 -0.01153617  0.13995298
 -0.03818527 -0.1022294   0.11524238 -0.0346163   0.01750334 -0.12226375
 -0.03098766  0.06435906]
island    [ 0.74324171 -0.26210346 -0.05952402  0.04463799 -0.03445266 -0.04612845
 -0.03538574  0.0563404  -0.04163688 -0.04147308  0.03828877  0.04835082
  0.05624501 -0.02679972  0.13997128 -0.07168893  0.04233412 -0.01621773
 -0.06492316  0.04154535  0.04935581  0.01792164  0.01471571  0.08488504
 -0.0900766  -0.05597906  0.08785256 -0.01702349  0.0506572  -0.10187291
  0.10037464 -0.05223245  0.06537933 -0.01176817 -0.02692172  0.05659813
  0.01347211 -0.04987858  0.00143111  0.02564525  0.04608785 -0.04756119
 -0.04609251 -0.03075623  0.01438639  0.02146953  0.0117618   0.00990116
 -0.04611673 -0.00970705]
suffer    [ 0.8297656  -0.00347896  0.00689897  0.07857222 -0.04583636 -0.06423603
 -0.01153656 -0.02852631  0.06470741  0.05283576 -0.08545469  0.00752557
 -0.03706088 -0.0696428  -0.01945676  0.04534295  0.01418018 -0.01150562
 -0.01281819  0.03124577 -0.07671012 -0.01951161  0.08474799 -0.09461439
  0.02056812 -0.04111174 -0.00413937  0.08095457  0.01598819 -0.03930426
 -0.01063016 -0.01578197 -0.09157602 -0.03070775 -0.08373401  0.00998558
 -0.09453181 -0.03002055  0.03170188 -0.04914787  0.01151521  0.00166762
  0.02987603  0.0287541  -0.06879126 -0.01984479  0.03425129 -0.04704753
  0.04070856 -0.01482001]
memory    [ 7.20634571e-01 -3.74020520e-02 -5.84333246e-02  1.21539157e-01
  3.40876917e-03  4.37052126e-02  2.47429177e-04 -1.72675239e-02
  6.21574874e-02  1.98326474e-02 -1.20308703e-02  1.68924981e-01
  9.97779901e-02 -2.76000166e-02 -1.94425923e-02  1.13899726e-01
  1.08755459e-01 -1.12978506e-02 -2.14357002e-02  4.38358180e-02
  2.08258808e-02  4.16467267e-02 -8.07700914e-02 -5.31021421e-02
  6.15422150e-02  1.66213957e-02 -8.12123619e-02  1.59876339e-02
 -8.85029473e-02 -4.29108345e-02  7.53531994e-02 -4.28332932e-02
  5.58586711e-02  3.87066273e-02 -9.87118102e-02  1.37545866e-03
  6.37033550e-02 -1.68120941e-01 -8.56816687e-02 -2.14852629e-02
 -3.16461468e-02  2.73859597e-02 -1.55594839e-02 -4.10419995e-02
  6.89308787e-02  4.33851673e-02 -3.97212998e-02 -7.14269961e-02
 -7.50892353e-03  2.45700050e-03]
flat    [ 0.51208296  0.05033195  0.10493089 -0.0115855  -0.13745454  0.15150461
  0.0474716  -0.01743251  0.00188374 -0.00332305  0.0604465  -0.01779727
  0.04566399 -0.01960363  0.03602171  0.03695685 -0.00151499  0.03672916
 -0.10251109  0.02036832  0.024684    0.03541496  0.08238123  0.02411905
 -0.01516541 -0.00681892 -0.04412325  0.02496521  0.04032544  0.05314406
 -0.05680243 -0.02504708  0.01735706 -0.02661204  0.04092247 -0.06427391
 -0.00983874 -0.01827843 -0.09959424 -0.04745097 -0.00115916 -0.05494189
 -0.10877051 -0.07603567  0.0123365   0.0528406   0.00440233  0.02446459
  0.06152784 -0.11797704]
odd    [ 7.50149787e-01  5.67318865e-02  8.82105813e-02  1.04429053e-01
  7.40563285e-03 -8.13353688e-06  1.26509213e-01  8.96581373e-02
 -3.70287031e-02  4.23350756e-02 -4.90853101e-02 -5.57853922e-02
 -5.81657141e-02  4.57076072e-02 -3.52659015e-02  6.54858414e-02
 -6.87568225e-02 -1.63306403e-02 -8.85410143e-02  2.12699162e-02
  2.39183067e-02  5.33652193e-02  8.98272751e-02  8.83581983e-02
  6.15423944e-02 -9.84402337e-02 -5.17573556e-02 -6.35172238e-04
  7.52007590e-03  5.57854786e-02  3.88906970e-02  2.77471765e-03
 -3.57996985e-02  3.17995779e-03  2.47256758e-02  9.98993935e-02
 -6.04516466e-02  4.09409952e-03 -7.84835875e-02  1.24020366e-02
  8.20850221e-02  2.49907949e-02 -6.11018356e-02 -5.63430407e-03
  1.66541390e-03 -8.19253722e-02  5.59592108e-02 -6.14060959e-02
 -7.29847279e-02 -2.16620639e-02]
ability    [ 0.61215471 -0.04732336  0.22044062 -0.13536346  0.08329382 -0.00843857
  0.10860639 -0.00597628 -0.07342326 -0.09906748  0.08765263 -0.0397287
  0.07893112 -0.09092985 -0.06166567 -0.09773441  0.1261899  -0.09167738
 -0.08845915 -0.04706368 -0.12090816  0.02695774  0.09122635 -0.07733127
  0.00075052 -0.04230052 -0.02519167  0.11461201  0.13167169 -0.04545621
 -0.04988771 -0.02137727 -0.00668259 -0.09798287 -0.0444643  -0.01745527
 -0.02316826  0.03672697 -0.05267678  0.02299078  0.01706983 -0.0511267
  0.07440361 -0.08235353 -0.00228626 -0.03451324  0.01979006 -0.07307141
 -0.15484935  0.09740708]
sadly    [ 0.85774636  0.16820334  0.06913163  0.16135563  0.01950772 -0.12641595
  0.07859319  0.01704922  0.01515164 -0.09110365 -0.04401416 -0.04937811
 -0.0394459  -0.01237998  0.00671661  0.06900667 -0.08651129  0.04199017
  0.00357841 -0.03223187  0.00665956  0.04894764  0.01658796  0.01835397
  0.03161378  0.02395661 -0.02466815 -0.0058945  -0.04089514 -0.03694935
 -0.04638238  0.0015869   0.02045972 -0.02385256  0.02608909 -0.02556484
  0.03212238 -0.00523722 -0.03257213 -0.00792672  0.04145503 -0.01723506
  0.00437184  0.01639138  0.00948813 -0.00934879  0.07357516 -0.06337488
 -0.00376871 -0.00680943]
unlike    [ 8.12052380e-01  3.29631588e-01  8.30723915e-03  1.35057746e-01
 -3.89646661e-02 -1.04695472e-01 -6.10356439e-02 -6.19208778e-02
 -5.12260775e-02  3.59343083e-02 -5.55696553e-03  2.04081859e-02
  2.03829153e-02  1.79082766e-02  4.44712920e-02  9.40577934e-02
  3.48014705e-02  8.61484085e-03 -2.85104450e-02  3.46068412e-03
 -3.11119030e-02  2.03740837e-02 -3.14203914e-02 -6.62202728e-02
 -1.20370841e-02 -1.77234432e-02  7.42154092e-02 -3.35394182e-02
 -4.46023501e-03  1.69905753e-03  2.17570688e-02  1.15733143e-02
 -5.06676849e-02  1.06190115e-02 -1.73904539e-02 -1.03009289e-02
  3.55216525e-02 -2.61020179e-04 -2.87724323e-02  1.12945466e-02
  2.15141118e-02  1.57926155e-02  3.68986867e-02  3.01261704e-02
  1.18472484e-02 -2.73855773e-02 -1.08178999e-02 -6.35002810e-03
  1.64939552e-02 -1.28595178e-02]
large    [ 0.68801692 -0.02422764  0.09361187  0.06307953  0.00354299 -0.01746066
 -0.03977066  0.0082173   0.02630961  0.0402171  -0.00166607 -0.10218308
  0.13591581  0.03801402  0.01859938 -0.01545595 -0.00441077 -0.05033453
 -0.0277357  -0.0018536  -0.02703117 -0.00504141  0.03498607  0.1311622
  0.07220283 -0.00460062  0.15431625  0.02435771 -0.05593676  0.03281865
  0.03671337 -0.07654187 -0.03342941 -0.00403903 -0.00246008 -0.01066153
  0.00187575 -0.02125287  0.08598462 -0.05078721 -0.02929258 -0.0332376
 -0.02382599  0.11524978 -0.11337627 -0.01864055  0.04643891 -0.11941493
  0.03264056  0.00503382]
social    [ 6.54431679e-01 -9.76155886e-02  5.31977290e-02  5.68379910e-03
 -6.86383539e-02 -6.76243148e-02  1.61842668e-01  2.46753684e-02
 -6.36134281e-02  8.82315582e-02  8.00081582e-04  7.36826719e-02
  7.78621668e-02 -1.20743625e-01 -2.65893394e-02  2.93068524e-02
  5.13291260e-02 -1.56697874e-02  9.02888058e-02 -5.52705528e-02
 -6.50308032e-02  6.43035010e-02  1.41834473e-04  5.22259079e-02
 -3.08092926e-02 -2.90129437e-02  1.84840908e-02  7.78027064e-02
 -1.29502891e-04  3.15588404e-02  3.61865313e-02 -4.98685312e-02
 -2.18021391e-02  5.64597218e-02 -9.74605299e-02  4.60966647e-02
  1.57034565e-02  1.41428695e-02  1.06631328e-02 -1.07283913e-02
 -1.15295497e-01  5.75670751e-02  3.58096690e-02 -7.41146750e-02
 -8.22173378e-02 -3.39204014e-02 -6.03479894e-03 -6.03980865e-03
  8.31809018e-03  7.32166498e-02]
roll    [ 4.35648979e-01 -1.06638965e-01 -9.88052397e-03  2.62900367e-02
 -7.45697642e-03  1.97877455e-02 -2.35720273e-02  7.70313708e-02
  1.46396097e-01 -2.64141802e-02 -2.55930401e-02 -2.75422520e-03
  4.29076020e-03  2.20103422e-02  8.98289275e-03 -7.86643990e-02
 -5.04068156e-02  3.00582649e-02 -1.14995004e-04  1.00196172e-01
 -5.63060883e-03  1.32006107e-02  1.65019543e-02  3.08751715e-02
  3.33649431e-02  6.71984185e-02 -2.93845878e-02 -5.53024136e-02
 -1.99976072e-02 -6.98972808e-02 -2.73038128e-02 -3.73411790e-02
 -3.55435594e-02 -2.28171234e-02  1.14653881e-02  1.05331134e-01
  1.18126737e-01 -2.30467874e-02 -1.17805207e-01 -1.38272521e-02
 -1.04984447e-01 -3.50323672e-02 -8.93607878e-02  1.19100807e-01
 -3.36398594e-03  9.06100002e-02 -6.41401653e-03 -5.69348081e-02
  2.87565092e-02  1.17531878e-01]
ruin    [ 0.86214985  0.21312136 -0.09907149 -0.0324867  -0.16596547  0.04565577
 -0.06934814 -0.05436637 -0.00366594 -0.02614405 -0.06114481  0.01648069
 -0.02435653 -0.04042974 -0.00579353 -0.0708827   0.06768319  0.07490733
  0.04266517  0.01078412 -0.02118454  0.00227205 -0.02148463 -0.01379055
 -0.02111686 -0.03860312 -0.00426133 -0.02218525  0.04184915 -0.01681882
  0.02679879  0.01600282  0.02865233 -0.01724462  0.05897027 -0.03241375
 -0.00203407 -0.04331974  0.0345747  -0.00918342 -0.01921837  0.05794935
 -0.02682204 -0.03062478 -0.01364136 -0.02812537  0.00786569  0.00453659
 -0.01177569  0.00554729]
sweet    [ 0.78102863  0.01780085  0.09226187 -0.06767864 -0.11379392  0.12292595
 -0.04633371 -0.05906162 -0.08888075  0.10035601  0.0939416   0.11135424
 -0.04413776 -0.06307474 -0.13555258  0.02940007 -0.08261834 -0.08123826
  0.09026183  0.04363564  0.02922859  0.03837809 -0.0012418   0.11307987
  0.05771657  0.08459282 -0.13288817  0.01965958  0.05651485 -0.0284629
  0.03587758 -0.01359085 -0.01105172  0.0243235  -0.00331839  0.03879813
  0.0297928   0.01128551 -0.08300896 -0.01486041  0.03682439 -0.02692685
 -0.05054229  0.03785742  0.04107152  0.03907727  0.00108882 -0.03853168
  0.01720667  0.0162843 ]
basic    [ 0.66083575  0.15540487  0.13448553 -0.01098285 -0.17306906  0.13637691
  0.061979    0.01363007 -0.14426112 -0.01033044 -0.01170121  0.24302828
 -0.10483147 -0.00335994  0.04295377 -0.09129149 -0.11941332 -0.11259875
  0.06788898 -0.05453098 -0.02365309 -0.06461467 -0.01353166 -0.03147409
  0.02358714 -0.01430144  0.12287881  0.01215403 -0.0526932  -0.05041732
 -0.02694008  0.02466842 -0.00709144  0.03648594  0.03473497  0.03265096
  0.0176806  -0.06626786  0.02359148 -0.00258345 -0.00258497  0.00610543
  0.02845873  0.03933062 -0.00793176 -0.06289276  0.00161064  0.07922379
  0.01219386  0.03023209]
wood    [ 7.48602984e-01 -2.39359506e-01  1.32885674e-02  4.64675549e-02
 -2.59354286e-02 -1.24126093e-01 -6.14312803e-02  1.33552777e-01
 -9.74159594e-02  6.39600137e-02 -2.88637716e-02 -5.00489531e-02
 -3.08462823e-02 -4.77944583e-02  1.05509490e-01 -8.62524257e-02
 -7.94032370e-02 -8.80303504e-03 -5.95695720e-02  7.88164415e-02
 -1.47647622e-02 -8.69349420e-02 -4.51581046e-02  4.74180638e-02
  4.12695980e-02  3.25110558e-02 -2.82163839e-02  2.40124235e-02
  6.91266284e-02  1.10287312e-02 -9.60276395e-02  1.08042395e-02
 -1.48238044e-02  2.64981361e-02 -1.48447243e-02  3.87270733e-02
  3.16150821e-02 -3.37104125e-02  2.07659795e-02  4.35322644e-02
  6.75839665e-02 -5.24121957e-04 -1.28457576e-02  2.96059160e-02
 -2.07817609e-03 -2.18660417e-02  3.45066914e-02 -4.17175425e-03
 -4.11454272e-02 -1.93108738e-02]
office    [ 2.93554302e-01 -7.52433551e-02 -4.35324035e-03  2.31174766e-02
  1.83282186e-02 -1.88339909e-02 -3.09067669e-02  5.00439313e-02
  3.38238278e-03 -2.38146619e-03 -1.70689427e-02 -3.12868584e-03
  1.55881205e-02  2.13357949e-02  1.31751883e-02 -2.64998840e-02
  3.88377581e-02  6.49230206e-03 -1.23817386e-02 -5.16967824e-03
  5.84708633e-03 -6.17794583e-05  1.07909269e-02  6.35657328e-03
 -1.68826686e-02  2.29653298e-02  2.01335237e-02 -2.38922106e-02
 -8.65246457e-02  3.26341723e-02  3.31920463e-02 -1.67117678e-02
 -8.47864327e-03  7.52169353e-03 -1.66523856e-02 -5.05130012e-02
  3.92434541e-03  6.93217476e-03 -1.03958716e-02  4.13159179e-02
  2.17281634e-02 -4.16745436e-02  2.44779056e-02 -2.99621725e-02
  3.47855709e-02 -3.49162180e-02 -3.78674283e-02 -2.49117793e-02
  4.11506341e-02  6.62766894e-02]
listen    [ 7.67299268e-01 -8.47529079e-02 -1.84036548e-01 -1.31518339e-01
  2.78014963e-02  4.93252040e-02  7.74194139e-02 -2.74035297e-02
  1.14642702e-01  1.13205821e-01 -9.61030936e-02 -3.32863210e-02
  7.20192100e-02  3.12618416e-02 -9.93593803e-02 -2.69214503e-02
 -2.32326895e-02 -8.32803271e-02 -6.34084132e-02 -2.14923679e-02
 -4.12552027e-03 -2.70332133e-02  5.51466029e-02  6.56053205e-02
  1.02149225e-01  1.89273367e-01 -7.24444764e-02 -2.35482488e-03
  9.45233434e-04 -1.20827699e-01  3.59381550e-02 -6.33558873e-02
 -3.94701495e-03 -5.99190976e-02  2.45651811e-02  6.02029487e-02
  6.84708787e-03 -9.35680258e-03  1.25799828e-02 -5.78981699e-02
 -4.34257372e-02  4.22042955e-02 -7.23625683e-05  4.17713644e-02
 -3.20295440e-02  5.94143911e-02  3.96476528e-02  2.04841499e-02
 -1.87825719e-02 -3.73943088e-02]
popular    [ 0.7592332  -0.02075521 -0.00375754  0.12329394  0.07439715 -0.06251103
  0.0617656  -0.02786348  0.05775154  0.09637202  0.13611963  0.06501349
  0.15935217 -0.07090741  0.02038967  0.02762396 -0.03380745 -0.07522957
  0.0275324  -0.03669077  0.01311352  0.1594731  -0.03033106 -0.07569002
 -0.0072511   0.05388434  0.06900817  0.06608366 -0.01976115 -0.07876741
  0.00667475 -0.03237056  0.02632253 -0.0404118   0.05862873  0.11797206
 -0.001251    0.03706174 -0.03328034 -0.02242101  0.03607331 -0.03204875
 -0.09634458  0.06123635  0.09808316 -0.05157502  0.0551294  -0.02142638
 -0.01836676 -0.02292509]
slightly    [ 0.80148202  0.07130787  0.07354395  0.03717239 -0.00465684 -0.04017138
  0.15053361  0.05952338 -0.02473703 -0.04286985 -0.01242793 -0.04666174
 -0.00820617  0.00984709 -0.0215579   0.00597042 -0.11531352  0.05701153
 -0.024987    0.05910574  0.10177839  0.08349399  0.11754093 -0.03062665
  0.00739768  0.04430948  0.03096242  0.05294926 -0.04484183  0.03169308
  0.01092117  0.04479261  0.00674709  0.05527113 -0.028144    0.04718254
 -0.03514227  0.00087597  0.03255451 -0.08864025  0.03337086 -0.05701018
  0.02994457 -0.01513732  0.02636888 -0.02268128 -0.02515497  0.08488134
  0.00475087 -0.0427708 ]
reach    [ 7.49148191e-01 -2.13585429e-02 -2.96483531e-02  1.29806093e-01
 -1.45452860e-01 -5.40972818e-02  1.18301103e-01  7.78998740e-05
  9.68472979e-02 -1.56148647e-02 -1.42169023e-01  3.24743866e-02
  5.30295482e-02 -7.46955643e-02 -4.76377617e-02 -6.16669371e-02
 -1.51683653e-03  8.54279460e-02  2.53091050e-02  3.08040603e-02
 -3.86121194e-02  1.32701852e-01  5.82385569e-02 -2.35902757e-02
  1.71214866e-02 -7.32041044e-03 -1.38605274e-02 -6.54683082e-02
 -4.28951441e-02  1.31531616e-02 -4.30470745e-02 -8.67655605e-02
  5.42086349e-02  1.16174152e-01  3.89971060e-02 -4.80689339e-03
 -7.35067453e-02 -1.86015027e-02 -4.11981632e-02 -1.97390721e-02
  1.80779550e-02  3.61466347e-02 -5.96004758e-02  8.45381239e-03
 -9.00258796e-03 -3.01557464e-02 -7.00561509e-02 -2.40743428e-03
  7.33868532e-02  4.62516996e-02]
language    [ 0.53836749  0.02038889  0.04179626 -0.08830256  0.0381456  -0.0110881
  0.01516184  0.03462095  0.05074772  0.01513711 -0.1574688  -0.00553743
 -0.01401366 -0.05360132 -0.01791304  0.06168562  0.12325405 -0.02289328
 -0.09585942 -0.15179765  0.03719442 -0.00485819  0.12999938 -0.12307622
 -0.01810888 -0.00889711  0.11730831  0.08259466 -0.04506209 -0.00989729
 -0.02861351 -0.07210832 -0.02456967 -0.0218763  -0.01093647  0.06390561
  0.10056938  0.09135058  0.00604941 -0.15095197  0.07934835  0.18291855
  0.00089948  0.12369021  0.02002254  0.19213912 -0.02292193  0.07114822
 -0.04143336 -0.14305288]
accept    [ 7.79261240e-01 -1.31286333e-01 -5.33223569e-02 -4.90744010e-02
 -5.22108285e-02 -5.70361503e-02  2.42431976e-02 -1.96911436e-01
  6.55378014e-02 -1.81310240e-02 -8.40757524e-02 -4.06987189e-02
  4.81481428e-02 -1.43910629e-01 -4.84353796e-02 -1.45064368e-02
  6.36513636e-02  1.15900465e-02  4.65915601e-02  9.92027239e-03
  2.00209557e-02  1.88199446e-02 -7.76774782e-03  6.55952605e-04
 -6.09809525e-02 -7.64332132e-03  5.55706726e-02  4.61012818e-02
  4.42272484e-02  4.49809466e-02  5.89684309e-02  5.83015840e-03
  2.70790626e-02 -3.24915470e-03  8.58526313e-03  5.66914117e-02
 -7.72075648e-02  9.44134215e-03 -3.39421186e-02 -5.53280068e-02
 -1.80243275e-02 -1.92449393e-02  2.18789140e-03  2.40105677e-02
  5.03988268e-02 -6.86489265e-02 -1.73138655e-02 -1.37744017e-02
  4.57462301e-02  4.17996203e-02]
positive    [ 0.72612179  0.17098838 -0.11227953 -0.04855273 -0.07910169 -0.07373484
  0.00269313 -0.05277404  0.02968808  0.01914742  0.0491509  -0.00610153
 -0.08225995  0.05048805  0.03220858 -0.0291913  -0.04532608 -0.01638726
 -0.0565428  -0.02906673 -0.15417125  0.08959806  0.01459569  0.04555715
 -0.05120259 -0.05761613 -0.06830439 -0.01761749 -0.11867743  0.00651914
  0.09604088  0.02568609 -0.06921108  0.02334955 -0.02743832  0.02383158
 -0.01550504  0.00765    -0.07056601  0.01828501  0.04412618  0.02723329
 -0.00809029  0.03349619  0.02294647 -0.04554762  0.02708951 -0.04089916
  0.01896761 -0.00370758]
depth    [ 6.28769266e-01  8.58043222e-02  3.17942586e-01 -2.79240710e-02
 -1.84117880e-01  1.39180022e-01  2.57536151e-01 -2.55920288e-01
 -4.24469426e-02  4.12478358e-02  9.89699768e-02 -7.74210881e-02
 -2.65396880e-02  2.25880975e-01  1.99510894e-01  8.57843286e-02
  1.19790971e-01  1.43808124e-02 -9.64203031e-03 -1.36286276e-02
  2.85846203e-02  1.22884858e-02  3.58568579e-04 -1.71121976e-02
 -5.94037221e-02  4.79753860e-02 -7.75374254e-02 -1.57799850e-02
 -2.09094784e-02 -2.00635500e-02 -1.46435266e-01 -1.02202072e-02
 -2.72851357e-02 -3.58945064e-02 -1.42735889e-02 -1.32347144e-02
  4.85374771e-02 -8.68631107e-02  7.85423456e-03  7.50344021e-02
  1.54109726e-02 -1.27448713e-02 -3.57190958e-02 -1.22672048e-02
  6.99895514e-03  2.00068298e-02  4.36939205e-02 -1.61818656e-02
 -1.96983208e-02  5.42090388e-02]
suddenly    [ 6.94962079e-01 -3.22890123e-01 -3.47453966e-02  1.01952553e-01
 -1.43093082e-01  4.91624864e-02 -4.23910991e-02  4.92034954e-02
 -1.90046742e-05 -1.73006336e-02  7.84649328e-02  5.22409141e-02
 -1.15370500e-02  4.70102209e-02 -3.16412265e-02 -2.41634733e-02
  4.25187420e-02  4.89495943e-02 -1.48978041e-01  3.84075483e-02
 -3.24731506e-02  7.68976315e-02 -3.06958061e-02 -1.09853561e-02
 -3.91926571e-04 -1.89447427e-03 -2.55723450e-02 -1.01795296e-02
 -1.88173555e-02  7.05130549e-02 -4.37561256e-03  3.82525345e-02
 -8.74128099e-03 -9.78728825e-02  4.22644915e-02  6.25644023e-02
  1.72482252e-02  9.89134826e-02  8.54768044e-03 -2.38380023e-02
  4.79699099e-02 -5.03425742e-02 -9.13413393e-02  1.61274999e-02
  4.13525075e-02 -5.01952965e-02  4.97535169e-02 -7.00917254e-02
 -7.80335553e-02 -7.13628409e-02]
mary    [ 0.60212923 -0.19821383  0.16888053  0.00356524  0.12046274  0.02998208
 -0.1593204  -0.00975959 -0.0474178   0.07457348  0.03785089 -0.07609628
 -0.05128172  0.11684503 -0.2064315  -0.06734667 -0.03726715  0.0587333
  0.02075745 -0.06814998  0.02445276  0.0221528   0.05173511  0.00648486
 -0.03461075 -0.05397263 -0.07212749 -0.01111875 -0.03076945  0.0090565
  0.03476875  0.00450794 -0.05043597  0.04145951 -0.01650967  0.06417675
 -0.04046914 -0.06180542  0.00267766 -0.00107668 -0.01413215  0.01906325
  0.08505657 -0.03797221 -0.04237919 -0.02853858  0.03536661 -0.07783858
  0.03988941 -0.05117092]
neither    [ 8.71036845e-01  1.49013916e-01  6.24000034e-02 -1.72072113e-02
 -4.14432902e-02  6.29039434e-03 -3.25785310e-02 -9.05162281e-02
  3.36136238e-02 -3.83077663e-02 -4.72122283e-02 -1.75344164e-02
 -4.45800428e-02  2.32620364e-02 -1.63044872e-04  1.44413210e-01
 -2.99170234e-02 -3.81149793e-02 -2.34076594e-02 -2.48470269e-02
 -9.09793498e-03 -9.48339987e-03 -5.52209301e-02  3.26833045e-03
  1.43376746e-03 -5.71535616e-02 -1.75087155e-02 -1.93479125e-02
 -1.58094451e-02  2.64118932e-02 -5.26373128e-02 -5.61316884e-02
  6.10209483e-02  3.00495109e-02 -6.28376014e-03  4.32085415e-02
 -3.95952999e-03  2.94948604e-02 -4.72654631e-03  3.25350121e-02
 -2.45900419e-02 -4.43089004e-03  1.61441957e-02 -3.52640600e-02
  3.33853445e-02  2.12884438e-02  8.55564158e-04 -1.94464792e-02
 -2.11609353e-02 -8.75765093e-03]
entirely    [ 7.37648267e-01  1.76887091e-01  1.00351989e-01  7.64227747e-02
 -6.25476444e-02 -7.46041741e-02  6.47028654e-02 -2.33754575e-03
 -2.70847653e-02 -7.32092309e-03  2.86694931e-02  4.89230545e-03
  4.95319598e-03  3.94198471e-03  4.56311013e-02 -3.70309976e-02
 -4.21209758e-02 -1.45406949e-03 -1.00018787e-01 -2.55511267e-02
 -1.11887800e-02 -3.99226205e-02  7.03005585e-02  4.75984506e-02
  4.43860412e-02  6.31979876e-04  5.02220790e-02  6.61032657e-03
 -2.19964494e-02 -1.67326660e-02  3.89594903e-02 -7.99445835e-03
  1.46554215e-02 -2.58177610e-03  5.73673469e-02 -1.69943443e-02
  8.55339736e-02  1.67681226e-02  7.85600667e-03 -4.77314617e-02
  5.51146730e-02  6.34016210e-03  3.23111110e-02 -7.35447602e-02
 -6.84989318e-02  8.50657903e-02  1.27906139e-02 -1.28016588e-03
  3.07666033e-02 -3.24598145e-02]
destroy    [ 0.72823906 -0.14149004 -0.00511019  0.02178663 -0.16326823 -0.02063702
 -0.02836387 -0.05677062 -0.01164824 -0.00784075 -0.0377873   0.09191389
  0.0068638  -0.13251388  0.00563657 -0.03333018  0.10891726 -0.0635707
  0.07460173  0.08012541 -0.07431901  0.03197722  0.00603129 -0.07568984
  0.01439807  0.00792838  0.01021877 -0.08071424 -0.02275601  0.10275683
  0.05338038 -0.06444197  0.06707472 -0.0215607   0.05744826  0.00133848
 -0.09165598  0.02537679  0.09917649 -0.05211326 -0.07627696  0.03771451
  0.02581795 -0.0418109  -0.04903554  0.03102241 -0.00083954  0.00491071
  0.03193286 -0.0133642 ]
train    [ 7.18819564e-01 -3.15822268e-01 -6.24380594e-02 -2.74453358e-02
  1.46341013e-02  3.25277001e-02 -1.35737229e-01  9.55407801e-02
 -8.55789740e-02  6.32838195e-02  3.93981362e-02 -6.54616001e-03
  3.89861162e-02  2.95808482e-02  1.59150903e-02 -1.17326812e-02
  2.17243085e-02  2.50403999e-02 -5.85023983e-02  2.91907270e-02
  3.61351303e-02 -1.45416253e-01 -5.15369477e-03  4.72595595e-02
 -5.13551006e-03  3.34993179e-03 -9.88455986e-03  6.39142787e-03
  3.87657312e-02 -1.00406810e-02  1.59797886e-02 -1.09296468e-02
 -2.41946944e-03  3.91104919e-02 -5.29497928e-02  1.55866736e-03
 -2.35714705e-06  5.59436872e-02  6.95010512e-02 -2.92072714e-03
  5.68530233e-02 -4.56015840e-02  1.96127452e-02  1.70528519e-02
  1.53756154e-02 -4.40017896e-02 -3.01823562e-02  5.01449498e-02
 -1.71864391e-02 -4.46795393e-02]
familiar    [ 6.57409695e-01 -2.58032382e-02  1.67329807e-01 -2.12306398e-02
 -8.29245643e-02  7.34366406e-02  5.84294379e-03 -1.11268737e-01
  3.52981115e-02  1.07209959e-01  8.91166915e-03  4.50151341e-02
 -6.55319425e-04  1.30602723e-01  7.38151563e-03 -8.63756496e-02
 -3.65381500e-02 -2.23564832e-01 -2.65890349e-02 -1.12845364e-03
 -9.79169845e-03  5.29853653e-02 -4.50340219e-02  1.90431179e-02
  2.75382826e-02 -6.90025879e-03  1.33724677e-01  1.56007791e-04
 -2.36342525e-02 -3.52905172e-02  1.02305886e-01 -6.13154516e-02
 -1.63997805e-02 -4.28705325e-02 -3.63858169e-02  5.62467072e-02
  4.42381423e-02 -1.21134377e-02  9.72162787e-03 -6.67883357e-02
 -3.60288325e-02  8.61143858e-02 -7.97707821e-02 -1.22269609e-02
  3.32603372e-02 -3.36799782e-03 -2.09138290e-02  6.32036313e-02
  5.82753070e-02 -8.66163156e-02]
intelligent    [ 8.35394181e-01  5.95151300e-02  1.48837035e-01 -5.57275419e-02
 -3.38479336e-02 -3.84185073e-02  3.06240086e-02 -3.60420993e-02
 -3.01723938e-02  7.49232402e-02  2.15534063e-02  2.40752861e-02
 -5.30018824e-02 -3.90637236e-02 -4.15162495e-02 -1.85594185e-02
 -1.08195613e-01 -9.63927565e-02  3.82187634e-02  3.54147845e-02
 -7.21365739e-02 -2.18254037e-02 -4.86520592e-02  9.59060983e-03
 -4.73174006e-03  3.10991634e-04  1.89456209e-02 -9.37632826e-03
  7.15496048e-03  1.44906749e-02 -2.79912036e-02 -1.87890036e-02
  5.02858207e-02 -4.14517092e-02 -4.86621107e-02  1.61635416e-02
 -6.27621152e-03  9.07235919e-02 -3.60426124e-03  4.51377564e-02
  1.34349649e-02 -2.19055581e-03 -9.90359461e-03 -6.22414925e-02
 -1.48278326e-02 -3.92295761e-02 -3.70740400e-02  3.68139193e-03
 -7.32147965e-02  4.28540426e-02]
century    [ 0.65820446 -0.03124517  0.0377504   0.14564595  0.02574151 -0.04522609
 -0.03352646  0.00461663 -0.0107968   0.05483624 -0.00250637  0.13360975
  0.01901047 -0.08278066  0.08003149 -0.04822189 -0.00155845 -0.04789739
 -0.01554518  0.05600527  0.01999866  0.010779    0.02093828 -0.00156888
  0.10506845  0.07057716  0.06774594 -0.03369107  0.07791064  0.03253375
  0.00265815  0.07506737  0.01498425  0.00835092  0.003677   -0.00869595
 -0.01178223  0.05009253  0.03506033 -0.00479713 -0.06657783  0.0105354
 -0.03966741 -0.08323415  0.06081396  0.02408058 -0.00279313  0.11211279
 -0.06815581 -0.06145855]
adaptation    [ 6.57980572e-01  1.82594712e-01  1.21229369e-01  1.32557639e-01
  1.40573357e-01 -1.66252982e-01 -7.46777228e-03 -3.38199464e-02
  3.89132453e-03 -1.70816404e-02 -6.59024593e-02  1.22587899e-01
 -5.78558810e-02  1.43118418e-01 -1.72463831e-02 -1.66662893e-02
 -1.14035331e-01 -1.64995058e-04 -5.41109634e-02 -6.57782328e-02
  2.28175877e-02 -7.77657824e-02 -3.58313503e-02 -1.14891552e-01
  5.57039962e-03  5.23922029e-02 -9.64020934e-03 -8.05519762e-02
  5.04434775e-02 -2.00492750e-02  5.53949342e-03 -8.05553792e-03
 -4.59660514e-02  4.14397617e-03 -8.95467877e-02 -1.00951958e-01
 -2.32424311e-03 -6.98412755e-02  1.25955429e-02 -1.24644151e-02
  4.21652375e-02  9.91705657e-02 -1.11112654e-01  4.99511441e-03
 -7.46971782e-02  1.99554300e-02  9.35010864e-02 -1.22984694e-03
  1.81770800e-02  2.62064441e-03]
channel    [ 0.57510461  0.08959179 -0.25155153 -0.04827702  0.02718906  0.06532799
 -0.09912215 -0.03877613 -0.03399124  0.07004485  0.11210336  0.09023914
  0.1108386  -0.00746897  0.04091526 -0.03792841  0.15598336 -0.00388364
 -0.00932009 -0.00117121  0.09580291  0.08914165 -0.02148525 -0.03390841
  0.02712154  0.00405108  0.02264576  0.05553491 -0.04328754 -0.02567669
 -0.01312048 -0.02124825  0.08445308 -0.06344935 -0.02312736 -0.0020331
  0.00837085  0.06303015  0.02111311  0.05284092  0.01232741 -0.03670095
 -0.05245185 -0.00323669  0.0109487   0.02351558  0.03177481 -0.00258795
 -0.00985158 -0.07995223]
approach    [ 0.7851631   0.07960724  0.1336888   0.16521591 -0.06515237 -0.12240562
  0.10494007  0.01447793 -0.08868189  0.00875206 -0.0937707   0.02994521
 -0.00287628  0.07095828  0.02759372 -0.05438151 -0.05018668 -0.01505374
  0.03013838 -0.10364378  0.03545737 -0.09747073  0.09172301  0.11051075
 -0.03720836 -0.07371721  0.02043919  0.01715259  0.09107231 -0.07004785
  0.0433559  -0.00966252  0.12216775 -0.02829136  0.01689286  0.00230229
 -0.0124264   0.00629947 -0.01389854 -0.01955724  0.02975383  0.01102146
  0.04790263 -0.04145709  0.00367655 -0.01828213 -0.03429916 -0.00916449
  0.01557125 -0.01194327]
planet    [ 5.49093986e-01 -2.41122721e-01 -8.20050868e-02  2.33347807e-02
 -1.41421699e-03 -1.29362875e-02 -4.42504912e-02  3.56370542e-02
  3.65642213e-02  3.57034700e-02 -3.61161394e-03  4.12103859e-02
 -1.37415195e-02 -9.48935461e-03  4.48736969e-02 -3.75289911e-02
  6.94757124e-02 -8.49327071e-02 -4.19962057e-02  4.69644905e-02
 -4.02124437e-02  1.17459791e-01  6.55174701e-03 -3.16738024e-02
 -5.92383863e-02 -5.69732890e-02  7.63247438e-02 -8.26801463e-02
 -1.62976870e-03  2.09112609e-02  9.98682146e-02 -2.50104774e-02
  4.96411502e-02  1.00677169e-02 -4.41249131e-02 -5.64224183e-02
 -2.48540244e-04  5.61757507e-03  6.57460923e-02 -1.69390753e-02
 -1.49988937e-02 -5.90362658e-02  1.17651741e-02 -7.99608008e-02
  3.90544039e-03  5.96454962e-02 -1.31746856e-02 -2.90072573e-02
 -5.66540510e-02  2.82925793e-03]
spot    [ 8.26819520e-01 -1.08304930e-01  8.11857582e-03  3.79974798e-02
  2.00809955e-02 -2.13613612e-02 -6.61021632e-03  4.02171346e-02
  2.07851601e-01 -5.01319862e-02  4.96492739e-02  2.27311897e-02
 -3.40178114e-02 -9.62039139e-04  6.34739667e-02  5.70664071e-02
 -1.01291279e-01 -4.89571604e-02 -5.03588543e-02  3.84345421e-02
  5.49678946e-02 -6.50459767e-03 -7.89964195e-03  4.32167201e-02
 -1.82477110e-02 -6.48597347e-02 -1.22190409e-02  7.04084711e-03
 -4.37079190e-03 -1.83816334e-02  4.09700466e-02 -6.53075239e-02
 -2.66066884e-02 -5.08549789e-02  7.46860938e-03  8.81413125e-03
  1.30459133e-02 -1.81578120e-04 -9.69588013e-02 -3.51340235e-02
  2.57912473e-02 -1.19254954e-02  2.51426800e-03 -7.04359197e-03
 -1.18727364e-02 -3.87683437e-02 -1.44598387e-02 -6.85606807e-02
 -8.48478108e-03  2.67058633e-02]
trip    [ 0.62354422 -0.3473679  -0.07121171  0.03470863 -0.05506169 -0.04666171
 -0.05705363  0.06864179 -0.07143668 -0.09657061  0.01002674  0.17491935
  0.0647871   0.01076299  0.1234738  -0.06446576  0.05596904  0.10337803
 -0.16575249 -0.10622375  0.06151202 -0.12756145 -0.0136518   0.23538527
 -0.06886757 -0.06457422  0.06269356  0.01613306  0.18372347 -0.15240372
  0.01589583 -0.10399855  0.01215555  0.05050577 -0.02295558  0.01957659
 -0.04690971 -0.04407422 -0.02679384  0.00095842 -0.03173969  0.02662219
 -0.0311383   0.03555429  0.012655   -0.04504485 -0.02820666 -0.05556445
  0.01142471 -0.03118305]
concern    [ 6.80712998e-01  1.32120288e-01  1.64695265e-01  1.36090457e-01
 -1.84553207e-01 -6.23991504e-02  1.11718070e-02 -5.74596518e-02
 -4.63813513e-02  2.50923128e-03 -2.75137869e-02  1.49760933e-01
 -1.14951569e-01 -6.26829650e-02 -2.27856982e-02 -1.57234465e-02
 -1.37069044e-01 -1.22997187e-01  4.04497220e-02 -1.01693537e-02
 -2.69994505e-02 -9.45115400e-02  4.20102790e-02 -1.72450953e-03
  1.42201393e-02 -5.69237269e-03  9.77015492e-02  1.48968440e-02
  3.07702687e-02 -5.05040247e-02 -5.66018380e-02  8.05042803e-02
 -3.62912568e-02 -7.55509953e-03  1.86831505e-02  4.53006243e-02
 -5.24110278e-04 -3.49395180e-02 -9.35554313e-03 -3.52592547e-03
  1.32041950e-02 -5.18914748e-03  3.26773989e-02 -2.90380391e-02
  1.06259368e-02 -5.22567235e-03  5.06325545e-02  1.59428548e-02
  1.55093080e-02 -3.28948461e-02]
step    [ 0.61550484 -0.19838706  0.04688259  0.13996413 -0.01933003 -0.07801818
  0.02068031  0.03573118  0.18825801 -0.0111329   0.05467067  0.1524587
  0.02511032 -0.04531756  0.19695665 -0.05158157  0.01791397  0.00358048
 -0.08168773 -0.04114362  0.03486341 -0.01656265  0.07674235  0.1532283
  0.06049577 -0.13607418 -0.05939026  0.02700548  0.0707905  -0.11225558
  0.02642417 -0.02983781  0.05987879  0.12998442 -0.09549223 -0.02420802
  0.04878092 -0.04736015 -0.10277431  0.05065075  0.02724094  0.02528982
  0.08478337 -0.04337326  0.00652541 -0.05911636 -0.0715398  -0.03925801
  0.09026041 -0.08502377]
revenge    [ 0.6572654  -0.2725316  -0.03322156  0.00215838 -0.18739162  0.02803404
 -0.09250412  0.04467595 -0.16442683 -0.23701715  0.0385641   0.01967143
 -0.04500845  0.00111666  0.14384192  0.03634578 -0.07488761 -0.01874219
  0.05914822 -0.10841459  0.06743306 -0.08260893  0.02572928  0.1010432
 -0.0198677  -0.07623117  0.08202991 -0.00943127  0.2002601  -0.14971838
  0.13376643 -0.09718969  0.15284063 -0.0195077  -0.04810758 -0.02854474
 -0.02601434 -0.06593636  0.03918897  0.012939    0.01555532 -0.01751424
  0.03887089  0.02754026  0.03627206 -0.01458624  0.00188911  0.0080168
  0.058601    0.00106513]
clever    [ 7.88932561e-01  1.60106838e-01  9.52986893e-02 -6.42025300e-02
 -9.49033457e-02  1.83941770e-02  7.12836187e-02  8.28733820e-02
 -1.73199882e-02  2.23656120e-02 -7.06460616e-04  8.90283113e-02
 -1.14586079e-02 -8.15166057e-02 -2.19337370e-02 -2.78400006e-02
 -8.94780134e-02 -2.77787390e-02  5.00341526e-02 -3.18720221e-02
  5.64256186e-02  1.06778929e-01  6.09048367e-03  4.83013646e-02
  5.95431407e-02 -1.53533411e-02 -7.15017024e-02  1.51093660e-02
 -8.22175418e-02 -1.61675804e-02 -2.70685520e-02 -2.51603244e-02
  4.00783721e-02  2.23950686e-02 -5.65176009e-02  3.93546832e-02
 -8.86611840e-03  1.57622404e-01  3.36784635e-02  3.30019086e-02
  7.26085012e-02  7.51300776e-02  1.38301519e-02  4.26178357e-03
 -3.62514660e-02 -5.26148448e-02 -5.01743020e-02  2.50125315e-02
  5.07389602e-03 -4.09960948e-02]
visual    [ 0.56407845  0.18256972  0.16155726  0.00324293  0.03539276 -0.02048197
 -0.02449436  0.13844269 -0.06515231 -0.02231304 -0.08946138  0.0451683
  0.02546606  0.02988957  0.02352707 -0.01407969  0.08054485 -0.16258411
 -0.00122227 -0.01765578  0.05235933  0.08072059  0.05199322 -0.00870112
 -0.01321023 -0.02935203 -0.08810613 -0.01801996  0.04359806  0.02545867
 -0.05431092 -0.0074532  -0.01054703 -0.11354579  0.02363527 -0.14760305
 -0.05696507 -0.01956883  0.06654271  0.05973724  0.00250653  0.14138279
  0.1892068   0.25465708  0.17196014 -0.03809984 -0.04182957 -0.00220242
  0.01855065 -0.00510853]
successful    [ 8.23487981e-01  1.25176369e-01  2.27142501e-02  1.00359480e-01
  3.29980053e-02 -2.01666886e-01  9.58710819e-02 -3.20286797e-02
  5.03053815e-02  2.38944677e-02  1.20393271e-01 -1.89128260e-02
 -5.10395736e-02 -1.44771404e-01 -1.12180341e-02 -3.06725423e-02
 -1.52159207e-02  4.57325929e-02 -2.21995456e-03  5.32284555e-03
  4.55602909e-02 -2.33083204e-02  5.13487520e-03 -2.35648982e-03
  1.33515489e-03 -1.19930146e-02  3.86075706e-02 -9.92737115e-03
 -6.87403665e-03 -6.41012332e-02 -9.23419080e-03 -3.76050229e-04
  5.01608175e-02 -4.58218560e-02  2.73430699e-03 -1.14243584e-03
 -1.11797363e-02  5.43309164e-02 -6.10234611e-03 -1.76580201e-02
 -7.79356435e-03 -7.62054599e-02  2.48292759e-02 -4.46770650e-02
  3.22139127e-02 -1.95500021e-02  2.94014286e-02 -3.88291558e-02
 -3.10165277e-02 -1.99987865e-02]
kick    [ 6.42491952e-01 -2.58072433e-01 -1.34755407e-01  4.89313039e-03
 -7.23838346e-02  3.75011764e-02 -8.65512522e-02  1.21307506e-01
 -9.93764820e-02 -3.24195545e-01  7.14098603e-02 -1.49384887e-01
  1.87590524e-02  5.82432420e-02  1.89105337e-01  2.02086514e-01
 -2.00340135e-01 -6.73394491e-02  1.88655514e-01  2.84984625e-02
  4.38029531e-02 -1.87797121e-02 -7.64834890e-02 -1.50508134e-01
  8.97704438e-02 -8.47703077e-03  1.51170737e-02  4.09486230e-02
  8.75654896e-02 -2.30711543e-02  8.66127049e-02 -4.73286115e-02
 -1.51461839e-02 -1.76659793e-02  6.55186173e-02 -3.03373381e-02
 -1.81529331e-02 -2.35615664e-02 -2.47872976e-02  7.32721014e-03
 -5.16719290e-02 -1.92153115e-02  3.63017447e-02  2.57802477e-02
  1.76058685e-02  6.08298026e-02  4.99453402e-04 -1.06241177e-02
 -1.29882235e-02  1.72686030e-02]
tear    [ 0.56524164 -0.04780053 -0.10558386  0.0172516  -0.08735043  0.02864662
 -0.0189759   0.04748822  0.02598729  0.02199571  0.02616112  0.00205357
  0.04885692  0.04456957 -0.08276432  0.03305291  0.04270086  0.04145927
  0.03639489  0.09291552 -0.02327983  0.03268301  0.04120869  0.02265393
  0.07061605  0.035227   -0.12326866  0.04366986  0.00210982  0.03354029
  0.02402206 -0.01077965  0.08781504 -0.02802191 -0.06387455 -0.04620587
  0.09795784 -0.04467058 -0.08466991 -0.06918293 -0.07254196  0.03170253
 -0.07155488 -0.00601818 -0.03426245  0.11311456 -0.0888225   0.00085487
  0.05298433  0.10742524]
land    [ 0.62660374 -0.31484907  0.01769217  0.14055731 -0.02489657 -0.03174401
  0.05735194  0.09509321  0.01071084 -0.0645048  -0.13709025  0.02944075
  0.23885262 -0.07290926 -0.02575757 -0.02608952  0.00642579  0.01975549
  0.00469372  0.06919737  0.0087966   0.00756838 -0.04324407 -0.05796079
 -0.05483055 -0.05114842  0.03416153 -0.0672517  -0.07115991 -0.01116394
  0.02779518 -0.04997618 -0.01302232  0.03496587 -0.01909094 -0.01428121
 -0.07065111  0.05524762 -0.00751317 -0.02975108  0.1093814  -0.05440363
  0.01131543  0.00410197  0.08499968 -0.03729228 -0.0043702  -0.02665504
 -0.00995362 -0.00932876]
sell    [ 0.78385622 -0.07314057 -0.04090381  0.03259875 -0.08736586 -0.14810845
  0.02137557 -0.08241194  0.03996911 -0.10255242 -0.07160413 -0.03750698
  0.00155052 -0.17830616 -0.0133393  -0.01185787  0.03115064 -0.03239225
  0.00583482  0.03031189  0.06069359 -0.04005429 -0.03336485 -0.02648878
 -0.02005766  0.01222144 -0.00825662 -0.11217362 -0.10195607  0.0101182
 -0.05428284 -0.04812508  0.0178795   0.01676493  0.0142893   0.03005015
 -0.08480415  0.05448756  0.00447287  0.05674723  0.00458509  0.06388723
 -0.07483088  0.03673815  0.00112527 -0.02427244  0.04794031 -0.0274694
  0.06180983  0.07119232]
biggest    [ 6.83642665e-01  1.87528430e-01 -5.85846682e-02  1.51512727e-01
 -1.78113814e-02 -1.09779345e-01 -5.84298839e-02 -2.23189068e-02
  1.84258284e-01  5.19219590e-02  1.49627656e-01  8.24571822e-02
  2.15562304e-02 -3.30186671e-02  1.14511839e-01  2.97695065e-03
 -7.47203325e-02 -3.29209762e-04 -5.63503407e-02 -1.63490861e-02
 -5.60971811e-02  6.63134840e-02  1.64446149e-02  1.87372245e-02
 -6.02338371e-02 -2.29283478e-02  6.17515094e-03  2.98553801e-02
 -4.62773095e-02  6.18839143e-02 -5.46027813e-02 -1.38671626e-02
 -3.13306583e-02 -6.11644057e-02  2.84366285e-02  4.52871080e-02
 -9.26078107e-03 -6.52395071e-03  5.04059106e-02  2.30181920e-03
 -7.95502012e-02 -3.54405081e-02  3.75613242e-02 -3.29111037e-03
 -3.71070700e-02  3.43466855e-03  4.49563716e-02 -2.15312838e-02
  3.16831682e-02  1.82396084e-02]
brain    [ 7.96349151e-01 -1.14841960e-01 -2.01716988e-01 -1.43378708e-01
 -3.39099496e-03 -7.08248812e-02  5.53556958e-02  1.24761917e-02
  4.41074649e-02  2.24284382e-02 -4.00901834e-02 -6.98386579e-02
 -3.58244883e-02  9.55651005e-03 -5.25483319e-02 -7.81927043e-02
  7.59159578e-02 -3.31858095e-02 -4.98757425e-04  1.28060854e-02
  2.87360732e-02 -7.32925710e-02  8.76984813e-02  6.85188012e-02
 -2.27881534e-02 -1.50844204e-02 -2.50107906e-02 -2.91722253e-02
 -3.96296052e-02  8.25177086e-03 -7.39407941e-02 -3.23623189e-02
  1.03833122e-01 -9.50228065e-02 -3.52159464e-02  1.15080170e-02
 -3.50158925e-03  1.95444262e-02 -6.46142971e-03 -2.49489650e-02
  2.16896378e-02  8.18549001e-03 -1.26611818e-02  2.82305170e-02
 -7.91921844e-02  5.81082508e-02  2.51865992e-02  7.40234089e-02
 -4.12896322e-02  3.23635295e-02]
introduce    [ 0.61159121  0.01627971  0.30785302  0.15925092 -0.24264705  0.15541825
  0.18974643 -0.2423476   0.05561476  0.04813171  0.08259153 -0.11594031
 -0.00179506  0.12274996  0.25660323  0.08986944  0.08710567  0.13205729
 -0.13881479  0.00915151  0.07584371 -0.07352011 -0.04500779 -0.07118049
 -0.01526927  0.06347061  0.00773432 -0.07054855 -0.01268436  0.00187215
 -0.01963413 -0.04253303 -0.01630641  0.03307644  0.03746223 -0.00092988
 -0.05519249 -0.05644253 -0.02493481  0.057173    0.01306682 -0.02361648
 -0.02437746  0.0340955   0.01986393  0.07208149 -0.07099413  0.01424987
  0.02871907 -0.01276537]
tony    [ 6.31346257e-01 -3.17579715e-01  1.73673652e-01 -6.06494500e-04
  1.07713859e-01 -1.22437834e-02 -3.95574944e-02 -1.28114664e-01
 -3.22486550e-02 -9.62098678e-02  9.74554727e-02 -6.15743472e-02
  3.08241939e-02  9.62010526e-02  1.71883733e-02 -7.09866640e-02
 -6.42371984e-02  1.04225713e-01  5.54983190e-02 -9.43505664e-02
  4.57745190e-02  3.81261602e-02 -3.24566296e-02 -5.27983442e-02
  2.40266598e-03 -8.24922141e-02 -1.96800811e-02 -2.23049110e-02
  2.06194964e-02 -2.70176468e-02  3.86422520e-02 -1.71946794e-03
 -3.15820384e-02  1.73171746e-02  5.24978265e-02  4.86256576e-02
 -7.03953557e-02 -3.03836527e-02  9.78082298e-03 -2.19203887e-02
 -5.28638774e-02 -1.07445729e-02  1.23697245e-02  3.08265876e-02
 -6.66425211e-02  3.76285345e-02  4.72859530e-02 -2.43926447e-02
  3.57561242e-02 -7.07494259e-03]
culture    [ 0.62836886 -0.14893628  0.02539771 -0.01903662 -0.01625698 -0.11260668
  0.07730116 -0.00512865  0.00771993  0.14903833 -0.13113585  0.03334342
  0.06017179 -0.03483589  0.01712146  0.02978762  0.03328801 -0.03435827
  0.01683474 -0.04604213 -0.06519052  0.15073736  0.0475803   0.01756775
 -0.00500309  0.04892424  0.12117519  0.00863251  0.02751608  0.01781711
  0.09295224 -0.0329307   0.00833721  0.05631325  0.08161975  0.07994578
  0.03670846  0.09624521  0.00209903 -0.08403877  0.00234512  0.05958337
  0.08785273 -0.07240272 -0.04071298  0.05278853  0.00117387 -0.00251665
 -0.00477065 -0.04809005]
trash    [ 0.73812479  0.10355941 -0.18061355 -0.14193585  0.06451745  0.00339725
 -0.0478696   0.02216178 -0.10879127  0.10149873 -0.0138472  -0.06673911
  0.05841546 -0.02810674  0.05224571 -0.00450336  0.01329326  0.02582341
  0.04765646  0.01167738 -0.02060879 -0.0542308  -0.02009703 -0.04406285
 -0.00657754 -0.01953122  0.00345572  0.03142758  0.04060929  0.00574371
 -0.06287531 -0.04994513  0.08976745 -0.02362353  0.00281979  0.01579469
  0.0318525   0.01266863  0.04764839 -0.03796076 -0.00671682  0.00663309
 -0.01913553 -0.03698426 -0.01499234 -0.03649809  0.04443443 -0.01290579
  0.05357196  0.01342003]
recent    [ 0.73004077  0.2919948  -0.10096769  0.34292224  0.15670321 -0.01309156
  0.0255     -0.0239909  -0.11985155  0.07461729 -0.10121095 -0.05312048
 -0.07839447  0.01188418 -0.03600001  0.05305822 -0.07602794  0.00931764
 -0.06644005 -0.02156951 -0.02986884  0.06039893 -0.1518481  -0.00732982
 -0.13412496 -0.05373929  0.01473955  0.06823984 -0.046953   -0.04444604
 -0.04085136 -0.04299424  0.03823452  0.03951303  0.03155386 -0.0881225
  0.04045406 -0.03557655 -0.0353159  -0.02872115 -0.01846856 -0.00340553
  0.02596532  0.01565692 -0.05233964 -0.00457813 -0.02606104 -0.02929024
 -0.05831322 -0.02620575]
taste    [ 0.7016536   0.10221098 -0.05102687 -0.21109178  0.05175041  0.11606319
 -0.12784169  0.06917133  0.00522408 -0.01649002 -0.10510339  0.061048
 -0.05890179 -0.13540735  0.0684264   0.18421569  0.04120225  0.10529847
 -0.07669186 -0.02135111 -0.10609963 -0.07673607  0.01939285 -0.07988745
 -0.05769953 -0.05933643  0.00117407  0.04360567 -0.0065731   0.01948918
  0.00618904  0.01271674  0.04425725 -0.0046416   0.02088764  0.09787357
 -0.00464465 -0.10317744 -0.03177218 -0.04577067 -0.0550236   0.02150177
 -0.08994096  0.00196203 -0.03207926  0.10106267 -0.01512214 -0.09922487
  0.07905963 -0.0834767 ]
maker    [ 0.66870291  0.46560933 -0.00684114  0.23636218 -0.03774652 -0.31877994
 -0.01620889  0.03591544 -0.14809519 -0.08749164 -0.09453014 -0.14325552
 -0.0842392  -0.01455738  0.01640432  0.05982809 -0.09936925  0.10126078
 -0.04724947 -0.02926629 -0.00668075 -0.08974068  0.03151919  0.03244374
  0.03477667 -0.00328103 -0.06854031 -0.0410045  -0.01683515 -0.00606798
 -0.05272911  0.07570473  0.05473617  0.01587912  0.04533021  0.02035398
  0.01495006 -0.02843052 -0.00980881  0.0192905   0.02837281 -0.01052048
  0.00103234  0.04393544 -0.00442021  0.00480475  0.02300184 -0.00620988
  0.00211657  0.00809343]
master    [ 7.37633890e-01 -1.46617881e-01  1.74664125e-01  9.05990173e-02
  1.24686687e-01 -1.09699875e-01 -3.35374917e-02  1.51301288e-03
 -1.21231245e-02  3.62582326e-02 -6.59351453e-02  7.55238723e-02
 -3.63270499e-02  1.67935012e-02  1.82876434e-04 -6.72914161e-03
 -3.43854861e-02 -2.05695250e-02  7.19734892e-02 -1.36351564e-02
  7.61984943e-02  3.51762120e-02  4.19707783e-02 -6.59848820e-02
  3.91896052e-02 -8.20282051e-04 -1.04916285e-02 -1.20212402e-02
  2.42820719e-02  4.72095764e-02 -7.24066849e-02 -9.20533263e-02
  5.45017046e-02 -7.47686856e-03 -1.25876546e-02  9.38294606e-03
  1.76371909e-02  9.12141715e-02  5.84870134e-02  1.96185230e-02
 -1.99881197e-02 -1.38469365e-02 -1.24589944e-02 -1.63369747e-02
  3.31369972e-02 -1.08200099e-02 -8.94704603e-02  5.16743636e-02
  1.24293452e-02 -7.61706336e-02]
violent    [ 0.83023016  0.06224589  0.03029611  0.04919032 -0.11140822  0.02215744
 -0.10413487  0.15390284  0.04888776  0.07751968  0.09912798 -0.05396504
 -0.03454659 -0.0026506  -0.11514191  0.02356726  0.05903431  0.02963012
  0.06083538 -0.0619054  -0.00696593  0.00840133 -0.01442992 -0.04220607
 -0.0018232  -0.05986465  0.06741911  0.03361436 -0.01716395 -0.01909072
 -0.0295216   0.03085688 -0.00248923 -0.0024584  -0.00202481 -0.02995322
 -0.01041946  0.03323874  0.01332414 -0.03374968  0.03550891 -0.02533241
  0.0283944  -0.01480344  0.02108894 -0.03213132  0.00257388 -0.03798071
  0.01095801  0.02366437]
science    [ 5.68826389e-01  1.66389861e-01 -3.27834059e-02  3.54083200e-02
 -5.50918151e-04 -4.64418367e-02 -8.98958280e-02  8.51018563e-03
 -7.71100157e-02  2.89471013e-02 -1.33945015e-02  1.17990353e-01
 -1.89113260e-02 -5.49191593e-02  3.98008099e-02  2.41263552e-02
  3.06131393e-02  1.83072794e-02  5.72923097e-02 -9.31028739e-03
  4.15365070e-02 -3.25789378e-02 -1.98053801e-02 -2.50497656e-02
  3.00905384e-02  1.52505030e-02  4.66857454e-02 -9.97678056e-04
 -3.47599172e-02 -6.74353033e-03 -5.26974249e-02 -4.24357562e-02
 -1.30304691e-02 -5.06871405e-03 -2.65996168e-02 -9.45883733e-03
 -3.14511409e-02  1.32101098e-02  3.95803780e-02 -1.62767832e-02
 -3.67060514e-02 -1.54862251e-02 -4.72577390e-02  1.36584530e-02
 -2.90016567e-02  3.59954430e-03  3.36779398e-03  1.71899977e-02
 -4.25536011e-02  5.45369707e-03]
receive    [ 7.61763679e-01  1.77940408e-01 -2.28332709e-02  1.08451743e-01
  3.65752507e-02 -7.03880064e-02 -9.50405277e-02 -1.01066979e-01
  7.69435009e-02 -9.80051393e-02 -5.87826184e-02 -2.34900039e-03
 -4.59664560e-02 -6.36033608e-02  4.60633340e-04 -3.43854271e-02
  3.37987980e-02  3.20948130e-02  5.61384351e-02  8.86639925e-02
  5.71743308e-02 -1.40042037e-02  7.02197945e-02 -3.42465785e-02
 -8.78836556e-02 -2.14111672e-02  1.60886220e-02  1.92388225e-03
 -6.40436597e-02 -3.71449585e-02  5.42860191e-02 -1.68314548e-02
 -6.79124542e-02  3.11366810e-02 -7.59272412e-02 -3.43811643e-02
  7.77926802e-03  6.90024570e-02  1.65457471e-02 -4.71784878e-02
  6.24478725e-03 -5.77917225e-02  5.53584059e-02 -1.04038714e-03
  2.12240611e-02  7.88387901e-02  6.36948401e-02 -2.93788692e-02
  6.33071688e-02  4.61529546e-02]
computer    [ 0.64315185 -0.11708744 -0.00699175 -0.10965264  0.04085851  0.01736705
  0.03609557  0.11644681 -0.09216544  0.04954847 -0.05913844  0.00763848
  0.07066059 -0.03564336  0.01242721 -0.15333678  0.1210464  -0.10169668
 -0.00545048  0.00120481  0.13104515  0.06975161  0.1048777  -0.07450533
 -0.04953484 -0.01041892 -0.03452526 -0.00869362 -0.03701445  0.0346117
 -0.00277295  0.023178   -0.00755256 -0.02024402  0.04941883 -0.06394162
 -0.00128511  0.00989171  0.115485   -0.00116455  0.03694536  0.11741323
  0.08146609  0.18238237  0.08510785 -0.00670342 -0.02028509  0.06339194
 -0.01165832  0.05723626]
cold    [ 0.52443875 -0.12187702 -0.01728339  0.01420346 -0.05942237  0.01082216
  0.02288745  0.09173883 -0.03141139  0.07439466 -0.01345814 -0.04206787
  0.01015756  0.03029569  0.04282874 -0.03268559  0.03425978  0.07342541
  0.00453489  0.0409481  -0.00747601  0.02885258  0.0550543   0.01638848
 -0.06173814 -0.03002302  0.02512763  0.04328458 -0.04521947  0.0500793
 -0.03852955  0.03005664  0.04546132  0.01389286 -0.06199764 -0.0570645
 -0.02752174 -0.07532923  0.05549167 -0.07254457 -0.04885943 -0.07464032
 -0.05769256  0.08871023  0.03745821  0.18212609  0.02267678  0.07535371
 -0.06665576  0.07941987]
door    [ 0.34324808 -0.24714805 -0.06576568  0.00430121 -0.03915919 -0.04425394
 -0.01395891  0.06650934  0.01052908 -0.05976701 -0.01366958  0.02481482
  0.01264143 -0.01098223  0.06451457 -0.04732731  0.02701465 -0.02765385
 -0.09569564  0.02732675  0.00401833  0.01935924 -0.03665809  0.00123479
  0.04026281  0.06417689 -0.02642814 -0.02031961 -0.02973394  0.06200252
 -0.03933475  0.03537411  0.02182512  0.02892369 -0.07494942  0.02052743
  0.03285581 -0.02949913 -0.09529574  0.05110954 -0.03719603 -0.04419643
 -0.03269818  0.07041135 -0.0100013   0.0863906  -0.02099787  0.01249323
 -0.05525851 -0.01380695]
slasher    [ 0.68749899  0.36143273 -0.10623587  0.03197568  0.01320148 -0.10110906
 -0.12443672  0.04892289 -0.03604898  0.04882936  0.04320355 -0.00822376
 -0.02547203 -0.04841648  0.05390036  0.10816276 -0.03445514  0.06356505
 -0.05751429 -0.01173456  0.03302458 -0.01741369 -0.03683453  0.01842575
 -0.01061438 -0.01935139  0.03362134 -0.07328714  0.01052759  0.04166415
 -0.08229055 -0.04606444  0.05267181 -0.00332211  0.00441875  0.01411526
 -0.01948689 -0.08625813 -0.00284027 -0.0036157  -0.01523952 -0.02226875
  0.00964332  0.010124    0.01967722 -0.00875145  0.01457045  0.0052941
  0.06337642  0.00130301]
camp    [ 7.52411561e-01 -1.52124439e-01 -1.75860984e-02  4.03625874e-02
 -3.85161483e-03 -3.24232858e-02 -6.54215048e-02  5.94516524e-02
 -3.96943411e-02 -1.75734475e-02 -7.42457442e-03  9.25335299e-04
  3.30928778e-04 -9.47288647e-02  8.28212086e-02 -2.86861351e-02
 -1.35222347e-02  4.24737720e-02 -1.83341825e-03 -1.35215767e-02
  7.88915359e-02  2.30316601e-03 -5.66235807e-02  1.84201759e-02
 -8.27696968e-03 -1.26918930e-02  4.70542797e-03  7.54298778e-02
 -6.77282848e-03 -2.06409674e-02 -8.42891860e-02 -5.97729192e-02
 -5.18714890e-02  9.38457445e-02 -7.66126928e-03 -2.55532676e-04
 -9.23498058e-03 -7.25266663e-02 -2.28288558e-02 -2.58988969e-02
 -3.25939487e-02 -2.58825869e-02 -2.95783542e-02  2.16731383e-02
  1.74306290e-02  1.40463500e-02 -2.64601814e-03  2.39167983e-02
  4.01104219e-03  5.51763475e-03]
drag    [ 0.83335721  0.1680264  -0.00306208  0.10135638 -0.1858186   0.02897348
  0.03474211  0.13950227 -0.02673298 -0.02603075 -0.02852843 -0.08601477
 -0.03218234  0.06985815 -0.06217634 -0.02214491 -0.06829789  0.07232842
 -0.01169179  0.03211656  0.00197042 -0.03137339  0.03771111  0.00621866
  0.04434632 -0.04411593  0.00282608 -0.02567674  0.01801623 -0.00684358
  0.02656187  0.05671454 -0.05108123  0.08287353  0.00506202  0.03741154
  0.04035337 -0.0215674  -0.04317098  0.01488505  0.02240341  0.00147751
 -0.01479487 -0.01518618 -0.06062092 -0.03378105  0.05362954 -0.04486708
 -0.02101602 -0.02621798]
former    [ 6.19855900e-01 -2.18141393e-01  1.28424215e-01  1.96878226e-01
  6.72580343e-02 -1.83101461e-04 -1.74379658e-01 -5.41029020e-02
 -3.88958717e-02  6.16617118e-02  6.64828520e-02 -1.96766869e-02
 -3.29147994e-02 -5.71718341e-02 -6.87718177e-02 -5.58410421e-02
  1.37917129e-02  6.58232510e-02  1.12129144e-02 -5.05513305e-02
 -2.03534770e-03 -7.96183270e-03 -2.48163027e-02 -5.24151928e-02
 -3.38892888e-02  8.63955842e-03 -1.26401232e-02  6.95013672e-02
 -3.15847045e-02  4.18899307e-02 -3.27505405e-02 -4.29625611e-02
 -5.21842069e-03  3.73927214e-02  2.57546357e-02  4.40138069e-02
 -3.85270709e-02 -4.49136349e-02 -1.71378467e-03 -6.08091649e-02
 -1.24320040e-01  2.62445741e-02  1.95892885e-02  3.97082333e-02
 -9.06875903e-03 -2.23931839e-02  2.74807353e-02  1.56904830e-02
  1.45083760e-02  3.29163604e-02]
hurt    [ 7.61380888e-01 -1.19486357e-01 -5.27368534e-02 -1.36938059e-01
 -5.61674616e-02  3.64544463e-03 -2.34931095e-02 -2.39125943e-02
 -1.11023741e-04 -1.34451012e-01  5.04905253e-02 -1.45240860e-01
 -2.17544651e-02 -4.49509406e-02  3.13117545e-02  9.18312276e-02
 -1.14894842e-01 -1.68067707e-02  5.05346631e-02 -1.81221795e-02
  4.65158682e-03  6.64633369e-02 -3.83584028e-02 -4.95098591e-02
  9.13597229e-02  1.59857768e-02 -5.97636369e-02 -3.67192358e-02
  3.01884044e-02 -9.64815632e-03  2.63731476e-03 -2.26825107e-02
  7.25354398e-03 -6.00401514e-03  8.66564200e-03 -5.86659182e-03
 -5.60925495e-02 -5.63505904e-02 -3.07155063e-02  3.04702350e-02
 -2.15392724e-02  2.49366539e-02 -1.51327684e-03  4.42279590e-02
 -4.28955684e-02  2.70293473e-02  6.58891777e-03  2.88243416e-02
 -3.82328013e-04  2.27626562e-02]
purpose    [ 0.7715058   0.13327322  0.00167175 -0.02040799 -0.08688248 -0.06765909
  0.07406993  0.03295679 -0.09984177 -0.00871534  0.03744418 -0.02264914
 -0.0381643  -0.01267562 -0.01409966 -0.01340624  0.04457206  0.04191501
  0.02029351 -0.05203862 -0.05555056  0.01477071  0.03724489 -0.0157422
 -0.00239468 -0.04487622 -0.03999504  0.00257192 -0.0362314   0.0011818
 -0.03263527  0.03650621  0.0047407  -0.02372646  0.04654047  0.0088853
  0.019195   -0.02023898  0.02170442 -0.01963139 -0.04732521  0.01540279
  0.00496578 -0.03760126 -0.02815409  0.00643766  0.0282423   0.03403209
 -0.00603633  0.0396636 ]
fake    [ 0.61470154 -0.05850698  0.03284947 -0.16095561  0.00649701  0.12740575
 -0.05053839  0.2280721  -0.03545724  0.15419933 -0.03572952 -0.17278246
  0.01872513  0.01933201 -0.06013359 -0.05525058  0.0411801  -0.1421489
 -0.09277252  0.00077333  0.04668763  0.11157147  0.10311644  0.07332767
 -0.05052781 -0.1325825   0.08215686 -0.08787119 -0.02491164 -0.0467085
  0.02576622  0.06984883  0.07703399  0.04031699  0.00441456 -0.05864301
 -0.05784395 -0.03421917 -0.02224016  0.00278621 -0.09014748  0.04669235
 -0.11222964 -0.03189658  0.07741173  0.1243277   0.09660727  0.10540258
  0.00495653 -0.04436662]
search    [ 0.71777115 -0.21720978 -0.0481497   0.15786514 -0.09916456 -0.00398767
 -0.03949518 -0.04401183 -0.03456358 -0.03308737 -0.0305728   0.09951677
 -0.01911399 -0.11711408 -0.03134366 -0.01172225  0.04896829  0.01401627
 -0.07110608  0.03122029  0.04142232 -0.06343305 -0.05408315  0.12291662
 -0.0989515   0.0011223  -0.0578432   0.01283937 -0.0682337   0.04023904
  0.03475511 -0.01076756 -0.12415961 -0.02730457  0.01089595 -0.05652229
 -0.00893884  0.03834116  0.019362   -0.04682804  0.06403061  0.0240438
 -0.05835325 -0.06832765  0.01879668 -0.0994707  -0.06295995 -0.07103465
 -0.03305688 -0.04350995]
perform    [ 0.67936441 -0.08451035  0.22610942 -0.01598236  0.15334797  0.05582061
 -0.02989791 -0.06333577  0.07914776 -0.06027789 -0.11691408 -0.08832813
  0.10026385  0.07601242 -0.08774359 -0.03182226 -0.04175123 -0.06161089
  0.00494771  0.09858911  0.02037685  0.0247397  -0.02845358 -0.07210164
  0.06553566  0.03835071  0.10901805  0.02604585  0.04665885  0.01220978
  0.1229947  -0.06862906 -0.05224014  0.12680839 -0.08214039  0.02981145
  0.02287476  0.19220194  0.04216871 -0.04518735 -0.03841932 -0.16087059
  0.16826167  0.04473849  0.04747575  0.00672386  0.06139402 -0.0477232
  0.01764768  0.02246535]
dress    [ 5.67861305e-01 -2.73862064e-01  6.69397098e-02 -9.68675565e-02
  5.59004317e-02  2.88245861e-02 -2.16442707e-01  1.07170653e-01
 -1.42408714e-01  3.58095151e-01 -1.43939896e-01 -2.57857060e-01
 -4.05282748e-02 -6.20941286e-02  1.92726432e-01 -3.62192492e-02
 -1.73849349e-01 -2.07483544e-03  2.99466586e-02  1.03576252e-01
 -4.33275307e-02 -7.21794700e-02  4.10686639e-02  1.91374488e-02
  7.98434425e-03  4.79239487e-02 -1.15029515e-02  6.65710153e-02
  6.88493449e-02 -5.55924650e-03 -1.84401276e-02  7.22569668e-02
  4.82043625e-02  1.73247677e-03 -1.71975963e-02 -1.09439203e-01
 -3.27354123e-04  1.88702257e-02  2.51736973e-02  8.43876665e-03
  6.57867585e-02  1.22391489e-02 -5.82393182e-02 -5.97824233e-02
 -4.50050749e-02 -6.23783253e-02  5.91901065e-05 -5.11705161e-02
  1.45421843e-02  3.75766275e-02]
creature    [ 6.76995251e-01 -1.89863530e-01 -1.07463554e-04 -1.46450095e-01
  5.82907576e-02  3.59085750e-02 -1.00092206e-01  1.25351074e-01
 -4.29758348e-02  2.23291273e-01 -4.54468299e-02 -4.81330968e-03
  4.67139219e-05  9.27731555e-03  5.34271216e-02 -7.97089551e-03
  4.28141027e-02 -5.84767731e-02 -4.13319740e-02  1.09377058e-01
  2.53690523e-02  9.93275954e-02  7.09935977e-02  5.65491437e-02
 -5.89107129e-02 -1.67842343e-01  4.87641525e-02 -3.40626362e-02
 -5.89716252e-02  3.68139038e-02  4.98288328e-03 -2.88151055e-03
  1.74179837e-02 -3.77792309e-02  1.34820483e-02 -4.84253842e-02
 -1.36805083e-03 -2.87564645e-02  6.83842787e-02  2.78636533e-02
 -3.29999108e-02  2.32640508e-02  4.52019611e-02  8.83446648e-02
  5.28083135e-02  2.02817541e-02  5.97342413e-02 -8.61541135e-02
 -3.75114790e-02  7.32702570e-03]
sleep    [ 0.69807815 -0.28142975 -0.09034364  0.01416091 -0.11777852  0.05296593
 -0.0942786  -0.0248962   0.01049082 -0.06591328 -0.06009285 -0.00198358
  0.03410609 -0.07160051  0.01981667 -0.05870764 -0.01070946  0.10705797
 -0.07294051  0.04730733  0.01368666 -0.0706834  -0.0430028   0.06847506
  0.03510501  0.05711692 -0.0556828   0.01692959 -0.00099288 -0.05720922
 -0.10398368  0.04213786 -0.09051778  0.03726076 -0.05105267 -0.0280043
  0.03590987  0.06480257  0.0442436   0.02553193  0.02922181 -0.00938584
  0.00657379  0.00126933  0.00197808  0.0064671  -0.02716643  0.06380728
  0.01099952 -0.05774178]
younger    [ 0.53575504 -0.22626346  0.02183555  0.09310909  0.05758076  0.07388456
 -0.00312919 -0.11365462 -0.04661294  0.04529551  0.04110709 -0.09606387
 -0.09134193 -0.11553417 -0.16191939  0.1109738  -0.01186936 -0.07123763
  0.02980301  0.00060064  0.10310251  0.09285068  0.05695347  0.00282412
 -0.01802393 -0.05519414  0.04403287  0.09742523 -0.01760426 -0.22859721
  0.00075419  0.05413706 -0.10150825 -0.0059862  -0.16568001 -0.00777662
  0.02114833 -0.11592419  0.1395973   0.12029223 -0.05088851 -0.03345726
  0.05743717 -0.08278069 -0.06870123  0.0136871  -0.02748026  0.00606946
 -0.01692314 -0.10508766]
common    [ 0.63841665  0.03933695  0.0770033   0.05672089 -0.1324735  -0.07395675
  0.04268969 -0.01734357  0.02716543  0.07523671 -0.05550642  0.03507081
 -0.03751034 -0.05847403  0.03469726  0.07352842  0.02755611 -0.0222227
  0.00365097 -0.0447442  -0.04257158  0.10361869  0.05704494  0.02632529
  0.00503607 -0.05032602 -0.00582632  0.050285   -0.00874449  0.00495687
 -0.02767314  0.03837516 -0.13730183 -0.10285423 -0.00952185  0.02551214
 -0.00420207  0.0115446   0.05492659  0.02346251  0.0320076   0.05763933
 -0.03244621 -0.04394475 -0.01728118 -0.05399333  0.01993639 -0.09261672
 -0.07990505 -0.0804012 ]
12    [ 0.52377252  0.01089553 -0.19445838  0.34672568  0.29354628  0.31190831
  0.09531043 -0.05163493 -0.14365738  0.04941576 -0.02730395 -0.02777263
 -0.1927453  -0.11530742 -0.01382676 -0.03211301  0.02286262 -0.03251065
  0.02285824 -0.00142047 -0.06657836  0.03227975 -0.05362254  0.05442615
 -0.11561278  0.06532745  0.0095126   0.03770457 -0.09215125 -0.08892635
 -0.02084813 -0.01872638  0.08405887  0.04565791  0.03056727 -0.06459306
  0.02067718  0.02558441  0.00640416  0.04561206 -0.02627631 -0.00081891
 -0.02389198  0.04281886 -0.06602209  0.03427447 -0.02223284 -0.00890347
 -0.00979803 -0.02299767]
solid    [ 6.55874178e-01  2.09226045e-01  2.91394990e-01 -1.17438933e-02
  1.63288991e-01  8.93854528e-02 -3.16707038e-02 -4.79169691e-02
 -3.38474242e-02 -2.35077620e-01  4.77523166e-02 -4.20758815e-02
  2.30344839e-02 -1.49583863e-04 -4.11386184e-03 -5.24294117e-02
  2.58055041e-02 -9.45705911e-02  5.83395880e-02  8.58255711e-02
 -1.31940462e-01 -9.75076782e-02  4.37777278e-02  2.12019949e-01
  4.99870582e-02  8.39000031e-03  4.49143972e-02  5.72162472e-02
 -6.18463019e-02  7.49338227e-02 -8.61871684e-02  4.40361288e-03
  6.64372164e-02 -8.57088758e-03 -3.63549687e-02 -2.28173303e-02
 -4.07315774e-02 -7.80897665e-02 -3.56308351e-02 -3.81803194e-02
  8.02037424e-02 -4.75798432e-02 -3.49471977e-02 -2.89243768e-02
  5.87189275e-02  7.31086283e-03 -1.64637971e-02 -2.15955179e-02
 -4.70645539e-02  5.58227298e-02]
italian    [ 7.43366491e-01  1.81665904e-01  1.69295433e-02  9.91642432e-02
  1.12957493e-01 -1.68026494e-01 -1.53133604e-01 -3.70654759e-02
 -1.08679556e-01  1.38571354e-01 -5.23263160e-02 -7.07104255e-03
 -2.20077123e-02 -7.60287214e-04  2.32321984e-02  4.91398832e-02
 -7.07906106e-02  4.79483818e-02  2.81360182e-02 -2.93088016e-02
 -6.09891819e-03  5.39773901e-02 -2.61340087e-02 -4.17519363e-02
  3.28727394e-02  4.33450753e-02  7.10604231e-02  1.64057228e-02
  4.71755862e-02  6.41093370e-02 -9.95855687e-02 -1.20699751e-01
  5.38965647e-02 -4.02192246e-04  5.45474761e-03  3.85668875e-02
 -4.11939231e-02 -5.40761771e-02 -2.36741448e-02  4.63844615e-02
 -3.49818168e-02  2.84514783e-02 -1.97243838e-02 -5.86653448e-02
  5.26913020e-02  1.49889844e-02 -1.85384041e-02  4.31179724e-02
  2.63457860e-02 -1.09526776e-01]
ultimately    [ 0.85449763  0.05545369  0.03668913  0.03748819 -0.1200157  -0.13063685
  0.04402936  0.01445152 -0.05616385 -0.05756609  0.02256429  0.04573505
 -0.08495605 -0.06864269 -0.01388224  0.03870345 -0.03465575  0.06638417
 -0.03902834  0.04993944 -0.02566544  0.0231087   0.00902143  0.05850444
 -0.02856947 -0.00320406 -0.00194656 -0.01845736 -0.0157084   0.04628907
 -0.04596272  0.0823613   0.03487044 -0.08254152  0.01265684 -0.00414973
 -0.03090342  0.01140008  0.0065147  -0.03411445 -0.01481107  0.01934083
  0.00189293 -0.05263223  0.0153049   0.05211652  0.05172445 -0.010031
  0.00641919  0.00647951]
rat    [ 8.05590985e-01  2.73102080e-01 -2.70147377e-01 -2.92568857e-02
 -3.51678762e-03  2.16330447e-02 -1.95189251e-01 -8.20202342e-02
  1.15819690e-02  2.78434325e-02  3.21395222e-02 -9.67158761e-02
  2.11523152e-02 -1.76514194e-02  5.70087477e-02 -5.29869860e-02
  7.43870910e-02  6.77782085e-03  1.12375317e-01  5.19765215e-02
  1.55290363e-02 -2.10389926e-02  8.34657325e-02 -2.83207509e-02
 -1.16797936e-01 -2.58793234e-02  4.92300260e-02  2.62907109e-04
 -1.50321197e-02  9.10743430e-03  3.33881348e-02  2.70307160e-02
  7.38058428e-03 -2.10382929e-03 -6.10712573e-03  4.00489620e-02
  1.39311387e-02  3.42472068e-03 -5.64523528e-03  2.15998709e-02
 -7.66914709e-03 -3.04175511e-02  1.37760390e-02  1.06715100e-02
  1.66790422e-02 -1.16324474e-02 -2.91805608e-02  1.71477546e-02
 -9.78337069e-03  9.17366462e-04]
bizarre    [ 8.38782294e-01  1.40621863e-01  1.14615485e-01  1.73796807e-02
 -1.83553701e-01  7.22018244e-02 -3.44738082e-02  6.02185538e-02
  4.86290399e-02  1.06792207e-01  4.59601541e-02  4.87112049e-02
 -3.16574754e-02  9.30250012e-02  1.41468868e-02  3.77326861e-03
 -4.75673527e-02  1.24807659e-03 -2.39401825e-02 -2.22891311e-02
 -9.42797596e-03  1.16709239e-02 -2.32049295e-02  7.65070452e-02
 -3.21335169e-02 -1.27673613e-02 -5.36703666e-02  1.43603827e-02
  2.28960839e-02  2.24663834e-03  5.85178386e-03 -5.00973360e-02
  2.16544180e-02  4.26298951e-02 -1.66032857e-02  1.38878412e-02
  6.79756810e-03  4.29164585e-02  3.29586834e-02 -2.94539236e-03
 -9.77915743e-03  2.34482758e-02  1.71711673e-02 -7.89202780e-03
  7.84663127e-04 -2.60578207e-02  2.81099312e-03 -4.08115571e-02
 -3.44610839e-02 -1.16646113e-02]
van    [ 0.82112959 -0.11115225  0.05545838  0.03658572  0.08331456 -0.03893695
 -0.06677913  0.00174315 -0.05643009 -0.06763071  0.08089421 -0.04636052
  0.09458416  0.06188855  0.04474249 -0.06542351 -0.07377087  0.06833027
 -0.00517359 -0.01825381  0.05351172  0.06135607 -0.04105044 -0.05099514
  0.01795359 -0.04133356  0.00333151 -0.02059635  0.02685761 -0.05089014
 -0.08598571  0.00622664 -0.03992684  0.02177913  0.02557494 -0.0132136
  0.01657251 -0.03144817 -0.0172124   0.01800308  0.02742017 -0.02608783
  0.00245569  0.05200291  0.01776789  0.00255985 -0.01196563 -0.00087424
  0.03665107  0.01682723]
effective    [ 0.78832509  0.15663109  0.18660415  0.02713161  0.01023627 -0.06941598
  0.06905543  0.10193667  0.13560612 -0.03525735 -0.01470837 -0.03701474
 -0.02194071 -0.03958195 -0.10031181 -0.01967269 -0.00398531 -0.06254652
  0.07420879  0.00540374  0.11106993  0.00806    -0.00180288  0.05135756
 -0.01440835 -0.00248379 -0.03686268  0.00252799 -0.00829014  0.01844508
 -0.03499694  0.03832077  0.00811884 -0.0252169  -0.02702293  0.03973876
 -0.00579591  0.03144631  0.00998683  0.02400276  0.05016422  0.03382546
  0.02060714  0.06122389 -0.01512252 -0.02139505 -0.03694746 -0.04267607
 -0.02552138 -0.03779016]
soul    [ 6.83699933e-01 -2.01680035e-01 -7.29219751e-02 -5.24502978e-02
 -5.47691251e-02 -1.52786722e-02 -2.13813474e-02 -4.74678431e-02
  1.62695317e-02  8.59653957e-02  5.11206476e-02  7.16314930e-02
  2.58694315e-06 -2.25499846e-02  4.26722044e-02  2.85677795e-02
  3.94342646e-02 -6.81125039e-02 -1.43203878e-02 -2.03901805e-03
 -7.72735799e-02 -3.98893142e-02  8.25615318e-02  5.90626288e-02
  2.73893177e-02 -5.33326981e-02 -1.04554424e-01  2.09500366e-02
  6.84666689e-02  3.18722963e-02  8.28143840e-03 -4.02481310e-02
  2.08926043e-02 -7.15776585e-02 -5.05102566e-02 -6.62640667e-02
  4.26828699e-02 -7.27279778e-03  2.66912741e-02 -8.65074048e-02
  1.57485328e-02  2.78033640e-02  1.75922845e-02  1.72902364e-02
  3.48328241e-02  7.17288399e-02 -4.34558596e-02  1.46539374e-02
 -1.73438689e-02  2.55372995e-04]
mix    [ 0.72502215  0.06506354  0.20976868 -0.08757126 -0.01502806  0.08018885
 -0.09131668  0.07876011 -0.04827293  0.07746167 -0.08739867  0.11314984
 -0.02108256 -0.05326425 -0.00746648  0.07974998  0.05441364  0.02675317
  0.16419206 -0.02775762  0.07629031 -0.00746537 -0.12440846  0.03808266
  0.04367618  0.07413472  0.0588429  -0.00259401 -0.01258803  0.06538025
 -0.00172613 -0.06548596  0.07642312  0.01049952 -0.04091702 -0.03717266
 -0.00596311  0.15010295 -0.02962358  0.02157212 -0.0656249  -0.01516246
  0.07129805 -0.01997684  0.01068306  0.02676612 -0.0372576  -0.03771277
 -0.00677872 -0.02066607]
travel    [ 0.50199081 -0.25959327 -0.07045321  0.20054276 -0.06276172  0.11877623
  0.18866252  0.02954368  0.01245209  0.03304694 -0.20208198  0.08463483
  0.51019109 -0.02750888 -0.08853386  0.05929382 -0.20524137  0.06915072
  0.10090001  0.07032545 -0.01245638  0.01603032  0.03257495 -0.04291906
 -0.1317872  -0.03773109  0.01312359 -0.02823326 -0.02056803  0.03180914
  0.01564595 -0.02493247  0.01327685  0.04569542  0.10020318 -0.00872035
  0.04334821 -0.03052996 -0.02609404  0.07444113  0.08155265 -0.00707114
  0.02440775 -0.01545652  0.03402592  0.02907314 -0.01147388 -0.05344561
 -0.03372541  0.02763422]
excuse    [ 0.82085171  0.19613454 -0.05998252 -0.07506531 -0.02116911  0.01134496
 -0.03278101  0.09621537 -0.11447148 -0.01957988  0.10524683 -0.02260086
  0.00801042 -0.03405841  0.04583679  0.00935298  0.03715324  0.01199429
 -0.03575355 -0.04056027 -0.04835267 -0.05493235  0.00286878 -0.08437808
 -0.01401451 -0.05523042  0.01618123  0.05753386 -0.0081771  -0.0495058
 -0.08607399 -0.00476822  0.02710306 -0.02087909  0.00424622  0.06324484
 -0.00187955  0.00880731 -0.00190014  0.00848234  0.01874572  0.03500018
  0.00731137  0.02720584 -0.0039068   0.00622941  0.01138738  0.01650882
  0.07332494  0.01849788]
reviewer    [ 6.58317541e-01  7.39692791e-02 -9.34575303e-02 -2.62095619e-03
  6.91030951e-02 -1.11827577e-01 -7.68196134e-02 -6.85664086e-03
  1.65918479e-01  8.12148909e-02  8.25266207e-02  4.11201561e-02
 -1.20950489e-01  5.65476396e-02  1.07430670e-01 -4.46687635e-03
 -1.10782849e-01 -4.02703787e-02 -9.93951969e-02 -8.46075173e-02
 -1.54132991e-01  4.86403431e-02  6.35640648e-02  3.74883996e-02
 -3.26553805e-02 -8.10253339e-02 -3.70281490e-02  6.38977664e-02
 -1.40497595e-01  3.25508979e-02  1.07903940e-01 -3.70797362e-02
 -1.11499334e-01 -1.78822850e-03 -1.36737313e-02 -3.04323184e-02
  5.88429843e-02  5.75299689e-02 -9.08456122e-02  8.51875310e-05
  4.95455621e-02  1.11977735e-02  1.29843844e-02 -2.71525585e-02
  2.21226718e-02 -5.10549521e-02  1.61282794e-02  5.01372404e-03
  2.52129329e-02  2.01196934e-03]
million    [ 6.51739530e-01 -1.94880278e-01 -1.81922175e-01  1.28257033e-01
  1.33283580e-01  4.68605483e-02  2.97729414e-01  5.74430089e-02
  6.59739852e-02  8.15435724e-02  9.61765764e-02 -2.03807124e-02
  1.07548191e-01 -1.43371556e-01  2.06029026e-02  1.78234121e-02
 -9.60022869e-02 -5.98352667e-02  5.50927847e-02  2.11771985e-02
 -1.18253741e-01  1.07589071e-04 -3.74758659e-02 -3.48090055e-03
 -1.53588733e-01  1.76907177e-02  6.92065561e-02 -9.38795567e-03
 -4.62573387e-02 -5.81296432e-02 -2.02669426e-02 -2.50897162e-02
 -1.14403559e-02 -2.92217919e-02  5.11216801e-03 -5.02382653e-02
 -3.19740040e-03 -1.38308784e-03  2.13928952e-02  4.71125811e-02
 -4.29096440e-02 -1.49475300e-03  6.76751843e-02  2.77500320e-02
 -1.36984428e-02 -4.73358946e-02 -6.86589572e-03  8.41892107e-03
  2.22963518e-02 -3.93473978e-02]
alien    [ 7.38552757e-01 -1.76496755e-01 -8.72449840e-02 -4.07889012e-02
 -6.78911624e-02  8.90613250e-02 -1.08081503e-01  8.13422391e-02
 -5.64713669e-02  1.03850932e-01  3.01582150e-02 -4.78441854e-03
  4.25709495e-02  6.72653410e-02  6.60881252e-02 -5.93641247e-02
  5.25456501e-02 -7.10306594e-02  1.48625069e-02 -1.28723802e-04
 -7.70715174e-03  1.08199866e-01  5.80635754e-02 -1.13104015e-02
 -1.55108283e-02 -1.72256218e-01  6.18464168e-02 -7.35294356e-02
 -2.31883197e-02 -1.41656054e-02  3.93279736e-02  5.08725014e-02
 -2.65272757e-02  2.68329116e-02  3.09942569e-02 -3.32096499e-02
 -6.76097274e-02 -7.17751498e-03  9.78647600e-03 -1.42654442e-02
 -1.48838458e-03 -7.09067335e-02 -2.25953235e-02  2.52523790e-02
 -4.35719233e-02  6.91156394e-03 -9.20382113e-04  2.36924788e-02
 -4.11196192e-02 -3.16882711e-02]
suit    [ 0.57743986 -0.1412112   0.13295712 -0.12064228  0.04663631  0.07777356
 -0.05724394 -0.07498967  0.03970868  0.05008446 -0.07319605 -0.18792228
  0.07242871 -0.04916224  0.05138599 -0.0040475  -0.03587401 -0.07336999
  0.0180821   0.14115887  0.07878382  0.06132317  0.03560605 -0.03360949
 -0.02594318 -0.02663702  0.11402536 -0.1301687  -0.01544683 -0.0973329
  0.00578019  0.07217505  0.01844435 -0.05038437 -0.15876994 -0.03919702
  0.02385476  0.28316949  0.04296877 -0.08471977  0.06536377 -0.16214204
  0.05720806 -0.07664476 -0.04637643 -0.01686917 -0.00690132 -0.08922612
  0.11197821  0.02912591]
german    [ 0.74886456  0.13248051  0.04761908  0.20475286  0.03174068 -0.16879867
 -0.06308227 -0.00677464 -0.09677608 -0.02568168 -0.09581756 -0.13132586
  0.01569349  0.01918852 -0.02817122  0.08799087 -0.05723609  0.01420047
 -0.06254657 -0.05560753  0.03084813 -0.01767504  0.02767727 -0.05584896
  0.01927588  0.04819586  0.09626006  0.03199808  0.00977052 -0.06514906
  0.01804181 -0.0248074   0.0595637   0.02982192 -0.00448224  0.1299806
  0.01791142  0.04827157  0.03832581 -0.05634273 -0.02765648  0.0616138
 -0.01526238 -0.03166094  0.08180132  0.09431837 -0.02128202  0.07382253
 -0.05044046 -0.07209535]
conclusion    [ 7.62601740e-01  1.00377541e-01 -2.97210120e-02  2.34941060e-02
 -3.08033877e-02 -8.55587887e-02 -1.92098513e-02  1.64100004e-02
 -4.19014245e-02 -6.88664073e-02  2.09290222e-02  1.16278284e-01
 -8.98996066e-02  5.19814841e-02 -3.31582013e-02 -4.48033521e-02
  7.98463716e-03  8.66991033e-02 -1.22674885e-01  3.93977332e-02
  4.43481841e-02  1.11977399e-01 -3.46560872e-02 -7.55462837e-04
 -6.99968508e-02  1.27000417e-01  3.37799966e-02  1.36541442e-01
 -1.15906396e-02  1.75951018e-01  1.57980460e-02  1.63219647e-01
  2.04081457e-01 -7.50153873e-02 -1.15582515e-01  4.72061951e-02
  1.40204062e-02 -9.90841095e-03 -6.34634211e-02  6.80073923e-02
  3.06300423e-02 -1.28388864e-02  5.32107727e-02  1.70105824e-02
 -6.52535768e-02 -1.15077321e-02  5.77758506e-02 -2.04089920e-03
  5.95459720e-02  8.81004228e-03]
prison    [ 5.79783424e-01 -3.10744533e-01 -8.68501966e-02  1.53985667e-01
 -7.87851587e-02  6.89443454e-02 -8.17970836e-02  3.73303161e-02
 -1.47974785e-01 -1.09214375e-01 -1.44161057e-02 -1.76294627e-02
  4.22067207e-02 -3.44595840e-02  2.95932390e-02  1.12664105e-02
 -3.96632730e-03 -4.03298261e-04 -3.80508926e-03 -6.88242587e-03
 -4.60295999e-02  4.07272313e-02 -6.81316386e-02 -4.62659062e-03
 -9.95431383e-02 -5.08536333e-02 -5.78009426e-03  4.38019392e-04
 -8.61480188e-03  4.27620450e-02  2.73282800e-02 -1.63485457e-02
 -1.39465572e-02  5.83913348e-03  8.52824193e-02 -1.08673410e-01
  1.58091960e-03  2.15494713e-02  7.67071568e-02 -7.12248930e-02
 -7.06294666e-02 -1.59236927e-02  5.23370674e-03 -9.54626471e-02
  2.03453638e-02  7.10479510e-03 -3.89616744e-02  1.69051167e-02
 -5.61890570e-02 -2.92907604e-02]
college    [ 0.57936473 -0.17954542 -0.07173816  0.16045418  0.02741464 -0.04186958
 -0.06770504 -0.00295896 -0.15405391 -0.0146981  -0.02274871 -0.0192539
 -0.03549757 -0.1433023   0.02820738 -0.00112653 -0.04372366  0.04130469
 -0.0924275   0.02623504  0.04972924 -0.10023656 -0.05637686  0.0587762
 -0.03421952  0.08801827 -0.01909517  0.13556379  0.00064549 -0.10552307
 -0.08946556  0.02907514 -0.11054233  0.12139408  0.05000944  0.11434141
 -0.03739152  0.02491429 -0.05640707  0.02332215 -0.09552385  0.08170897
 -0.03449673  0.05603456  0.04090077 -0.0350142   0.03933854  0.06965991
  0.03342867  0.13074346]
casting    [ 7.20533299e-01  1.25536716e-01  1.52945494e-01 -1.66896187e-01
  1.47801516e-01  8.54324397e-02 -7.98949456e-02 -3.24561545e-02
  8.23972719e-02 -1.39881159e-01 -3.82324895e-02  9.07663344e-02
  2.67594531e-02 -1.24811575e-01 -7.56712668e-03  1.35724989e-03
  1.79014229e-02 -1.24543291e-02 -1.22593403e-01 -5.06099719e-02
 -4.55575147e-02 -4.38760412e-02 -1.07711502e-02 -6.11219620e-02
 -4.52234788e-02 -3.08317011e-02 -4.55340432e-02 -2.80425694e-03
  3.64471246e-02  2.33353675e-02  2.98135099e-02  4.25910757e-02
  4.72463289e-02 -1.29145574e-02 -7.10011550e-03  4.22582159e-02
 -1.00802988e-02  7.09579006e-04 -4.01681976e-02  2.15541624e-02
 -3.30294325e-02 -3.68557208e-02  1.14180049e-02 -7.00532750e-03
  6.97927613e-03 -4.14195625e-02 -5.86988387e-02 -3.37517227e-02
 -6.00812079e-02 -1.57807600e-03]
impossible    [ 0.73826984 -0.02900717 -0.03441148 -0.11104392 -0.00727136 -0.10294772
  0.15224781  0.04628825 -0.0826473  -0.00684973  0.14771338 -0.07464529
 -0.06850675  0.00194234 -0.01582624 -0.01924824 -0.02482971  0.02119409
  0.03454528  0.00815468  0.07561691 -0.06997704  0.05849052  0.00772807
 -0.01318363 -0.08649966 -0.02840069  0.05783574 -0.0009474   0.03669941
  0.14545739 -0.07019351  0.0325671  -0.04542201  0.04895174  0.0084689
  0.03171435  0.03295312 -0.02530601 -0.09744799  0.054841   -0.04493023
 -0.043575   -0.01774917  0.00536477 -0.01870235 -0.02272475  0.00983009
 -0.01542441 -0.03535317]
critic    [ 8.28999834e-01  3.28102524e-01 -1.80128628e-01  3.36634886e-02
 -2.40658080e-04 -1.51800702e-01 -6.86274296e-02 -4.57823288e-02
 -6.74581595e-02  5.41384926e-03  9.02433671e-03 -4.27078720e-02
 -1.05760388e-03 -2.78773121e-02  2.72748999e-02  2.61731780e-02
 -3.65112398e-02  7.20306973e-02 -5.01381109e-02 -9.00999590e-02
 -6.61704362e-02  6.99334458e-03  3.88109583e-03  1.63156191e-02
 -3.71965835e-02  5.98927750e-03 -3.03891702e-04 -9.66813405e-03
 -2.37392439e-02  2.05559672e-02  6.00512379e-02  1.06390208e-03
 -2.18654940e-02  1.87480733e-02 -1.98496508e-02 -2.70290506e-02
  8.07047514e-02 -8.26683403e-04 -6.17796078e-02 -1.85508515e-02
  3.68629475e-02 -2.64797503e-02  7.01614469e-03  7.23162561e-03
  3.97878511e-03 -2.43905650e-03  6.39568864e-03 -4.84145562e-03
  3.50543971e-02  6.31854013e-03]
dad    [ 0.67209268 -0.41736436 -0.1129496  -0.03544576  0.01774495  0.05292626
 -0.10900405 -0.03889755 -0.09425635 -0.01405337  0.0495536   0.05937835
  0.01521476  0.08744644 -0.05347278  0.00283302  0.06304734  0.05097138
  0.02457063 -0.06635787 -0.01773682 -0.02475365  0.04600714  0.01391661
  0.03226462 -0.03540413 -0.06413322  0.05589311 -0.03562308 -0.02272565
  0.02401812 -0.0254132   0.00717387 -0.00711753  0.05372153 -0.00400412
 -0.01182036 -0.06330989  0.00206733  0.00798069  0.04127576 -0.04707159
  0.03386537  0.03326466 -0.01431945 -0.0161006   0.02260898  0.02842918
  0.00478175  0.0319444 ]
impressive    [ 7.88235424e-01  1.78945974e-01  1.87145565e-01  2.34505643e-02
  1.07228538e-01 -6.72945145e-02  3.82657463e-05  1.47434021e-01
  6.23089343e-02 -9.65373681e-02 -6.21424490e-03 -1.29404070e-01
  1.38682829e-02  4.54835926e-03 -1.13654166e-01 -5.08606962e-02
  1.79775648e-02 -1.65126992e-01 -5.76296647e-02  2.09553389e-02
  1.87065059e-03  6.33352741e-02  2.63577332e-02  1.05288435e-01
  9.28413393e-02  1.34550790e-02  3.96187764e-02  4.21863678e-02
 -2.58093143e-02  4.93964189e-02  1.31880136e-02 -7.75221628e-03
  3.65749045e-02  7.51911136e-03  5.04996727e-02 -7.83408018e-02
 -8.41261743e-02 -8.99603821e-02 -1.16828540e-02  9.45209561e-04
  3.85720712e-02 -3.07932017e-02  2.55894705e-02  5.96741968e-02
  5.19838459e-02 -5.28504584e-02 -2.95987587e-02 -2.38912936e-02
  1.99240097e-03  1.16176345e-03]
detective    [ 0.55141579 -0.19570768  0.22607837  0.04625915  0.01003763  0.00304899
 -0.09275737 -0.06054715 -0.10583723  0.01130879  0.02780351  0.15113199
 -0.04142933  0.00484452  0.04379296 -0.18190751 -0.14505156  0.00535551
  0.11054577 -0.09248781  0.14176829 -0.04552941 -0.06437423 -0.01452262
  0.02751274 -0.04793521  0.03240842 -0.04585092 -0.1113162   0.00236675
 -0.03625853  0.01276295  0.06728063 -0.04977134  0.08961513  0.02921737
 -0.03971268  0.04528808  0.01832235 -0.04347871 -0.02379789  0.01234742
  0.0038847  -0.00903694 -0.06748771 -0.0180979   0.01583028  0.02099439
 -0.02852198  0.06214115]
hair    [ 0.60578337 -0.19908133  0.011696   -0.07523341  0.0633198   0.05268431
 -0.07553709  0.15886185 -0.0738068   0.11529372 -0.06133957 -0.12467598
 -0.03594705  0.02919758  0.03150155  0.01182669 -0.07326387 -0.04620691
 -0.00308806  0.11029622 -0.01805202  0.03866515  0.05477796 -0.0424092
  0.02305386  0.00971593  0.02497428 -0.09587875  0.05005281 -0.04914317
 -0.03536474  0.05999761  0.02358845  0.04034757 -0.05694875 -0.04947603
  0.11218983 -0.03740299 -0.01884824 -0.06683552 -0.02027315 -0.008353
 -0.09475485 -0.0629541  -0.11622677  0.05658452 -0.06111436 -0.10762365
  0.06419975  0.02625488]
pointless    [ 8.04126388e-01  2.00330629e-01 -7.54101394e-03 -3.64008405e-02
 -1.81638705e-01  1.15356796e-01 -1.27284316e-03  1.38219085e-01
  9.63350177e-02  2.14258088e-02  7.37692710e-02 -5.99237584e-02
 -6.02308924e-02  1.67507414e-02 -6.65212596e-03 -2.55342594e-02
 -3.09570034e-02  4.89179892e-02 -6.80532563e-02 -5.03884197e-02
  2.56083031e-02 -1.05942773e-03  5.62579653e-02 -5.44771256e-02
 -1.22769692e-03 -1.56537323e-02 -6.29869151e-03  5.98047416e-02
 -2.70590331e-02  2.77111813e-02 -8.83795304e-03 -3.27841663e-02
  8.71087241e-03  1.68871734e-02  7.28956001e-02  8.52542923e-03
  1.96307089e-02 -1.36959298e-02  1.74787893e-02 -3.07193963e-02
  2.29742353e-02  4.23444775e-04  1.45736174e-02 -1.51717110e-02
 -1.53177624e-02  9.36650781e-03  4.80580649e-02 -1.51498093e-02
  1.67587023e-02  2.21056903e-02]
chemistry    [ 5.49427090e-01 -6.77150073e-02  3.69707642e-01 -1.02405457e-01
  1.70388689e-01  1.02750604e-01  6.18966862e-02 -8.79754829e-02
  6.94745511e-02 -7.20457668e-03  3.11473715e-02  1.89621231e-03
  3.45014717e-02  2.48668819e-04 -1.88398008e-02  1.42408580e-01
  1.25215391e-01  9.92262580e-02 -2.49514971e-02  4.13681669e-02
  2.14619370e-02 -7.92632468e-02 -7.17507714e-02  6.35975356e-02
  8.08335617e-02  5.07142896e-02  8.69580542e-02 -2.39331178e-02
 -1.57077512e-03  5.44134603e-02  3.65741775e-02  7.76051116e-02
  4.55753992e-03  4.57142149e-02  3.89776371e-02 -1.35383930e-01
  1.41555432e-01  4.59669593e-02 -4.49808975e-02  9.07571841e-02
 -1.43648754e-01  7.78611672e-02  5.22306324e-02 -3.38103444e-02
  3.71227293e-03 -1.94174154e-02  6.89260661e-02  5.47698891e-02
 -8.40842676e-02 -2.20404014e-02]
criminal    [ 7.45007657e-01 -2.75134370e-01  4.87022543e-02 -7.34053192e-03
 -4.67802813e-02 -2.96351549e-02 -2.83386764e-02  3.08593667e-02
 -2.38042805e-02 -5.21297242e-02 -6.62894826e-04  4.90899470e-02
  2.63571430e-02 -6.58528065e-02  2.29455823e-02  2.62273525e-02
  2.80558671e-02  3.22907560e-02  4.20805168e-02 -5.96871936e-02
  7.43976659e-02  3.13451826e-02  5.72353171e-02 -3.54649327e-02
 -1.93660605e-02 -1.08663853e-01  2.76114638e-02 -6.07189409e-02
 -7.79925318e-02  2.60320553e-02 -4.22061805e-02 -6.91577387e-02
  4.89715164e-02  2.02541578e-02  8.67645984e-02  2.49875637e-02
 -1.39947858e-02  1.06677276e-01  1.17237991e-02 -8.79204182e-02
  9.11979074e-03 -2.04262970e-03  2.88239321e-02  9.97622331e-03
 -6.24889580e-02 -4.69824997e-03 -3.04080508e-03 -3.43900359e-02
  2.60034024e-03  5.20752853e-02]
8    [ 0.51819173  0.02640705 -0.19275772  0.26116642  0.25288047  0.28802533
  0.10437504 -0.0904929  -0.12442907 -0.06939045  0.00723027 -0.08596545
 -0.17987562 -0.0167023   0.08459427 -0.03402859  0.14349065 -0.07963442
  0.16442057 -0.00491187 -0.19202198 -0.00979624  0.13643596  0.10059464
 -0.13444736  0.18172909 -0.03439248  0.01647826 -0.11250994 -0.04390206
 -0.11377583 -0.03167069  0.06888203  0.02043649 -0.00572947  0.06428079
 -0.00444434  0.01815288  0.01799653  0.00767793  0.01157218 -0.01813098
 -0.01190312 -0.02717886  0.00662843 -0.03341216 -0.0334929  -0.0191409
  0.00430784 -0.06065241]
mad    [ 0.52805816 -0.27035197 -0.07241759 -0.11727366 -0.0030997  -0.03760423
  0.09860432  0.06320279 -0.09339179 -0.04414254  0.10958816 -0.04946307
  0.05600744 -0.02721363  0.00583796 -0.04962845 -0.05796033  0.07769488
  0.01764505 -0.0177775   0.02809926 -0.00616519 -0.1025741  -0.0085156
 -0.02986723  0.05585844  0.03281724 -0.01855035  0.02338058  0.00089731
 -0.06109533  0.04673189 -0.07376569 -0.01131241  0.03944417  0.01161329
 -0.05965213  0.05786042  0.00399455 -0.03188547  0.03967206 -0.04634206
  0.04624626  0.05479115 -0.02280988  0.01017224 -0.0407997  -0.01392015
 -0.01943289 -0.04411622]
hide    [ 0.54650203 -0.18597596  0.01598775  0.03858039 -0.13388455 -0.09201529
 -0.00317347 -0.00108     0.02879266 -0.04096024 -0.12095411  0.02210901
  0.00511315 -0.10827429 -0.03585296 -0.02939815  0.08231117 -0.07520102
  0.03411127 -0.05125919 -0.00855367 -0.04621637 -0.01542882 -0.00359767
  0.09451493 -0.11424215 -0.07972508 -0.13409343 -0.1686538   0.0268768
 -0.07631823 -0.09437288  0.06572    -0.05609991 -0.00411424 -0.03041264
 -0.06377086  0.1362203  -0.07423719 -0.01975465 -0.0527975   0.06034433
 -0.00521819  0.04766224 -0.09633028 -0.01140197  0.12323796 -0.00415958
  0.10605002 -0.06485999]
barely    [ 7.98149159e-01  3.05108768e-02 -5.08796475e-02 -6.70677054e-03
 -4.17677608e-02  2.03296515e-02  1.35634944e-01 -7.70719024e-04
 -4.77631533e-02 -7.46778470e-02  8.34946398e-02 -4.00214148e-02
  3.60543313e-02 -2.46494651e-02 -9.34628202e-03 -2.80924262e-02
  4.96776062e-03 -4.40490272e-02 -4.49938038e-02 -4.14460632e-02
  4.72521783e-02 -2.32289450e-02  4.61195997e-02 -1.15365496e-01
  5.38080946e-02 -5.57904668e-02 -8.68732444e-02  3.25671827e-02
  1.19898162e-02  5.14785408e-02 -7.42413570e-02  1.74363163e-02
  7.22573048e-03  1.01422839e-01  3.46745232e-02  4.23656584e-02
  1.14571716e-01 -2.81821235e-03  9.11603668e-02 -2.84070504e-02
 -5.86710187e-02 -3.95183370e-03 -8.30069355e-02  3.23898605e-02
  3.10903306e-02  2.77718266e-02 -5.95152752e-02  9.33599594e-03
  1.39678537e-02 -1.13187629e-02]
visit    [ 0.58961592 -0.43965858 -0.04145712  0.14724963 -0.0525959  -0.08020365
 -0.04360053 -0.05162376 -0.09940134 -0.00461408 -0.05156789  0.05058843
  0.03908931 -0.09874466 -0.07746366 -0.0195818   0.02955909  0.05836539
 -0.14802115  0.05612125  0.10269427 -0.032848    0.01243519  0.03557287
 -0.0781057   0.15811225  0.03274838  0.07969469 -0.00624028  0.05601115
 -0.05243353  0.05728672 -0.0663334   0.0359482  -0.04609065  0.01228113
 -0.11487171 -0.0763602  -0.00256071  0.10058463 -0.00863898 -0.01691056
  0.01119974 -0.00709733 -0.02451751 -0.0535501  -0.00828212  0.0529481
  0.03233854  0.04211272]
law    [ 0.52977752 -0.30965202  0.05595507  0.04015988  0.00109529 -0.0913088
 -0.03550886 -0.04839084 -0.01556676 -0.11497223 -0.01286722  0.00276951
 -0.00078138  0.0359539   0.05938548 -0.04243362  0.00091942  0.00095491
 -0.01314939 -0.05333601  0.02670166  0.07627624  0.04503902  0.00083885
  0.00664575 -0.06791791 -0.02083874  0.00546129 -0.0719248  -0.01668297
 -0.01916013 -0.06594389 -0.02411636  0.02896325 -0.0606019  -0.00943719
 -0.05395791  0.07215392  0.02068092 -0.06515727  0.01983854  0.00343291
  0.03388145  0.03758867 -0.02047424 -0.03019611 -0.00599291  0.02593929
  0.00611239  0.0020497 ]
suspect    [ 7.00193422e-01 -2.50298549e-01  3.74517616e-02  4.27245935e-03
  2.29926286e-02 -1.34064184e-01 -1.40670651e-02 -1.36651837e-02
  3.05425489e-01  4.04477221e-02  4.32951380e-03  7.19872084e-02
 -1.34455921e-01 -5.53834599e-02  1.23431997e-01 -5.72379049e-02
 -8.83220088e-02 -4.99131288e-02 -1.58628466e-03  3.77051788e-02
 -9.26911715e-03 -5.15371512e-04  2.42572363e-02  1.78051610e-02
 -6.97026723e-02 -6.61613596e-02  2.80026871e-02  5.54215783e-02
 -8.74566023e-02  1.02063812e-01  4.83397299e-03 -4.95408713e-03
 -5.30088774e-02 -1.58264173e-01  4.49558705e-02  4.37635343e-02
 -4.89366299e-02 -1.40088900e-03  6.15868000e-03  3.12896720e-02
 -2.16415531e-02 -3.78716469e-02 -1.20549157e-03  1.65806017e-02
 -4.50605553e-02 -3.95915679e-02  6.67064607e-03 -3.45516247e-02
 -5.09660865e-02 -3.38008159e-02]
sick    [ 0.77069279 -0.16607205 -0.15089983 -0.1825586   0.02149897 -0.07871734
  0.18458097  0.13329509 -0.11790136  0.00853797  0.27522037 -0.12393913
 -0.01363239 -0.07534276 -0.03207771  0.09615893 -0.05628098 -0.0716164
  0.02181359  0.02336964 -0.02072352  0.00246735 -0.04219777 -0.05478038
  0.04970454  0.01740745 -0.02935027  0.02494642  0.03138446 -0.02281027
  0.02131822  0.00818553 -0.03362013 -0.02229194 -0.03430794  0.00314863
 -0.05659104 -0.00835726  0.011224   -0.00927881  0.00837053  0.01618595
  0.04323229 -0.00298031 -0.02730775  0.02407027  0.00340983  0.00951837
  0.00315335  0.02921063]
15    [ 3.71964309e-01 -1.16371113e-02 -2.51386860e-01  4.18010523e-01
  2.56680950e-01  4.38807385e-01  2.38422918e-01 -1.41187695e-02
 -1.07516780e-01  1.32681749e-02 -5.39633825e-02 -4.89304065e-02
 -2.65228413e-01 -1.08824756e-01  1.66137327e-02 -9.54473899e-02
  5.57887357e-02  8.10802057e-03 -8.82574363e-02 -3.47298440e-02
  6.17134317e-02  3.29694797e-02 -6.27701325e-02  2.76128032e-02
  1.78667843e-01 -1.22864968e-01 -5.57485415e-03 -1.05390595e-01
  1.33038911e-01  1.29649741e-01  3.20311992e-02 -1.26472862e-02
 -6.52185060e-02 -1.12418509e-01 -1.21017282e-02  9.57066573e-02
  4.83305971e-03  2.50972048e-02 -3.70049665e-03 -1.44062745e-02
  3.91156685e-02  3.38163646e-02  1.60855003e-03  8.69587431e-04
  4.44854236e-02 -3.81124654e-03  4.46546735e-02  4.17151652e-04
  2.13830995e-02  7.78651428e-02]
difference    [ 7.35754415e-01 -1.97959698e-03  3.42062612e-02 -6.13670526e-02
  1.13589967e-01 -2.48661005e-01  3.24404676e-01  3.98805750e-02
 -1.87684285e-02  9.62770205e-02  2.07887912e-01  6.11019543e-03
 -8.16510259e-02 -1.11317747e-01 -8.52218735e-02  3.96552939e-02
 -4.25625369e-03 -3.38151209e-02 -3.41598127e-02 -1.38130981e-02
  3.66548378e-03 -4.75056146e-02 -2.29873016e-02 -4.17411253e-03
 -1.63624353e-02  3.79588011e-02  7.98229513e-02 -8.15133458e-02
 -1.75181858e-02 -1.56624338e-02  2.66167142e-02  4.67322710e-02
 -3.77918739e-02  6.38098724e-04  3.66216882e-02 -1.12492649e-02
  7.58106124e-02 -2.42449621e-02 -4.90124294e-02  4.24052604e-02
 -2.10579530e-02 -1.83599241e-02  7.81085859e-02 -4.12013996e-03
  1.80961475e-02 -6.79099335e-03  3.84341326e-03 -3.34964169e-03
 -2.41604106e-02 -4.51908444e-02]
artist    [ 0.72231171 -0.088351    0.24256414  0.02357946  0.17432139 -0.19689668
  0.02919856 -0.03863329 -0.02151708 -0.0254999  -0.02487038  0.0742127
 -0.01838577  0.01424179 -0.04096219  0.01195293  0.06780748 -0.00145671
  0.08522693  0.01620396  0.00140375  0.00620814 -0.0526456  -0.05505155
 -0.01889448 -0.0051679  -0.11194229 -0.05583214  0.03779269  0.0310062
  0.02635985  0.05581176  0.01052216 -0.0744042   0.08170318 -0.00588682
  0.00733593  0.00263465 -0.00405932  0.05300518 -0.04050931  0.11907778
 -0.01622793  0.02636147  0.01531744 -0.04824598  0.02530039  0.09924213
 -0.04802077 -0.00857347]
awesome    [ 8.12304798e-01  1.68391317e-01 -8.54470766e-02 -1.66197771e-01
  1.26194258e-02  1.90527254e-01 -1.19535060e-01 -5.16435517e-02
 -3.41018534e-02  3.98468816e-02  1.60050470e-01 -3.18901269e-02
  1.49194165e-01  7.65178436e-02 -9.51460699e-02 -6.19462854e-02
  9.97820756e-02 -6.04379594e-02  3.58020250e-02  5.07989840e-02
  4.89688923e-02  7.52757243e-02 -2.99516142e-02  8.48528229e-03
 -2.71358212e-02 -2.15449039e-02 -4.13506645e-02 -6.20110983e-02
  4.48950347e-02 -2.65403181e-02  5.48395057e-02 -2.48663396e-02
 -1.68825012e-02  1.52804553e-02  1.76630516e-04 -6.56625791e-02
  4.08569084e-02  2.48689818e-02  2.55851406e-03  2.97128142e-02
  6.15221143e-04  4.94553351e-02  6.67717244e-02  6.59501986e-02
  4.80565865e-02 -1.40447301e-02 -4.94337155e-02  5.37941178e-02
 -2.73348752e-02 -2.79105649e-04]
count    [ 6.94488776e-01 -7.53555573e-02 -1.01971366e-01  5.31362975e-02
  1.52295237e-02  4.89914463e-02  9.71987839e-02 -1.16579302e-02
  2.92727968e-01 -1.05550804e-02 -3.49534170e-02  1.14964024e-01
  1.49075645e-01 -7.30934508e-02 -3.04908989e-03  2.33907385e-02
 -8.01614090e-02 -3.43610745e-02  2.83707319e-02 -2.70697763e-02
  1.35207453e-02  8.29410971e-02  8.82477638e-02  4.98901051e-03
 -7.35674144e-03  4.55805640e-02 -2.85484311e-02  6.94981995e-03
 -2.78289674e-02  4.41205924e-02 -7.16247755e-03 -1.10902756e-02
 -1.85605223e-02 -3.73759898e-03  7.45861062e-03  3.86656713e-05
  2.61073735e-02  7.77462728e-03 -2.91068347e-04 -1.43435644e-02
  4.82144239e-02  1.88236460e-02  1.53990497e-02  4.46762392e-02
  3.10906513e-02  2.24755560e-02 -1.03991868e-02  2.23349655e-02
  5.30885528e-02 -2.74561586e-02]
steve    [ 6.73760769e-01 -1.61676803e-01  7.89460165e-02 -6.14943414e-02
  1.19090966e-01  4.56623504e-02 -6.34481864e-02 -1.20648405e-01
 -3.28057012e-02  3.10460173e-02  6.53581414e-02  4.20808295e-02
  3.78982202e-02  1.49284850e-01 -8.44482741e-02 -6.45405521e-02
  2.97508707e-02  5.28023838e-02 -1.32505982e-02 -5.44433325e-02
  3.56442801e-02 -1.64899076e-02 -1.91864975e-02 -7.04997641e-02
 -4.10016241e-02 -3.32139963e-02  2.12040999e-02 -8.99390315e-02
 -1.23306449e-02  5.69553366e-02 -2.32490567e-02 -1.11908389e-02
  1.40922590e-02  3.32234107e-02 -2.15743382e-02  3.89256566e-02
 -2.37867496e-02 -1.54702051e-02 -3.47358640e-02 -5.40374901e-03
 -4.25280999e-02 -3.10852694e-02  2.03428515e-04  3.59416130e-02
 -3.30983169e-02 -9.70692015e-02 -5.24166399e-02 -4.04844817e-02
  6.54415399e-02 -7.29684200e-03]
somewhere    [ 0.73274812 -0.09831658 -0.12344196 -0.03993623 -0.07945332  0.01597179
 -0.01908123 -0.00318895 -0.14039166 -0.05552189 -0.11173554  0.02738993
  0.03690092  0.08345533  0.0266788  -0.11318873 -0.06504451  0.03388742
 -0.14361061 -0.01924934  0.00613166 -0.04536622  0.00494036  0.08823279
 -0.01248245  0.00689862  0.02035915 -0.02512046 -0.04864927  0.00278966
  0.05447895 -0.04481392 -0.14796796  0.04445654  0.03236059 -0.01790146
  0.01021434  0.05636631 -0.02087564  0.01939057  0.01233432 -0.06984531
 -0.13003302 -0.01864124  0.06887664  0.01029911  0.03859331  0.08307556
 -0.06847881 -0.057383  ]
honest    [ 0.83228446  0.00091829 -0.02136909 -0.12462981  0.01327385 -0.04424157
  0.04969373 -0.06498412 -0.03021799  0.04305713 -0.15524645 -0.10396738
 -0.07598075  0.05580436  0.01791375  0.06167246 -0.01631597 -0.02641713
  0.02493646  0.01334294 -0.11908437 -0.00635822  0.04872695  0.03473838
  0.04499535  0.00764197 -0.04100587 -0.03434177 -0.02696533 -0.03678029
 -0.03779028  0.02782146  0.0306864   0.01740937 -0.04990139  0.00346181
 -0.07442893 -0.00806581 -0.02377856 -0.01590358 -0.02565828 -0.01323137
 -0.00647054  0.02301617  0.03831141  0.03421     0.00420289 -0.03758127
  0.02141898  0.00133678]
smith    [ 0.75746537 -0.16744643  0.21971174  0.03726962  0.12034244  0.03137677
 -0.09834924 -0.1750459  -0.01908063 -0.06565575  0.08768767  0.05962132
  0.05012252  0.05679542 -0.05364583 -0.08112517 -0.00946381  0.0417781
  0.06156455 -0.04701902 -0.02111986 -0.00564443 -0.04303803 -0.01633896
 -0.00136215 -0.07225364 -0.02639328 -0.02735359  0.0707814  -0.03947986
 -0.01288262  0.05272114 -0.02386174  0.01333636 -0.00720577 -0.01913918
 -0.02608508  0.00650998  0.0136451  -0.03671469  0.00590813 -0.01057346
  0.02423691  0.01903012  0.0516578   0.04156385 -0.02340389 -0.02549052
  0.02723571 -0.00932698]
opportunity    [ 0.70942929 -0.14949453 -0.0364656  -0.04044657  0.23505164 -0.11039206
  0.18908192  0.01562181 -0.02571016 -0.13529842  0.10252415  0.01936327
 -0.02051076  0.25892827  0.07637835  0.13611664  0.06301528 -0.09378472
  0.04241546 -0.02218144 -0.07794227 -0.06595593  0.01516813 -0.00383252
 -0.02588845 -0.02611274  0.00657859 -0.0315996   0.07992577 -0.03186891
 -0.03789431 -0.08330313  0.04498923  0.00577153 -0.0268203  -0.00203739
  0.05293342 -0.05060708 -0.04533438  0.00998453  0.02717745  0.07471132
  0.05267083 -0.02185439 -0.05104221 -0.08628945 -0.03352536 -0.01148461
 -0.00317793  0.03325835]
jim    [ 0.7833882  -0.11822648  0.17001311 -0.03381227  0.16321981 -0.03143989
 -0.06971115 -0.00737524 -0.03834356  0.00434628  0.13577558  0.06654916
 -0.00445067  0.08849841 -0.05075913 -0.03052525 -0.05279869  0.05228369
  0.06347353 -0.03891471 -0.01236803  0.02365056 -0.09366673 -0.05938789
  0.00933033  0.01890754 -0.03381631 -0.09119798 -0.01336676  0.04521327
 -0.00175986 -0.023228    0.01380809  0.00914251 -0.02766225  0.00146224
 -0.06392187 -0.05278569 -0.00657752  0.0319778   0.01493401  0.0254812
  0.00820959  0.02792169 -0.05204675  0.01138542  0.01689007  0.04400043
  0.03725378  0.02105277]
50    [ 0.74361879  0.10459559 -0.21797421  0.31619882  0.21874232  0.19394417
  0.08781009 -0.00883653 -0.1104773   0.08083235 -0.07288361 -0.0497197
 -0.11577998 -0.06319877  0.00463547  0.00329098 -0.01572215 -0.01682633
 -0.0686673   0.0473494   0.04528717  0.02970554 -0.09752404 -0.00558865
 -0.01893859 -0.05587937  0.05606554 -0.06139928  0.02703983 -0.00663797
  0.00127244 -0.06528653 -0.00923515 -0.02663793 -0.01959566  0.00681326
  0.00681883 -0.00618181 -0.02412461 -0.00855771  0.01753049 -0.03885691
  0.01753428  0.01189383  0.01674171 -0.0088568   0.00577393  0.0076601
 -0.00611451 -0.01296912]
sign    [ 7.72984542e-01 -5.63544421e-02 -1.41810610e-02 -8.79064114e-02
  1.07804539e-01  2.62621158e-02 -7.49719071e-02 -3.55658975e-02
  5.00361196e-02 -4.41242054e-02 -7.25784349e-02  4.31966249e-02
  6.16073193e-03 -6.30176745e-02  1.53291195e-02  8.03233123e-03
  1.53952644e-01  3.89113721e-02 -6.63536493e-03 -8.60783456e-02
 -1.14920898e-01 -1.42270993e-02 -3.31758345e-04 -1.63860424e-01
  8.23092643e-02 -1.22246951e-01  3.74657768e-02  4.75073152e-02
 -9.43972335e-02 -8.29378722e-02  3.57276723e-02  4.33260381e-02
  5.88853839e-02 -2.10720747e-02  7.82399141e-02  6.04135118e-02
  2.54148464e-03 -1.89129507e-02 -1.06012264e-01 -7.17714601e-03
  4.49469502e-03 -6.50815289e-02 -1.02696607e-01  1.23541574e-02
  8.30496166e-02 -4.29459680e-02 -2.94363007e-02 -2.62457497e-02
 -1.93389362e-03  4.04450827e-02]
personality    [ 0.67692916 -0.1138899   0.34645054 -0.03018991 -0.09420259  0.11926566
  0.18223076 -0.19052751 -0.00260462  0.14053936  0.02529251 -0.05338039
  0.01104879  0.11571923  0.22287783  0.09416818  0.10164836  0.06435924
  0.02146703  0.05416355  0.05269907  0.01716714  0.01821741  0.01032958
 -0.06841046  0.02695723 -0.08320238  0.02832506 -0.03678048  0.04805089
  0.01349586  0.03828879 -0.0057577  -0.03198875  0.00946942 -0.067041
  0.02278785 -0.00510156  0.02211835  0.03228235 -0.02060775  0.03384903
  0.0343061  -0.01942592 -0.00589992 -0.00671592  0.04976201  0.00451243
 -0.03422146  0.00391772]
longer    [ 0.77978453 -0.02915056 -0.08474012  0.09330852 -0.00567946 -0.00145236
  0.16608505  0.03165403  0.06408342  0.02021915 -0.14773956  0.01182657
 -0.03318027  0.05198125 -0.07973111 -0.02577882  0.08065578  0.09607641
  0.00083739 -0.0244031   0.07852405  0.02668955  0.10383188 -0.00705715
  0.07665419 -0.1112986   0.00303055  0.04432176  0.06360358 -0.01955934
 -0.07538551  0.09682093 -0.15014034  0.04089796 -0.03136843  0.08640776
  0.08838883 -0.03109475  0.09944177  0.01599139  0.03075582 -0.00832408
 -0.07231664 -0.02485922  0.02185279 -0.02350199 -0.02071469 -0.01635509
 -0.01243149 -0.06670506]
genius    [ 7.71848790e-01 -1.06921155e-02  8.58662297e-02  4.86561847e-02
  1.13223633e-01 -1.21975626e-01 -5.50144736e-02 -8.19473997e-03
 -7.32232154e-03  5.86909017e-02 -4.01232550e-02 -2.38929388e-02
  2.54508135e-02  4.43683194e-02  5.21367272e-02 -5.88381953e-02
 -9.89873779e-03 -3.42746472e-03  6.29981342e-02 -5.70424665e-02
 -4.78402157e-03  5.88028045e-02  3.84005633e-02  3.15960581e-03
  7.40932704e-02 -4.95343570e-02 -7.83099702e-02  2.32663800e-02
  6.31910035e-02 -7.59580732e-02 -7.39628099e-03 -3.26085318e-02
  6.45186845e-02 -7.43816967e-03 -5.51689429e-02 -5.17219529e-02
  1.94680801e-02  8.26939868e-02 -2.28059689e-03  3.87865060e-02
  1.76046648e-02 -1.32044692e-02 -1.19764794e-02 -1.32349720e-04
 -1.85242929e-02 -6.08829368e-02 -9.24177149e-02  5.43084314e-02
 -3.05592344e-02  3.01830791e-02]
surprisingly    [ 0.67586658  0.14793314  0.21023522 -0.14415203  0.16381993  0.15804613
 -0.07175235  0.1059175   0.02020818 -0.17696537 -0.0792307   0.13808933
 -0.01763304 -0.0586443  -0.04664783  0.23231294  0.02787151  0.07656807
  0.01525984  0.05293837  0.00503923 -0.08602717 -0.08201645  0.07536342
 -0.01196651 -0.0628406   0.06464569 -0.05006942 -0.11938675 -0.04395895
  0.04597093  0.0816481   0.05071712 -0.04405126 -0.09956736  0.10335656
 -0.04804441 -0.01175916 -0.0040542  -0.03873309  0.05161647 -0.10656698
 -0.00126695 -0.00573526  0.10117224 -0.03135274 -0.03960549 -0.01935498
  0.01900514  0.05938226]
7    [ 0.52672677  0.0186491  -0.23277988  0.22959554  0.2571293   0.32546052
  0.08329898 -0.0440496  -0.12322378 -0.12689943  0.03035546 -0.09134284
 -0.13699611  0.00334114  0.09657397 -0.02177977  0.09874344 -0.06416402
  0.22558676 -0.0177853  -0.17087999  0.02004766  0.1434417   0.11396493
 -0.19980237  0.17081158 -0.03881329  0.00228508 -0.12352221 -0.02384767
 -0.09060494 -0.04850395  0.08278835  0.05315979  0.01469421  0.02568663
  0.02013781  0.01651563  0.02409936  0.0133487   0.01633314 -0.04229852
 -0.01310781 -0.0239146   0.00876525 -0.00453489 -0.02148878 -0.02183498
  0.0083084  -0.03838014]
drop    [ 7.61821488e-01 -1.78036749e-01 -4.09732731e-02  2.00022556e-02
 -5.76399830e-02 -4.19422449e-02  3.38486036e-02  4.46875342e-02
  1.88090692e-02  2.25370473e-03 -1.57987846e-02 -1.68192771e-02
 -6.05833869e-02 -3.88730946e-02  4.31403365e-02 -8.21395899e-02
 -1.79424849e-02 -3.72723882e-02  1.93964394e-02  9.61083888e-02
  4.39416357e-02 -4.10972981e-02  7.02085854e-02 -5.97111339e-02
 -1.46105177e-02 -3.01862944e-02  1.89063436e-02  7.44508780e-04
 -5.79474483e-02  1.93565559e-02 -2.62247981e-02  5.24056632e-04
 -2.03007463e-02  6.43272105e-02 -8.33405910e-03  1.08630264e-02
  4.76559718e-02 -5.98574718e-02 -8.75104135e-02 -3.95546622e-02
 -6.18118264e-03 -3.33090970e-02 -4.91991331e-04  9.85754199e-02
  1.45292323e-02  1.20604775e-02 -3.85376446e-02  2.04129273e-02
 -5.15665914e-02  4.89062657e-02]
generally    [ 0.79333009  0.16864359  0.09173386 -0.20153775  0.15855796  0.08635712
 -0.07072496  0.03485351 -0.05992989  0.01456014 -0.0970744   0.02537808
 -0.00552624 -0.06849008 -0.01725437  0.04019814 -0.01840094  0.02890375
 -0.05051266  0.02670757 -0.0648056  -0.08263576  0.02230873  0.05157022
  0.00258332 -0.01152652  0.03853191  0.01750495 -0.08611421  0.03273707
  0.00737668  0.02130375  0.07661718 -0.07097687 -0.01691419 -0.00454585
 -0.04275304  0.03096211  0.00338946 -0.05980667  0.05493498 -0.03684829
  0.01062464 -0.01405056  0.05235796 -0.04785099 -0.01466381 -0.02091755
 -0.04719695  0.03970353]
extra    [ 7.14940225e-01  4.47300273e-02  1.32329382e-02  9.50863485e-02
  8.20687718e-02  3.66524908e-02 -2.42647259e-04  8.00386321e-02
  5.72982404e-02 -1.20417576e-01  1.15482225e-02 -8.43877263e-02
 -4.13447278e-02  1.09012621e-01  3.94157045e-02  2.87256517e-02
  9.35560689e-02 -7.12359235e-02  3.93847171e-02 -1.37174676e-02
  8.05701432e-02 -1.02901521e-02  1.08690272e-01  4.79725143e-02
  2.99627002e-02  4.51606142e-02  3.48303609e-02 -3.29396132e-02
 -1.02977761e-01  8.64289335e-02  2.83452675e-02  2.05759862e-02
 -8.02677709e-02 -3.86584055e-02  2.23678070e-02  7.16659176e-03
  2.17786168e-02 -4.90563108e-02  1.01766896e-02  4.72184557e-03
 -4.53106844e-02  1.53804028e-01 -3.49666129e-02 -9.47993489e-02
  7.66101651e-02 -6.41659764e-02  2.76261239e-02 -6.72193577e-02
 -1.49617822e-02  4.68632229e-02]
